! Setting executable does not persist on exit.
→ Checking for Blimp Update...

ITERATION HISTORY:

  Chain 1 burn-in started on Aug 15 17:52:34 2026
  Chain 2 burn-in started on Aug 15 17:52:34 2026
  Chain 4 burn-in started on Aug 15 17:52:34 2026
  Chain 3 burn-in started on Aug 15 17:52:34 2026
  Chain 1 burn-in iteration 2500 completed on Aug 15 17:52:39 2026
  Chain 4 burn-in iteration 2500 completed on Aug 15 17:52:40 2026
  Chain 3 burn-in iteration 2500 completed on Aug 15 17:52:40 2026
  Chain 2 burn-in iteration 2500 completed on Aug 15 17:52:40 2026
  Chain 1 burn-in iteration 5000 completed on Aug 15 17:52:45 2026
  Chain 4 burn-in iteration 5000 completed on Aug 15 17:52:45 2026
  Chain 3 burn-in iteration 5000 completed on Aug 15 17:52:45 2026
  Chain 2 burn-in iteration 5000 completed on Aug 15 17:52:45 2026
  Chain 1 burn-in iteration 7500 completed on Aug 15 17:52:50 2026
  Chain 4 burn-in iteration 7500 completed on Aug 15 17:52:50 2026
  Chain 3 burn-in iteration 7500 completed on Aug 15 17:52:50 2026
  Chain 2 burn-in iteration 7500 completed on Aug 15 17:52:50 2026
  Chain 1 burn-in iteration 10000 completed on Aug 15 17:52:55 2026
  Chain 1 completed burn-in on Aug 15 17:52:55 2026
  Chain 4 burn-in iteration 10000 completed on Aug 15 17:52:55 2026
  Chain 4 completed burn-in on Aug 15 17:52:55 2026
  Chain 2 burn-in iteration 10000 completed on Aug 15 17:52:55 2026
  Chain 2 completed burn-in on Aug 15 17:52:55 2026
  Chain 3 burn-in iteration 10000 completed on Aug 15 17:52:55 2026
  Chain 3 completed burn-in on Aug 15 17:52:55 2026
  Chain 1 completed iteration 625 on Aug 15 17:52:58 2026
  Chain 4 completed iteration 625 on Aug 15 17:52:58 2026
  Chain 2 completed iteration 625 on Aug 15 17:52:58 2026
  Chain 3 completed iteration 625 on Aug 15 17:52:58 2026
  Chain 1 completed iteration 1250 on Aug 15 17:53:00 2026
  Chain 2 completed iteration 1250 on Aug 15 17:53:00 2026
  Chain 4 completed iteration 1250 on Aug 15 17:53:00 2026
  Chain 3 completed iteration 1250 on Aug 15 17:53:00 2026
  Chain 1 completed iteration 1875 on Aug 15 17:53:03 2026
  Chain 4 completed iteration 1875 on Aug 15 17:53:03 2026
  Chain 2 completed iteration 1875 on Aug 15 17:53:03 2026
  Chain 3 completed iteration 1875 on Aug 15 17:53:03 2026
  Chain 1 completed iteration 2500 on Aug 15 17:53:05 2026
  Chain 1 finished on Aug 15 17:53:05 2026
  Chain 2 completed iteration 2500 on Aug 15 17:53:05 2026
  Chain 2 finished on Aug 15 17:53:05 2026
  Chain 4 completed iteration 2500 on Aug 15 17:53:05 2026
  Chain 4 finished on Aug 15 17:53:05 2026
  Chain 3 completed iteration 2500 on Aug 15 17:53:05 2026
  Chain 3 finished on Aug 15 17:53:05 2026


---------------------------------------------------------------------------

                                   Blimp
                                 4.1.0.b11

             Blimp was developed with funding from Institute of
           Education Sciences awards R305D150056 and R305D190002.

            Craig K. Enders, P.I. Email: cenders@psych.ucla.edu
           Brian T. Keller, Co-P.I. Email: btkeller@missouri.edu
                 Han Du, Co-P.I. Email: hdu@psych.ucla.edu
                 Roy Levy, Co-P.I. Email: roy.levy@asu.edu

              Programming and Blimp Studio by Brian T. Keller

                   There is no expressed license given.

---------------------------------------------------------------------------


ALGORITHMIC OPTIONS SPECIFIED:

  Imputation method:                 Fully Bayesian model-based
  MCMC algorithm:                    Full conditional Metropolis sampler with
                                       Auto-Derived Conditional Distributions
  Default Priors:
    Multilevel covariance matrices:  Not applicable, single-level imputation
    Outcome covariance matrices:     Zero matrix, df = -(p + 1) (PRIOR2)
    Predictor model variances:       Unit sum of squares, df = 2 (XPRIOR1)
  Chain Starting Values:             Random starting values


  NOTE: For complete list of priors include 'pinfo' in the options.


BURN-IN POTENTIAL SCALE REDUCTION (PSR) OUTPUT:

  NOTE: Rank-normalized Rhat (Vehtari et al., 2021) is being used.
        This applies rank normalization and chain folding for robust
        convergence detection across all chains.

  Comparing iterations across 4 chains     Highest Rhat   Parameter #  
                          251 to 500             1.131            15  
                          501 to 1000            1.116            55  
                          751 to 1500            1.048            16  
                         1001 to 2000            1.034            24  
                         1251 to 2500            1.024            37  
                         1501 to 3000            1.025            25  
                         1751 to 3500            1.012            10  
                         2001 to 4000            1.015            10  
                         2251 to 4500            1.009            26  
                         2501 to 5000            1.008            26  
                         2751 to 5500            1.008            10  
                         3001 to 6000            1.006            47  
                         3251 to 6500            1.010            26  
                         3501 to 7000            1.008            46  
                         3751 to 7500            1.012             9  
                         4001 to 8000            1.008            10  
                         4251 to 8500            1.007            24  
                         4501 to 9000            1.007            35  
                         4751 to 9500            1.006            24  
                         5001 to 10000           1.007             9  


DATA INFORMATION:

  Sample Size:              1508
  Missing Data Info:

                      Pattern #:       1     2     3     4
                          miss % --------------------------
                  anxdep1 =  0.0       -     -     -     -  
                  anxdep2 =  8.0       -     -     M     -  
                  anxdep3 = 16.0       -     -     M     M  
                  anxdep4 = 25.0       -     M     M     M  
                  lonely1 =  0.0       -     -     -     -  
                  lonely2 =  8.0       -     -     M     -  
                  lonely3 = 16.0       -     -     M     M  
                  lonely4 = 25.0       -     M     M     M  
                                 --------------------------
                                 %  75.0   9.0   8.0   8.0


MODEL INFORMATION:

  NUMBER OF PARAMETERS
    Outcome Models:         35
    Predictor Models:       0

  FACTORS
    Level-1:                anxdep lonely

  DEFINED VARIABLES
    [1]  anxdep1w = anxdep1 - (a01 + anxdep) 
    [2]  anxdep2w = anxdep2 - (a02 + anxdep) 
    [3]  anxdep3w = anxdep3 - (a03 + anxdep) 
    [4]  lonely1w = lonely1 - (b01 + lonely) 
    [5]  lonely2w = lonely2 - (b02 + lonely) 
    [6]  lonely3w = lonely3 - (b03 + lonely) 

  MODELS

   between.person:
    [1]  anxdep ~ Intercept@0
    [2]  lonely ~ Intercept@0
    [3]  anxdep <-> lonely

   within.person:
    [4]  anxdep1 ~ Intercept@a01 anxdep@1
    [5]  anxdep2 ~ Intercept@a02 anxdep@1 anxdep1w@a12 lonely1w@a22
    [6]  anxdep3 ~ Intercept@a03 anxdep@1 anxdep2w@a13 lonely2w@a23
    [7]  anxdep4 ~ Intercept@a04 anxdep@1 anxdep3w@a14 lonely3w@a24
    [8]  lonely1 ~ Intercept@b01 lonely@1
    [9]  lonely2 ~ Intercept@b02 lonely@1 lonely1w@b12 anxdep1w@b22
   [10]  lonely3 ~ Intercept@b03 lonely@1 lonely2w@b13 anxdep2w@b23
   [11]  lonely4 ~ Intercept@b04 lonely@1 lonely3w@b14 anxdep3w@b24
   [12]  anxdep1 <-> lonely1
   [13]  anxdep2 <-> lonely2
   [14]  anxdep3 <-> lonely3
   [15]  anxdep4 <-> lonely4


 WARNING MESSAGES:

  No warning messages.


MODEL FIT:


  INFORMATION CRITERIA

    Conditional Likelihood
      DIC2                  21639.573
      WAIC                  23375.602

  WALD TESTS (Asparouhov & Muthén, 2021)

  Test #1

    Full:
      [1]  anxdep2 ~ Intercept@a02 anxdep@1 anxdep1w@a12 lonely1w@a22
      [2]  anxdep3 ~ Intercept@a03 anxdep@1 anxdep2w@a13 lonely2w@a23
      [3]  anxdep4 ~ Intercept@a04 anxdep@1 anxdep3w@a14 lonely3w@a24
      [4]  lonely2 ~ Intercept@b02 lonely@1 lonely1w@b12 anxdep1w@b22
      [5]  lonely3 ~ Intercept@b03 lonely@1 lonely2w@b13 anxdep2w@b23
      [6]  lonely4 ~ Intercept@b04 lonely@1 lonely3w@b14 anxdep3w@b24

    Restricted:
      [1]  anxdep2 ~ Intercept@a02 anxdep@1 anxdep1w@a12 lonely1w@a22
      [2]  anxdep3 ~ Intercept@a03 anxdep@1 anxdep2w@a13 lonely2w@a23
      [3]  anxdep4 ~ Intercept@a04 anxdep@1 anxdep3w@a14 lonely3w@a24
      [4]  lonely2 ~ Intercept@b02 lonely@1 lonely1w@b12 anxdep1w@b22
      [5]  lonely3 ~ Intercept@b03 lonely@1 lonely2w@b13 anxdep2w@b23
      [6]  lonely4 ~ Intercept@b04 lonely@1 lonely3w@b14 anxdep3w@b24

    Constraints in Restricted:
      [1]  a12 = a13
      [2]  a13 = a14
      [3]  a22 = a23
      [4]  a23 = a24
      [5]  b12 = b13
      [6]  b13 = b14
      [7]  b22 = b23
      [8]  b23 = b24


    Wald Statistic (Chi-Square)                11.438
    Number of Parameters Tested (df)                8
    Probability                                 0.178


IMPUTED DATA SUMMARIES:

  NOTE: Imputed data summaries are averaged across 10000 data sets.


Variables                              Mean     StdDev        25%        50%        75%        Min        Max 
                                ------------------------------------------------------------------------------

  anxdep                             -0.000      0.460     -0.323     -0.018      0.304     -1.350      1.688 
  lonely                             -0.000      0.502     -0.350     -0.009      0.337     -1.499      1.779 
  anxdep1                             1.882      0.696      1.250      1.750      2.250      1.000      5.000 
  anxdep2                             1.975      0.737      1.452      2.000      2.500      0.254      4.753 
  anxdep3                             2.047      0.748      1.500      2.000      2.501      0.051      4.539 
  anxdep4                             2.154      0.751      1.529      2.095      2.738      0.055      5.008 
  lonely1                             2.205      0.730      1.750      2.250      2.750      1.000      4.500 
  lonely2                             2.258      0.738      1.750      2.250      2.750      0.467      5.004 
  lonely3                             2.347      0.759      1.750      2.263      2.773      0.308      5.016 
  lonely4                             2.355      0.779      1.750      2.261      2.871      0.103      5.031 

                                ------------------------------------------------------------------------------



CORRELATIONS AMONG RESIDUALS:

  Summaries based on 10000 iterations using 4 chains.
  NOTE: Estimate column based on posterior median.


Correlations                       Estimate     StdDev       2.5%      97.5%      ChiSq     PValue      N_Eff 
                                ------------------------------------------------------------------------------

  anxdep, anxdep1                    -0.015      0.037     -0.086      0.058      0.146      0.703   3288.036 
  anxdep, anxdep2                     0.031      0.035     -0.038      0.099      0.754      0.385   3574.957 
  anxdep, anxdep3                    -0.031      0.036     -0.101      0.039      0.780      0.377   3606.917 
  anxdep, anxdep4                     0.014      0.035     -0.055      0.083      0.158      0.691   5049.663 
  anxdep, lonely1                    -0.024      0.036     -0.095      0.046      0.464      0.496   4426.093 
  anxdep, lonely2                     0.037      0.036     -0.034      0.107      1.099      0.294   4068.469 
  anxdep, lonely3                     0.009      0.035     -0.061      0.075      0.059      0.808   5037.878 
  anxdep, lonely4                    -0.014      0.035     -0.084      0.055      0.171      0.679   3764.910 
  lonely, anxdep1                    -0.001      0.036     -0.072      0.071      0.000      0.987   4545.422 
  lonely, anxdep2                     0.018      0.035     -0.050      0.085      0.246      0.620   4228.949 
  lonely, anxdep3                    -0.056      0.035     -0.125      0.013      2.509      0.113   3980.755 
  lonely, anxdep4                     0.033      0.035     -0.034      0.101      0.916      0.339   5843.630 
  lonely, lonely1                    -0.009      0.036     -0.081      0.061      0.067      0.796   4123.637 
  lonely, lonely2                     0.015      0.035     -0.053      0.083      0.191      0.662   3853.491 
  lonely, lonely3                    -0.003      0.035     -0.072      0.066      0.008      0.930   4319.141 
  lonely, lonely4                    -0.008      0.036     -0.079      0.064      0.049      0.825   2834.283 
  anxdep1, anxdep2                    0.000      0.036     -0.072      0.071      0.000      0.998   7847.987 
  anxdep1, anxdep3                   -0.012      0.033     -0.077      0.055      0.122      0.727   3528.967 
  anxdep1, anxdep4                   -0.014      0.035     -0.080      0.054      0.157      0.692   2516.244 
  anxdep1, lonely2                   -0.001      0.036     -0.071      0.070      0.000      0.986   8393.083 
  anxdep1, lonely3                    0.039      0.033     -0.026      0.105      1.429      0.232   3286.791 
  anxdep1, lonely4                   -0.039      0.034     -0.104      0.029      1.282      0.258   3889.560 
  anxdep2, anxdep3                    0.014      0.036     -0.055      0.084      0.143      0.705   4674.459 
  anxdep2, anxdep4                    0.052      0.032     -0.011      0.115      2.620      0.106   5468.427 
  anxdep2, lonely1                    0.000      0.037     -0.071      0.071      0.000      0.997   8261.952 
  anxdep2, lonely3                   -0.014      0.036     -0.086      0.055      0.166      0.684   4517.696 
  anxdep2, lonely4                    0.050      0.032     -0.014      0.113      2.399      0.121   6294.500 
  anxdep3, anxdep4                   -0.028      0.036     -0.098      0.043      0.583      0.445   4197.798 
  anxdep3, lonely1                   -0.077      0.033     -0.141     -0.012      5.575      0.018   3988.749 
  anxdep3, lonely2                    0.032      0.036     -0.039      0.103      0.769      0.381   5245.737 
  anxdep3, lonely4                   -0.017      0.036     -0.087      0.053      0.219      0.640   5013.752 
  anxdep4, lonely1                    0.023      0.034     -0.042      0.090      0.474      0.491   3528.924 
  anxdep4, lonely2                    0.055      0.032     -0.008      0.117      2.914      0.088   7015.683 
  anxdep4, lonely3                   -0.033      0.036     -0.102      0.040      0.791      0.374   4626.134 
  lonely1, lonely2                    0.000      0.036     -0.070      0.070      0.000      0.994   8597.307 
  lonely1, lonely3                   -0.007      0.034     -0.074      0.059      0.049      0.825   2760.675 
  lonely1, lonely4                   -0.009      0.034     -0.075      0.058      0.062      0.804   3409.999 
  lonely2, lonely3                    0.001      0.036     -0.070      0.072      0.001      0.981   4522.837 
  lonely2, lonely4                    0.030      0.032     -0.033      0.093      0.845      0.358   4748.898 
  lonely3, lonely4                   -0.016      0.036     -0.086      0.055      0.186      0.666   5009.736 

                                ------------------------------------------------------------------------------



OUTCOME MODEL ESTIMATES:

  Summaries based on 10000 iterations using 4 chains.
  NOTE: Estimate column based on posterior median.

  between.person block:

Latent Variable:   anxdep     

Parameters                         Estimate     StdDev       2.5%      97.5%      ChiSq     PValue      N_Eff 
                                ------------------------------------------------------------------------------
Variances:                      
  Residual Var.                       0.213      0.020      0.174      0.252        ---        ---    491.184 

Standard Deviations:            
  Residual SD                         0.462      0.022      0.417      0.502        ---        ---    490.370 

Proportion Variance Explained   
  by Coefficients                     0.000      0.000      0.000      0.000        ---        ---        --- 
  by Residual Variation               1.000      0.000      1.000      1.000        ---        ---        --- 

                                ------------------------------------------------------------------------------



Latent Variable:   lonely     

Parameters                         Estimate     StdDev       2.5%      97.5%      ChiSq     PValue      N_Eff 
                                ------------------------------------------------------------------------------
Variances:                      
  Residual Var.                       0.254      0.020      0.212      0.292        ---        ---    514.976 

Standard Deviations:            
  Residual SD                         0.504      0.021      0.461      0.541        ---        ---    510.417 

Proportion Variance Explained   
  by Coefficients                     0.000      0.000      0.000      0.000        ---        ---        --- 
  by Residual Variation               1.000      0.000      1.000      1.000        ---        ---        --- 

                                ------------------------------------------------------------------------------



Covariance Matrix: anxdep lonely

Parameters                         Estimate     StdDev       2.5%      97.5%      ChiSq     PValue      N_Eff 
                                ------------------------------------------------------------------------------
Covariances:                    
  Cov(anxdep,lonely)                  0.159      0.017      0.123      0.192     83.832      0.000    483.419 

Correlations:                   
  Cor(anxdep,lonely)                  0.684      0.035      0.611      0.748    391.179      0.000    561.211 

                                ------------------------------------------------------------------------------


  within.person block:

Outcome Variable:  anxdep1    

Parameters                         Estimate     StdDev       2.5%      97.5%      ChiSq     PValue      N_Eff 
                                ------------------------------------------------------------------------------
Variances:                      
  Residual Var.                       0.279      0.020      0.241      0.320        ---        ---    606.714 

Coefficients:                   
  Intercept                           1.882      0.018      1.848      1.919  10836.330      0.000   1260.230 
  anxdep                            @ 1.000        ---        ---        ---        ---        ---        --- 

Standard Deviations:            
  Residual SD                         0.528      0.019      0.491      0.566        ---        ---    605.629 

Standardized Coefficients:      
  anxdep                              0.658      0.027      0.600      0.705    590.881      0.000    440.214 

Proportion Variance Explained   
  by Coefficients                     0.432      0.035      0.360      0.499        ---        ---    439.399 
  by Residual Variation               0.568      0.035      0.501      0.640        ---        ---    439.399 

                                ------------------------------------------------------------------------------



Outcome Variable:  anxdep2    

Parameters                         Estimate     StdDev       2.5%      97.5%      ChiSq     PValue      N_Eff 
                                ------------------------------------------------------------------------------
Variances:                      
  Residual Var.                       0.265      0.014      0.239      0.291        ---        ---   1041.572 

Coefficients:                   
  Intercept                           1.976      0.019      1.938      2.013  10624.177      0.000    997.662 
  anxdep                            @ 1.000        ---        ---        ---        ---        ---        --- 
  anxdep1w                            0.367      0.049      0.270      0.464     55.063      0.000    626.152 
  lonely1w                            0.135      0.044      0.050      0.221      9.587      0.002    897.906 

Standard Deviations:            
  Residual SD                         0.515      0.013      0.489      0.540        ---        ---   1039.268 

Standardized Coefficients:      
  anxdep                              0.633      0.030      0.572      0.688    450.952      0.000    433.477 
  anxdep1w                            0.266      0.039      0.191      0.343     45.804      0.000    552.403 
  lonely1w                            0.099      0.033      0.036      0.166      9.068      0.003    820.933 

Proportion Variance Explained   
  by Coefficients                     0.500      0.016      0.469      0.532        ---        ---    963.356 
  by Residual Variation               0.500      0.016      0.468      0.531        ---        ---    963.356 

                                ------------------------------------------------------------------------------



Outcome Variable:  anxdep3    

Parameters                         Estimate     StdDev       2.5%      97.5%      ChiSq     PValue      N_Eff 
                                ------------------------------------------------------------------------------
Variances:                      
  Residual Var.                       0.287      0.014      0.261      0.315        ---        ---   1860.062 

Coefficients:                   
  Intercept                           2.048      0.021      2.007      2.088   9948.517      0.000    966.850 
  anxdep                            @ 1.000        ---        ---        ---        ---        ---        --- 
  anxdep2w                            0.413      0.044      0.325      0.498     87.250      0.000    823.822 
  lonely2w                            0.109      0.046      0.018      0.198      5.578      0.018   1088.442 

Standard Deviations:            
  Residual SD                         0.536      0.013      0.511      0.561        ---        ---   1853.760 

Standardized Coefficients:      
  anxdep                              0.606      0.026      0.551      0.653    534.814      0.000    459.170 
  anxdep2w                            0.308      0.038      0.234      0.383     66.805      0.000    625.123 
  lonely2w                            0.076      0.033      0.012      0.142      5.412      0.020    969.749 

Proportion Variance Explained   
  by Coefficients                     0.503      0.015      0.472      0.533        ---        ---   1392.721 
  by Residual Variation               0.497      0.015      0.467      0.528        ---        ---   1392.721 

                                ------------------------------------------------------------------------------



Outcome Variable:  anxdep4    

Parameters                         Estimate     StdDev       2.5%      97.5%      ChiSq     PValue      N_Eff 
                                ------------------------------------------------------------------------------
Variances:                      
  Residual Var.                       0.261      0.013      0.237      0.287        ---        ---   2495.969 

Coefficients:                   
  Intercept                           2.154      0.021      2.113      2.197  10396.798      0.000   1065.656 
  anxdep                            @ 1.000        ---        ---        ---        ---        ---        --- 
  anxdep3w                            0.361      0.043      0.277      0.444     71.992      0.000   1117.641 
  lonely3w                            0.197      0.045      0.107      0.282     19.397      0.000   1245.453 

Standard Deviations:            
  Residual SD                         0.510      0.013      0.486      0.536        ---        ---   2489.370 

Standardized Coefficients:      
  anxdep                              0.617      0.026      0.563      0.663    557.423      0.000    483.691 
  anxdep3w                            0.289      0.037      0.217      0.363     60.541      0.000    813.820 
  lonely3w                            0.149      0.035      0.079      0.218     18.181      0.000    927.892 

Proportion Variance Explained   
  by Coefficients                     0.534      0.016      0.500      0.564        ---        ---   1378.320 
  by Residual Variation               0.466      0.016      0.436      0.500        ---        ---   1378.320 

                                ------------------------------------------------------------------------------



Outcome Variable:  lonely1    

Parameters                         Estimate     StdDev       2.5%      97.5%      ChiSq     PValue      N_Eff 
                                ------------------------------------------------------------------------------
Variances:                      
  Residual Var.                       0.286      0.021      0.248      0.331        ---        ---    640.831 

Coefficients:                   
  Intercept                           2.204      0.019      2.167      2.242  13457.039      0.000   1165.753 
  lonely                            @ 1.000        ---        ---        ---        ---        ---        --- 

Standard Deviations:            
  Residual SD                         0.535      0.020      0.498      0.575        ---        ---    642.822 

Standardized Coefficients:      
  lonely                              0.686      0.024      0.630      0.727    799.735      0.000    450.237 

Proportion Variance Explained   
  by Coefficients                     0.470      0.033      0.397      0.528        ---        ---    452.020 
  by Residual Variation               0.530      0.033      0.472      0.603        ---        ---    452.020 

                                ------------------------------------------------------------------------------



Outcome Variable:  lonely2    

Parameters                         Estimate     StdDev       2.5%      97.5%      ChiSq     PValue      N_Eff 
                                ------------------------------------------------------------------------------
Variances:                      
  Residual Var.                       0.242      0.013      0.217      0.269        ---        ---    917.822 

Coefficients:                   
  Intercept                           2.259      0.020      2.220      2.297  13265.794      0.000    986.480 
  lonely                            @ 1.000        ---        ---        ---        ---        ---        --- 
  lonely1w                            0.376      0.047      0.284      0.467     64.031      0.000    683.623 
  anxdep1w                            0.034      0.045     -0.055      0.120      0.538      0.463    747.288 

Standard Deviations:            
  Residual SD                         0.491      0.014      0.466      0.518        ---        ---    916.720 

Standardized Coefficients:      
  lonely                              0.687      0.027      0.626      0.732    643.119      0.000    440.195 
  lonely1w                            0.274      0.039      0.200      0.352     49.405      0.000    586.663 
  anxdep1w                            0.024      0.033     -0.038      0.088      0.548      0.459    733.740 

Proportion Variance Explained   
  by Coefficients                     0.551      0.017      0.518      0.583        ---        ---    728.120 
  by Residual Variation               0.449      0.017      0.417      0.482        ---        ---    728.120 

                                ------------------------------------------------------------------------------



Outcome Variable:  lonely3    

Parameters                         Estimate     StdDev       2.5%      97.5%      ChiSq     PValue      N_Eff 
                                ------------------------------------------------------------------------------
Variances:                      
  Residual Var.                       0.256      0.013      0.232      0.282        ---        ---   1932.669 

Coefficients:                   
  Intercept                           2.347      0.021      2.306      2.387  12996.938      0.000    941.188 
  lonely                            @ 1.000        ---        ---        ---        ---        ---        --- 
  lonely2w                            0.408      0.047      0.315      0.498     74.222      0.000    747.902 
  anxdep2w                            0.115      0.040      0.038      0.194      8.375      0.004   1034.029 

Standard Deviations:            
  Residual SD                         0.506      0.012      0.482      0.531        ---        ---   1919.208 

Standardized Coefficients:      
  lonely                              0.662      0.025      0.606      0.704    719.787      0.000    462.906 
  lonely2w                            0.286      0.039      0.213      0.364     55.250      0.000    556.213 
  anxdep2w                            0.085      0.031      0.028      0.146      7.915      0.005    919.437 

Proportion Variance Explained   
  by Coefficients                     0.558      0.014      0.529      0.585        ---        ---   1407.663 
  by Residual Variation               0.442      0.014      0.415      0.471        ---        ---   1407.663 

                                ------------------------------------------------------------------------------



Outcome Variable:  lonely4    

Parameters                         Estimate     StdDev       2.5%      97.5%      ChiSq     PValue      N_Eff 
                                ------------------------------------------------------------------------------
Variances:                      
  Residual Var.                       0.305      0.015      0.275      0.336        ---        ---   2632.613 

Coefficients:                   
  Intercept                           2.355      0.022      2.312      2.399  11274.165      0.000   1084.265 
  lonely                            @ 1.000        ---        ---        ---        ---        ---        --- 
  lonely3w                            0.337      0.049      0.242      0.434     47.066      0.000   1311.953 
  anxdep3w                            0.119      0.044      0.032      0.206      7.200      0.007   1496.298 

Standard Deviations:            
  Residual SD                         0.552      0.014      0.525      0.580        ---        ---   2628.795 

Standardized Coefficients:      
  lonely                              0.643      0.022      0.594      0.679    868.237      0.000    563.083 
  lonely3w                            0.244      0.039      0.172      0.322     40.388      0.000    885.777 
  anxdep3w                            0.091      0.035      0.024      0.160      6.962      0.008   1375.327 

Proportion Variance Explained   
  by Coefficients                     0.503      0.016      0.471      0.533        ---        ---   1416.109 
  by Residual Variation               0.497      0.016      0.467      0.529        ---        ---   1416.109 

                                ------------------------------------------------------------------------------



Covariance Matrix: anxdep1 lonely1

Parameters                         Estimate     StdDev       2.5%      97.5%      ChiSq     PValue      N_Eff 
                                ------------------------------------------------------------------------------
Covariances:                    
  Cov(anxdep1,lonely1)                0.129      0.017      0.098      0.165     57.965      0.000    571.895 

Correlations:                   
  Cor(anxdep1,lonely1)                0.458      0.038      0.379      0.529    143.363      0.000    706.036 

                                ------------------------------------------------------------------------------



Covariance Matrix: anxdep2 lonely2

Parameters                         Estimate     StdDev       2.5%      97.5%      ChiSq     PValue      N_Eff 
                                ------------------------------------------------------------------------------
Covariances:                    
  Cov(anxdep2,lonely2)                0.113      0.010      0.093      0.134    116.512      0.000    832.992 

Correlations:                   
  Cor(anxdep2,lonely2)                0.447      0.030      0.387      0.503    227.834      0.000   1008.609 

                                ------------------------------------------------------------------------------



Covariance Matrix: anxdep3 lonely3

Parameters                         Estimate     StdDev       2.5%      97.5%      ChiSq     PValue      N_Eff 
                                ------------------------------------------------------------------------------
Covariances:                    
  Cov(anxdep3,lonely3)                0.139      0.010      0.119      0.160    176.969      0.000   1877.422 

Correlations:                   
  Cor(anxdep3,lonely3)                0.512      0.026      0.459      0.562    377.333      0.000   1749.810 

                                ------------------------------------------------------------------------------



Covariance Matrix: anxdep4 lonely4

Parameters                         Estimate     StdDev       2.5%      97.5%      ChiSq     PValue      N_Eff 
                                ------------------------------------------------------------------------------
Covariances:                    
  Cov(anxdep4,lonely4)                0.120      0.011      0.100      0.142    130.636      0.000   2690.306 

Correlations:                   
  Cor(anxdep4,lonely4)                0.427      0.029      0.368      0.482    221.732      0.000   2517.918 

                                ------------------------------------------------------------------------------




ITERATION HISTORY:

  Chain 3 burn-in started on Aug 15 17:53:18 2026
  Chain 1 burn-in started on Aug 15 17:53:18 2026
  Chain 2 burn-in started on Aug 15 17:53:18 2026
  Chain 4 burn-in started on Aug 15 17:53:18 2026
  Chain 2 burn-in iteration 2500 completed on Aug 15 17:53:24 2026
  Chain 3 burn-in iteration 2500 completed on Aug 15 17:53:24 2026
  Chain 1 burn-in iteration 2500 completed on Aug 15 17:53:24 2026
  Chain 4 burn-in iteration 2500 completed on Aug 15 17:53:24 2026
  Chain 3 burn-in iteration 5000 completed on Aug 15 17:53:30 2026
  Chain 4 burn-in iteration 5000 completed on Aug 15 17:53:30 2026
  Chain 2 burn-in iteration 5000 completed on Aug 15 17:53:30 2026
  Chain 1 burn-in iteration 5000 completed on Aug 15 17:53:30 2026
  Chain 3 burn-in iteration 7500 completed on Aug 15 17:53:36 2026
  Chain 2 burn-in iteration 7500 completed on Aug 15 17:53:36 2026
  Chain 4 burn-in iteration 7500 completed on Aug 15 17:53:36 2026
  Chain 1 burn-in iteration 7500 completed on Aug 15 17:53:36 2026
  Chain 3 burn-in iteration 10000 completed on Aug 15 17:53:41 2026
  Chain 3 completed burn-in on Aug 15 17:53:41 2026
  Chain 2 burn-in iteration 10000 completed on Aug 15 17:53:41 2026
  Chain 2 completed burn-in on Aug 15 17:53:41 2026
  Chain 4 burn-in iteration 10000 completed on Aug 15 17:53:41 2026
  Chain 4 completed burn-in on Aug 15 17:53:41 2026
  Chain 1 burn-in iteration 10000 completed on Aug 15 17:53:41 2026
  Chain 1 completed burn-in on Aug 15 17:53:41 2026
  Chain 2 completed iteration 625 on Aug 15 17:53:44 2026
  Chain 3 completed iteration 625 on Aug 15 17:53:44 2026
  Chain 4 completed iteration 625 on Aug 15 17:53:44 2026
  Chain 1 completed iteration 625 on Aug 15 17:53:44 2026
  Chain 2 completed iteration 1250 on Aug 15 17:53:47 2026
  Chain 4 completed iteration 1250 on Aug 15 17:53:47 2026
  Chain 3 completed iteration 1250 on Aug 15 17:53:47 2026
  Chain 1 completed iteration 1250 on Aug 15 17:53:47 2026
  Chain 2 completed iteration 1875 on Aug 15 17:53:50 2026
  Chain 3 completed iteration 1875 on Aug 15 17:53:50 2026
  Chain 4 completed iteration 1875 on Aug 15 17:53:50 2026
  Chain 1 completed iteration 1875 on Aug 15 17:53:50 2026
  Chain 2 completed iteration 2500 on Aug 15 17:53:52 2026
  Chain 2 finished on Aug 15 17:53:52 2026
  Chain 4 completed iteration 2500 on Aug 15 17:53:52 2026
  Chain 4 finished on Aug 15 17:53:52 2026
  Chain 3 completed iteration 2500 on Aug 15 17:53:53 2026
  Chain 3 finished on Aug 15 17:53:53 2026
  Chain 1 completed iteration 2500 on Aug 15 17:53:53 2026
  Chain 1 finished on Aug 15 17:53:53 2026


---------------------------------------------------------------------------

                                   Blimp
                                 4.1.0.b11

             Blimp was developed with funding from Institute of
           Education Sciences awards R305D150056 and R305D190002.

            Craig K. Enders, P.I. Email: cenders@psych.ucla.edu
           Brian T. Keller, Co-P.I. Email: btkeller@missouri.edu
                 Han Du, Co-P.I. Email: hdu@psych.ucla.edu
                 Roy Levy, Co-P.I. Email: roy.levy@asu.edu

              Programming and Blimp Studio by Brian T. Keller

                   There is no expressed license given.

---------------------------------------------------------------------------


ALGORITHMIC OPTIONS SPECIFIED:

  Imputation method:                 Fully Bayesian model-based
  MCMC algorithm:                    Full conditional Metropolis sampler with
                                       Auto-Derived Conditional Distributions
  Default Priors:
    Multilevel covariance matrices:  Not applicable, single-level imputation
    Outcome covariance matrices:     Zero matrix, df = -(p + 1) (PRIOR2)
    Predictor model variances:       Unit sum of squares, df = 2 (XPRIOR1)
  Chain Starting Values:             Random starting values


  NOTE: For complete list of priors include 'pinfo' in the options.


BURN-IN POTENTIAL SCALE REDUCTION (PSR) OUTPUT:

  NOTE: Rank-normalized Rhat (Vehtari et al., 2021) is being used.
        This applies rank normalization and chain folding for robust
        convergence detection across all chains.

  Comparing iterations across 4 chains     Highest Rhat   Parameter #  
                          251 to 500             1.163            76  
                          501 to 1000            1.044             9  
                          751 to 1500            1.039            24  
                         1001 to 2000            1.020            24  
                         1251 to 2500            1.025            25  
                         1501 to 3000            1.018            76  
                         1751 to 3500            1.028            76  
                         2001 to 4000            1.022            64  
                         2251 to 4500            1.018            64  
                         2501 to 5000            1.018            76  
                         2751 to 5500            1.023            76  
                         3001 to 6000            1.009            76  
                         3251 to 6500            1.010            61  
                         3501 to 7000            1.007            30  
                         3751 to 7500            1.006            76  
                         4001 to 8000            1.007            24  
                         4251 to 8500            1.009            35  
                         4501 to 9000            1.012            46  
                         4751 to 9500            1.007            35  
                         5001 to 10000           1.006            61  


DATA INFORMATION:

  Sample Size:              1508
  Missing Data Info:

                      Pattern #:       1     2     3     4
                          miss % --------------------------
                  anxdep1 =  0.0       -     -     -     -  
                  anxdep2 =  8.0       -     -     M     -  
                  anxdep3 = 16.0       -     -     M     M  
                  anxdep4 = 25.0       -     M     M     M  
                  lonely1 =  0.0       -     -     -     -  
                  lonely2 =  8.0       -     -     M     -  
                  lonely3 = 16.0       -     -     M     M  
                  lonely4 = 25.0       -     M     M     M  
                                 --------------------------
                                 %  75.0   9.0   8.0   8.0


MODEL INFORMATION:

  NUMBER OF PARAMETERS
    Outcome Models:         27
    Generated Parameters:   20
    Predictor Models:       0

  FACTORS
    Level-1:                anxdep lonely

  DEFINED VARIABLES
    [1]  anxdep1w = anxdep1 - (a01 + anxdep) 
    [2]  anxdep2w = anxdep2 - (a02 + anxdep) 
    [3]  anxdep3w = anxdep3 - (a03 + anxdep) 
    [4]  lonely1w = lonely1 - (b01 + lonely) 
    [5]  lonely2w = lonely2 - (b02 + lonely) 
    [6]  lonely3w = lonely3 - (b03 + lonely) 

  MODELS

   between.person:
    [1]  anxdep ~ Intercept@0
    [2]  lonely ~ Intercept@0
    [3]  anxdep <-> lonely

   within.person:
    [4]  anxdep1 ~ Intercept@a01 anxdep@1
    [5]  anxdep2 ~ Intercept@a02 anxdep@1 anxdep1w@a1 lonely1w@a2
    [6]  anxdep3 ~ Intercept@a03 anxdep@1 anxdep2w@a1 lonely2w@a2
    [7]  anxdep4 ~ Intercept@a04 anxdep@1 anxdep3w@a1 lonely3w@a2
    [8]  lonely1 ~ Intercept@b01 lonely@1
    [9]  lonely2 ~ Intercept@b02 lonely@1 lonely1w@b1 anxdep1w@b2
   [10]  lonely3 ~ Intercept@b03 lonely@1 lonely2w@b1 anxdep2w@b2
   [11]  lonely4 ~ Intercept@b04 lonely@1 lonely3w@b1 anxdep3w@b2
   [12]  anxdep1 <-> lonely1
   [13]  anxdep2 <-> lonely2
   [14]  anxdep3 <-> lonely3
   [15]  anxdep4 <-> lonely4

  GENERATED PARAMETERS
    [1]  sdw_lonely1 = sqrt(lonely1.totalvar-lonely.totalvar)
    [2]  sdw_lonely2 = sqrt(lonely2.totalvar-lonely.totalvar)
    [3]  sdw_lonely3 = sqrt(lonely3.totalvar-lonely.totalvar)
    [4]  sdw_lonely4 = sqrt(lonely4.totalvar-lonely.totalvar)
    [5]  sdw_anxdep1 = sqrt(anxdep1.totalvar-anxdep.totalvar)
    [6]  sdw_anxdep2 = sqrt(anxdep2.totalvar-anxdep.totalvar)
    [7]  sdw_anxdep3 = sqrt(anxdep3.totalvar-anxdep.totalvar)
    [8]  sdw_anxdep4 = sqrt(anxdep4.totalvar-anxdep.totalvar)
    [9]  a1std_t2 = a1*sdw_anxdep1/sdw_anxdep2
   [10]  a1std_t3 = a1*sdw_anxdep2/sdw_anxdep3
   [11]  a1std_t4 = a1*sdw_anxdep3/sdw_anxdep4
   [12]  b1std_t2 = b1*sdw_lonely1/sdw_lonely2
   [13]  b1std_t3 = b1*sdw_lonely2/sdw_lonely3
   [14]  b1std_t4 = b1*sdw_lonely3/sdw_lonely4
   [15]  a2std_t2 = a2*sdw_lonely1/sdw_anxdep2
   [16]  a2std_t3 = a2*sdw_lonely2/sdw_anxdep3
   [17]  a2std_t4 = a2*sdw_lonely3/sdw_anxdep4
   [18]  b2std_t2 = b2*sdw_anxdep1/sdw_lonely2
   [19]  b2std_t3 = b2*sdw_anxdep2/sdw_lonely3
   [20]  b2std_t4 = b2*sdw_anxdep3/sdw_lonely4


 WARNING MESSAGES:

  No warning messages.


MODEL FIT:


  INFORMATION CRITERIA

    Conditional Likelihood
      DIC2                  21667.523
      WAIC                  23406.586


IMPUTED DATA SUMMARIES:

  NOTE: Imputed data summaries are averaged across 10000 data sets.


Variables                              Mean     StdDev        25%        50%        75%        Min        Max 
                                ------------------------------------------------------------------------------

  anxdep                              0.000      0.450     -0.314     -0.016      0.298     -1.332      1.640 
  lonely                              0.000      0.501     -0.348     -0.009      0.337     -1.497      1.771 
  anxdep1                             1.882      0.696      1.250      1.750      2.250      1.000      5.000 
  anxdep2                             1.976      0.737      1.452      2.000      2.500      0.256      4.754 
  anxdep3                             2.048      0.748      1.500      2.000      2.501      0.064      4.536 
  anxdep4                             2.155      0.750      1.533      2.098      2.737      0.066      5.007 
  lonely1                             2.205      0.730      1.750      2.250      2.750      1.000      4.500 
  lonely2                             2.259      0.738      1.750      2.250      2.750      0.471      5.005 
  lonely3                             2.347      0.757      1.750      2.264      2.771      0.340      5.011 
  lonely4                             2.355      0.780      1.750      2.262      2.874      0.099      5.030 

                                ------------------------------------------------------------------------------



CORRELATIONS AMONG RESIDUALS:

  Summaries based on 10000 iterations using 4 chains.
  NOTE: Estimate column based on posterior median.


Correlations                       Estimate     StdDev       2.5%      97.5%      ChiSq     PValue      N_Eff 
                                ------------------------------------------------------------------------------

  anxdep, anxdep1                    -0.013      0.037     -0.085      0.059      0.127      0.722   3121.868 
  anxdep, anxdep2                     0.027      0.035     -0.041      0.094      0.590      0.442   4281.947 
  anxdep, anxdep3                    -0.027      0.034     -0.093      0.040      0.597      0.440   6668.437 
  anxdep, anxdep4                     0.022      0.034     -0.046      0.087      0.400      0.527   7014.750 
  anxdep, lonely1                    -0.027      0.036     -0.097      0.043      0.558      0.455   3908.651 
  anxdep, lonely2                     0.017      0.035     -0.051      0.084      0.228      0.633   5093.195 
  anxdep, lonely3                     0.029      0.034     -0.037      0.097      0.742      0.389   6617.293 
  anxdep, lonely4                    -0.012      0.034     -0.079      0.053      0.125      0.724   8058.905 
  lonely, anxdep1                    -0.007      0.036     -0.078      0.063      0.039      0.844   4395.298 
  lonely, anxdep2                     0.017      0.034     -0.049      0.083      0.256      0.613   5057.426 
  lonely, anxdep3                    -0.057      0.033     -0.121      0.008      2.908      0.088   7218.751 
  lonely, anxdep4                     0.050      0.033     -0.016      0.114      2.275      0.132   7584.982 
  lonely, lonely1                    -0.010      0.036     -0.080      0.060      0.084      0.772   3799.229 
  lonely, lonely2                     0.009      0.035     -0.059      0.077      0.063      0.802   3962.761 
  lonely, lonely3                     0.007      0.034     -0.060      0.073      0.049      0.825   6521.054 
  lonely, lonely4                    -0.015      0.034     -0.081      0.050      0.203      0.652   6438.498 
  anxdep1, anxdep2                   -0.011      0.033     -0.075      0.054      0.105      0.746   7089.771 
  anxdep1, anxdep3                   -0.004      0.033     -0.070      0.060      0.017      0.897   2591.984 
  anxdep1, anxdep4                   -0.004      0.034     -0.072      0.062      0.017      0.898   2335.447 
  anxdep1, lonely2                   -0.030      0.033     -0.094      0.034      0.820      0.365   8280.863 
  anxdep1, lonely3                    0.048      0.033     -0.016      0.113      2.102      0.147   4318.094 
  anxdep1, lonely4                   -0.034      0.033     -0.099      0.031      1.018      0.313   4829.992 
  anxdep2, anxdep3                    0.024      0.031     -0.038      0.084      0.581      0.446   5309.075 
  anxdep2, anxdep4                    0.058      0.031     -0.003      0.118      3.530      0.060   9278.926 
  anxdep2, lonely1                   -0.010      0.033     -0.076      0.056      0.083      0.773   7797.969 
  anxdep2, lonely3                    0.006      0.032     -0.057      0.069      0.044      0.833   5211.928 
  anxdep2, lonely4                    0.052      0.030     -0.008      0.111      2.849      0.091   8841.236 
  anxdep3, anxdep4                   -0.034      0.034     -0.100      0.035      0.954      0.329   2355.236 
  anxdep3, lonely1                   -0.074      0.033     -0.138     -0.009      5.177      0.023   4512.288 
  anxdep3, lonely2                    0.025      0.032     -0.037      0.088      0.628      0.428   6038.490 
  anxdep3, lonely4                   -0.013      0.034     -0.079      0.052      0.148      0.700   2922.554 
  anxdep4, lonely1                    0.024      0.034     -0.042      0.091      0.514      0.473   3992.961 
  anxdep4, lonely2                    0.068      0.031      0.007      0.130      4.834      0.028   9491.785 
  anxdep4, lonely3                   -0.018      0.034     -0.084      0.049      0.284      0.594   3796.122 
  lonely1, lonely2                   -0.019      0.033     -0.083      0.046      0.327      0.568   7863.893 
  lonely1, lonely3                   -0.000      0.034     -0.066      0.066      0.000      0.993   2305.473 
  lonely1, lonely4                   -0.007      0.034     -0.073      0.060      0.046      0.830   3648.002 
  lonely2, lonely3                    0.027      0.031     -0.034      0.089      0.751      0.386   5450.807 
  lonely2, lonely4                    0.031      0.031     -0.030      0.091      1.003      0.317   7136.245 
  lonely3, lonely4                   -0.031      0.033     -0.097      0.034      0.882      0.348   3276.237 

                                ------------------------------------------------------------------------------



OUTCOME MODEL ESTIMATES:

  Summaries based on 10000 iterations using 4 chains.
  NOTE: Estimate column based on posterior median.

  between.person block:

Latent Variable:   anxdep     

Parameters                         Estimate     StdDev       2.5%      97.5%      ChiSq     PValue      N_Eff 
                                ------------------------------------------------------------------------------
Variances:                      
  Residual Var.                       0.204      0.019      0.164      0.241        ---        ---    453.982 

Standard Deviations:            
  Residual SD                         0.451      0.022      0.404      0.491        ---        ---    447.540 

Proportion Variance Explained   
  by Coefficients                     0.000      0.000      0.000      0.000        ---        ---        --- 
  by Residual Variation               1.000      0.000      1.000      1.000        ---        ---        --- 

                                ------------------------------------------------------------------------------



Latent Variable:   lonely     

Parameters                         Estimate     StdDev       2.5%      97.5%      ChiSq     PValue      N_Eff 
                                ------------------------------------------------------------------------------
Variances:                      
  Residual Var.                       0.252      0.020      0.213      0.291        ---        ---    622.591 

Standard Deviations:            
  Residual SD                         0.502      0.020      0.461      0.539        ---        ---    620.541 

Proportion Variance Explained   
  by Coefficients                     0.000      0.000      0.000      0.000        ---        ---        --- 
  by Residual Variation               1.000      0.000      1.000      1.000        ---        ---        --- 

                                ------------------------------------------------------------------------------



Covariance Matrix: anxdep lonely

Parameters                         Estimate     StdDev       2.5%      97.5%      ChiSq     PValue      N_Eff 
                                ------------------------------------------------------------------------------
Covariances:                    
  Cov(anxdep,lonely)                  0.153      0.016      0.119      0.184     86.668      0.000    597.375 

Correlations:                   
  Cor(anxdep,lonely)                  0.675      0.035      0.599      0.739    375.155      0.000    583.334 

                                ------------------------------------------------------------------------------


  within.person block:

Outcome Variable:  anxdep1    

Parameters                         Estimate     StdDev       2.5%      97.5%      ChiSq     PValue      N_Eff 
                                ------------------------------------------------------------------------------
Variances:                      
  Residual Var.                       0.289      0.019      0.253      0.328        ---        ---    893.359 

Coefficients:                   
  Intercept                           1.882      0.018      1.847      1.917  10840.123      0.000   1057.561 
  anxdep                            @ 1.000        ---        ---        ---        ---        ---        --- 

Standard Deviations:            
  Residual SD                         0.537      0.018      0.503      0.573        ---        ---    898.072 

Standardized Coefficients:      
  anxdep                              0.643      0.026      0.584      0.689    589.007      0.000    471.957 

Proportion Variance Explained   
  by Coefficients                     0.414      0.034      0.341      0.475        ---        ---    476.632 
  by Residual Variation               0.586      0.034      0.525      0.659        ---        ---    476.632 

                                ------------------------------------------------------------------------------



Outcome Variable:  anxdep2    

Parameters                         Estimate     StdDev       2.5%      97.5%      ChiSq     PValue      N_Eff 
                                ------------------------------------------------------------------------------
Variances:                      
  Residual Var.                       0.269      0.013      0.245      0.296        ---        ---   1107.771 

Coefficients:                   
  Intercept                           1.976      0.019      1.937      2.013  10371.107      0.000    985.139 
  anxdep                            @ 1.000        ---        ---        ---        ---        ---        --- 
  anxdep1w                            0.394      0.034      0.326      0.459    136.528      0.000    314.859 
  lonely1w                            0.147      0.031      0.086      0.208     22.599      0.000    538.780 

Standard Deviations:            
  Residual SD                         0.519      0.012      0.495      0.544        ---        ---   1097.622 

Standardized Coefficients:      
  anxdep                              0.616      0.028      0.554      0.668    469.180      0.000    400.752 
  anxdep1w                            0.289      0.029      0.232      0.348    100.246      0.000    306.709 
  lonely1w                            0.108      0.023      0.062      0.154     21.137      0.000    507.702 

Proportion Variance Explained   
  by Coefficients                     0.497      0.015      0.467      0.526        ---        ---    730.441 
  by Residual Variation               0.503      0.015      0.474      0.533        ---        ---    730.441 

                                ------------------------------------------------------------------------------



Outcome Variable:  anxdep3    

Parameters                         Estimate     StdDev       2.5%      97.5%      ChiSq     PValue      N_Eff 
                                ------------------------------------------------------------------------------
Variances:                      
  Residual Var.                       0.287      0.013      0.262      0.314        ---        ---   1898.749 

Coefficients:                   
  Intercept                           2.048      0.021      2.006      2.088   9700.118      0.000    891.695 
  anxdep                            @ 1.000        ---        ---        ---        ---        ---        --- 
  anxdep2w                            0.394      0.034      0.326      0.459    136.528      0.000    314.859 
  lonely2w                            0.147      0.031      0.086      0.208     22.599      0.000    538.780 

Standard Deviations:            
  Residual SD                         0.536      0.012      0.512      0.560        ---        ---   1885.046 

Standardized Coefficients:      
  anxdep                              0.596      0.027      0.537      0.645    495.629      0.000    397.160 
  anxdep2w                            0.301      0.032      0.239      0.365     89.159      0.000    314.551 
  lonely2w                            0.105      0.024      0.059      0.153     19.554      0.000    496.839 

Proportion Variance Explained   
  by Coefficients                     0.497      0.014      0.469      0.525        ---        ---    991.708 
  by Residual Variation               0.503      0.014      0.475      0.531        ---        ---    991.708 

                                ------------------------------------------------------------------------------



Outcome Variable:  anxdep4    

Parameters                         Estimate     StdDev       2.5%      97.5%      ChiSq     PValue      N_Eff 
                                ------------------------------------------------------------------------------
Variances:                      
  Residual Var.                       0.263      0.013      0.239      0.289        ---        ---   2086.331 

Coefficients:                   
  Intercept                           2.155      0.021      2.113      2.196  10362.535      0.000    990.453 
  anxdep                            @ 1.000        ---        ---        ---        ---        ---        --- 
  anxdep3w                            0.394      0.034      0.326      0.459    136.528      0.000    314.859 
  lonely3w                            0.147      0.031      0.086      0.208     22.599      0.000    538.780 

Standard Deviations:            
  Residual SD                         0.513      0.012      0.489      0.538        ---        ---   2087.880 

Standardized Coefficients:      
  anxdep                              0.607      0.027      0.546      0.655    486.677      0.000    408.010 
  anxdep3w                            0.322      0.034      0.255      0.388     90.708      0.000    309.310 
  lonely3w                            0.112      0.025      0.063      0.162     19.852      0.000    504.237 

Proportion Variance Explained   
  by Coefficients                     0.523      0.015      0.494      0.552        ---        ---   1124.640 
  by Residual Variation               0.477      0.015      0.448      0.506        ---        ---   1124.640 

                                ------------------------------------------------------------------------------



Outcome Variable:  lonely1    

Parameters                         Estimate     StdDev       2.5%      97.5%      ChiSq     PValue      N_Eff 
                                ------------------------------------------------------------------------------
Variances:                      
  Residual Var.                       0.289      0.019      0.255      0.328        ---        ---    773.519 

Coefficients:                   
  Intercept                           2.204      0.019      2.167      2.241  13532.154      0.000    913.444 
  lonely                            @ 1.000        ---        ---        ---        ---        ---        --- 

Standard Deviations:            
  Residual SD                         0.537      0.017      0.505      0.573        ---        ---    775.072 

Standardized Coefficients:      
  lonely                              0.683      0.022      0.634      0.720    983.974      0.000    516.302 

Proportion Variance Explained   
  by Coefficients                     0.466      0.029      0.402      0.518        ---        ---    518.263 
  by Residual Variation               0.534      0.029      0.482      0.598        ---        ---    518.263 

                                ------------------------------------------------------------------------------



Outcome Variable:  lonely2    

Parameters                         Estimate     StdDev       2.5%      97.5%      ChiSq     PValue      N_Eff 
                                ------------------------------------------------------------------------------
Variances:                      
  Residual Var.                       0.244      0.013      0.219      0.270        ---        ---    966.657 

Coefficients:                   
  Intercept                           2.259      0.020      2.220      2.297  13361.923      0.000    805.587 
  lonely                            @ 1.000        ---        ---        ---        ---        ---        --- 
  lonely1w                            0.374      0.036      0.300      0.443    105.021      0.000    361.380 
  anxdep1w                            0.099      0.028      0.044      0.156     12.254      0.000    621.460 

Standard Deviations:            
  Residual SD                         0.494      0.013      0.468      0.519        ---        ---    963.539 

Standardized Coefficients:      
  lonely                              0.678      0.025      0.626      0.724    731.325      0.000    466.311 
  lonely1w                            0.271      0.030      0.213      0.330     82.055      0.000    365.759 
  anxdep1w                            0.072      0.021      0.031      0.116     11.428      0.001    588.371 

Proportion Variance Explained   
  by Coefficients                     0.554      0.015      0.524      0.584        ---        ---    839.802 
  by Residual Variation               0.446      0.015      0.416      0.476        ---        ---    839.802 

                                ------------------------------------------------------------------------------



Outcome Variable:  lonely3    

Parameters                         Estimate     StdDev       2.5%      97.5%      ChiSq     PValue      N_Eff 
                                ------------------------------------------------------------------------------
Variances:                      
  Residual Var.                       0.254      0.012      0.231      0.279        ---        ---   1540.177 

Coefficients:                   
  Intercept                           2.347      0.021      2.307      2.387  13054.171      0.000    770.343 
  lonely                            @ 1.000        ---        ---        ---        ---        ---        --- 
  lonely2w                            0.374      0.036      0.300      0.443    105.021      0.000    361.380 
  anxdep2w                            0.099      0.028      0.044      0.156     12.254      0.000    621.460 

Standard Deviations:            
  Residual SD                         0.504      0.012      0.480      0.528        ---        ---   1540.675 

Standardized Coefficients:      
  lonely                              0.668      0.023      0.619      0.710    839.171      0.000    488.032 
  lonely2w                            0.269      0.033      0.205      0.334     66.823      0.000    358.710 
  anxdep2w                            0.076      0.023      0.033      0.124     11.095      0.001    583.457 

Proportion Variance Explained   
  by Coefficients                     0.549      0.015      0.520      0.578        ---        ---   1041.665 
  by Residual Variation               0.451      0.015      0.422      0.480        ---        ---   1041.665 

                                ------------------------------------------------------------------------------



Outcome Variable:  lonely4    

Parameters                         Estimate     StdDev       2.5%      97.5%      ChiSq     PValue      N_Eff 
                                ------------------------------------------------------------------------------
Variances:                      
  Residual Var.                       0.307      0.015      0.280      0.338        ---        ---   2928.564 

Coefficients:                   
  Intercept                           2.355      0.022      2.311      2.398  11175.416      0.000    886.607 
  lonely                            @ 1.000        ---        ---        ---        ---        ---        --- 
  lonely3w                            0.374      0.036      0.300      0.443    105.021      0.000    361.380 
  anxdep3w                            0.099      0.028      0.044      0.156     12.254      0.000    621.460 

Standard Deviations:            
  Residual SD                         0.554      0.013      0.529      0.582        ---        ---   2932.089 

Standardized Coefficients:      
  lonely                              0.637      0.022      0.589      0.675    832.671      0.000    531.153 
  lonely3w                            0.267      0.032      0.205      0.331     68.679      0.000    358.348 
  anxdep3w                            0.076      0.023      0.033      0.123     11.184      0.001    587.274 

Proportion Variance Explained   
  by Coefficients                     0.505      0.014      0.477      0.533        ---        ---   1962.672 
  by Residual Variation               0.495      0.014      0.467      0.523        ---        ---   1962.672 

                                ------------------------------------------------------------------------------



Covariance Matrix: anxdep1 lonely1

Parameters                         Estimate     StdDev       2.5%      97.5%      ChiSq     PValue      N_Eff 
                                ------------------------------------------------------------------------------
Covariances:                    
  Cov(anxdep1,lonely1)                0.138      0.015      0.111      0.170     83.132      0.000    928.546 

Correlations:                   
  Cor(anxdep1,lonely1)                0.478      0.034      0.411      0.543    202.835      0.000   1033.342 

                                ------------------------------------------------------------------------------



Covariance Matrix: anxdep2 lonely2

Parameters                         Estimate     StdDev       2.5%      97.5%      ChiSq     PValue      N_Eff 
                                ------------------------------------------------------------------------------
Covariances:                    
  Cov(anxdep2,lonely2)                0.118      0.010      0.099      0.139    137.392      0.000   1213.765 

Correlations:                   
  Cor(anxdep2,lonely2)                0.462      0.028      0.405      0.515    268.135      0.000   1324.081 

                                ------------------------------------------------------------------------------



Covariance Matrix: anxdep3 lonely3

Parameters                         Estimate     StdDev       2.5%      97.5%      ChiSq     PValue      N_Eff 
                                ------------------------------------------------------------------------------
Covariances:                    
  Cov(anxdep3,lonely3)                0.138      0.010      0.119      0.158    186.942      0.000   2106.307 

Correlations:                   
  Cor(anxdep3,lonely3)                0.510      0.026      0.459      0.558    394.455      0.000   2027.744 

                                ------------------------------------------------------------------------------



Covariance Matrix: anxdep4 lonely4

Parameters                         Estimate     StdDev       2.5%      97.5%      ChiSq     PValue      N_Eff 
                                ------------------------------------------------------------------------------
Covariances:                    
  Cov(anxdep4,lonely4)                0.117      0.011      0.097      0.139    121.509      0.000   2664.407 

Correlations:                   
  Cor(anxdep4,lonely4)                0.412      0.029      0.355      0.467    206.382      0.000   3081.633 

                                ------------------------------------------------------------------------------



GENERATED PARAMETERS:

  Summaries based on 10000 iterations using 4 chains.
  NOTE: Estimate column based on posterior median.


Parameters                         Estimate     StdDev       2.5%      97.5%      ChiSq     PValue      N_Eff 
                                ------------------------------------------------------------------------------

  sdw_lonely1                         0.536      0.019      0.499      0.575    770.170      0.000    868.894 
  sdw_lonely2                         0.543      0.022      0.498      0.585    588.196      0.000    555.273 
  sdw_lonely3                         0.558      0.020      0.519      0.596    800.801      0.000    636.691 
  sdw_lonely4                         0.607      0.019      0.569      0.645    990.949      0.000    828.708 
  sdw_anxdep1                         0.537      0.019      0.499      0.574    792.250      0.000    909.142 
  sdw_anxdep2                         0.576      0.021      0.535      0.616    769.479      0.000    475.848 
  sdw_anxdep3                         0.607      0.019      0.568      0.644    996.043      0.000    517.359 
  sdw_anxdep4                         0.590      0.020      0.551      0.631    883.583      0.000    535.847 
  a1std_t2                            0.367      0.032      0.306      0.429    134.917      0.000    370.916 
  a1std_t3                            0.375      0.035      0.305      0.441    114.421      0.000    345.124 
  a1std_t4                            0.406      0.037      0.331      0.474    122.938      0.000    337.945 
  b1std_t2                            0.370      0.035      0.300      0.436    113.420      0.000    414.812 
  b1std_t3                            0.365      0.039      0.285      0.439     86.039      0.000    379.551 
  b1std_t4                            0.344      0.036      0.272      0.412     90.950      0.000    381.015 
  a2std_t2                            0.137      0.029      0.079      0.196     21.682      0.000    482.718 
  a2std_t3                            0.132      0.030      0.074      0.191     19.573      0.000    481.413 
  a2std_t4                            0.139      0.030      0.079      0.200     20.946      0.000    494.377 
  b2std_t2                            0.098      0.029      0.043      0.158     11.548      0.001    586.071 
  b2std_t3                            0.102      0.031      0.044      0.166     11.150      0.001    578.762 
  b2std_t4                            0.099      0.030      0.043      0.160     11.352      0.001    582.675 

                                ------------------------------------------------------------------------------


ITERATION HISTORY:

  Chain 2 burn-in started on Aug 15 17:54:08 2026
  Chain 3 burn-in started on Aug 15 17:54:08 2026
  Chain 1 burn-in started on Aug 15 17:54:08 2026
  Chain 4 burn-in started on Aug 15 17:54:08 2026
  Chain 4 burn-in iteration 2500 completed on Aug 15 17:54:14 2026
  Chain 1 burn-in iteration 2500 completed on Aug 15 17:54:14 2026
  Chain 2 burn-in iteration 2500 completed on Aug 15 17:54:14 2026
  Chain 3 burn-in iteration 2500 completed on Aug 15 17:54:14 2026
  Chain 4 burn-in iteration 5000 completed on Aug 15 17:54:21 2026
  Chain 3 burn-in iteration 5000 completed on Aug 15 17:54:21 2026
  Chain 1 burn-in iteration 5000 completed on Aug 15 17:54:21 2026
  Chain 2 burn-in iteration 5000 completed on Aug 15 17:54:21 2026
  Chain 4 burn-in iteration 7500 completed on Aug 15 17:54:27 2026
  Chain 3 burn-in iteration 7500 completed on Aug 15 17:54:27 2026
  Chain 1 burn-in iteration 7500 completed on Aug 15 17:54:27 2026
  Chain 2 burn-in iteration 7500 completed on Aug 15 17:54:27 2026
  Chain 4 burn-in iteration 10000 completed on Aug 15 17:54:32 2026
  Chain 4 completed burn-in on Aug 15 17:54:32 2026
  Chain 3 burn-in iteration 10000 completed on Aug 15 17:54:33 2026
  Chain 3 completed burn-in on Aug 15 17:54:33 2026
  Chain 1 burn-in iteration 10000 completed on Aug 15 17:54:33 2026
  Chain 1 completed burn-in on Aug 15 17:54:33 2026
  Chain 2 burn-in iteration 10000 completed on Aug 15 17:54:33 2026
  Chain 2 completed burn-in on Aug 15 17:54:33 2026
  Chain 4 completed iteration 625 on Aug 15 17:54:35 2026
  Chain 3 completed iteration 625 on Aug 15 17:54:35 2026
  Chain 1 completed iteration 625 on Aug 15 17:54:35 2026
  Chain 2 completed iteration 625 on Aug 15 17:54:36 2026
  Chain 4 completed iteration 1250 on Aug 15 17:54:38 2026
  Chain 1 completed iteration 1250 on Aug 15 17:54:38 2026
  Chain 3 completed iteration 1250 on Aug 15 17:54:38 2026
  Chain 2 completed iteration 1250 on Aug 15 17:54:39 2026
  Chain 4 completed iteration 1875 on Aug 15 17:54:41 2026
  Chain 1 completed iteration 1875 on Aug 15 17:54:41 2026
  Chain 3 completed iteration 1875 on Aug 15 17:54:41 2026
  Chain 2 completed iteration 1875 on Aug 15 17:54:41 2026
  Chain 4 completed iteration 2500 on Aug 15 17:54:44 2026
  Chain 4 finished on Aug 15 17:54:44 2026
  Chain 1 completed iteration 2500 on Aug 15 17:54:44 2026
  Chain 1 finished on Aug 15 17:54:44 2026
  Chain 3 completed iteration 2500 on Aug 15 17:54:44 2026
  Chain 3 finished on Aug 15 17:54:44 2026
  Chain 2 completed iteration 2500 on Aug 15 17:54:44 2026
  Chain 2 finished on Aug 15 17:54:44 2026


---------------------------------------------------------------------------

                                   Blimp
                                 4.1.0.b11

             Blimp was developed with funding from Institute of
           Education Sciences awards R305D150056 and R305D190002.

            Craig K. Enders, P.I. Email: cenders@psych.ucla.edu
           Brian T. Keller, Co-P.I. Email: btkeller@missouri.edu
                 Han Du, Co-P.I. Email: hdu@psych.ucla.edu
                 Roy Levy, Co-P.I. Email: roy.levy@asu.edu

              Programming and Blimp Studio by Brian T. Keller

                   There is no expressed license given.

---------------------------------------------------------------------------


ALGORITHMIC OPTIONS SPECIFIED:

  Imputation method:                 Fully Bayesian model-based
  MCMC algorithm:                    Full conditional Metropolis sampler with
                                       Auto-Derived Conditional Distributions
  Default Priors:
    Multilevel covariance matrices:  Not applicable, single-level imputation
    Outcome covariance matrices:     Zero matrix, df = -(p + 1) (PRIOR2)
    Predictor model variances:       Unit sum of squares, df = 2 (XPRIOR1)
  Chain Starting Values:             Random starting values


  NOTE: For complete list of priors include 'pinfo' in the options.


BURN-IN POTENTIAL SCALE REDUCTION (PSR) OUTPUT:

  NOTE: Rank-normalized Rhat (Vehtari et al., 2021) is being used.
        This applies rank normalization and chain folding for robust
        convergence detection across all chains.

  Comparing iterations across 4 chains     Highest Rhat   Parameter #  
                          251 to 500             1.163            76  
                          501 to 1000            1.044             9  
                          751 to 1500            1.039            24  
                         1001 to 2000            1.020            24  
                         1251 to 2500            1.025            25  
                         1501 to 3000            1.018            76  
                         1751 to 3500            1.028            76  
                         2001 to 4000            1.022            64  
                         2251 to 4500            1.018            64  
                         2501 to 5000            1.018            76  
                         2751 to 5500            1.023            76  
                         3001 to 6000            1.009            76  
                         3251 to 6500            1.010            61  
                         3501 to 7000            1.007            30  
                         3751 to 7500            1.006            76  
                         4001 to 8000            1.007            24  
                         4251 to 8500            1.009            35  
                         4501 to 9000            1.012            46  
                         4751 to 9500            1.007            35  
                         5001 to 10000           1.006            61  


DATA INFORMATION:

  Sample Size:              1508
  Missing Data Info:

                      Pattern #:       1     2     3     4
                          miss % --------------------------
                  anxdep1 =  0.0       -     -     -     -  
                  anxdep2 =  8.0       -     -     M     -  
                  anxdep3 = 16.0       -     -     M     M  
                  anxdep4 = 25.0       -     M     M     M  
                  lonely1 =  0.0       -     -     -     -  
                  lonely2 =  8.0       -     -     M     -  
                  lonely3 = 16.0       -     -     M     M  
                  lonely4 = 25.0       -     M     M     M  
                                 --------------------------
                                 %  75.0   9.0   8.0   8.0


MODEL INFORMATION:

  NUMBER OF PARAMETERS
    Outcome Models:         27
    Generated Parameters:   20
    Predictor Models:       0

  FACTORS
    Level-1:                anxdep lonely

  DEFINED VARIABLES
    [1]  anxdep1w = anxdep1 - (a01 + anxdep) 
    [2]  anxdep2w = anxdep2 - (a02 + anxdep) 
    [3]  anxdep3w = anxdep3 - (a03 + anxdep) 
    [4]  lonely1w = lonely1 - (b01 + lonely) 
    [5]  lonely2w = lonely2 - (b02 + lonely) 
    [6]  lonely3w = lonely3 - (b03 + lonely) 

  MODELS

   between.person:
    [1]  anxdep ~ Intercept@0
    [2]  lonely ~ Intercept@0
    [3]  anxdep <-> lonely

   within.person:
    [4]  anxdep1 ~ Intercept@a01 anxdep@1
    [5]  anxdep2 ~ Intercept@a02 anxdep@1 anxdep1w@a1 lonely1w@a2
    [6]  anxdep3 ~ Intercept@a03 anxdep@1 anxdep2w@a1 lonely2w@a2
    [7]  anxdep4 ~ Intercept@a04 anxdep@1 anxdep3w@a1 lonely3w@a2
    [8]  lonely1 ~ Intercept@b01 lonely@1
    [9]  lonely2 ~ Intercept@b02 lonely@1 lonely1w@b1 anxdep1w@b2
   [10]  lonely3 ~ Intercept@b03 lonely@1 lonely2w@b1 anxdep2w@b2
   [11]  lonely4 ~ Intercept@b04 lonely@1 lonely3w@b1 anxdep3w@b2
   [12]  anxdep1 <-> lonely1
   [13]  anxdep2 <-> lonely2
   [14]  anxdep3 <-> lonely3
   [15]  anxdep4 <-> lonely4

  GENERATED PARAMETERS
    [1]  sdw_lonely1 = sqrt(lonely1.totalvar-lonely.totalvar)
    [2]  sdw_lonely2 = sqrt(lonely2.totalvar-lonely.totalvar)
    [3]  sdw_lonely3 = sqrt(lonely3.totalvar-lonely.totalvar)
    [4]  sdw_lonely4 = sqrt(lonely4.totalvar-lonely.totalvar)
    [5]  sdw_anxdep1 = sqrt(anxdep1.totalvar-anxdep.totalvar)
    [6]  sdw_anxdep2 = sqrt(anxdep2.totalvar-anxdep.totalvar)
    [7]  sdw_anxdep3 = sqrt(anxdep3.totalvar-anxdep.totalvar)
    [8]  sdw_anxdep4 = sqrt(anxdep4.totalvar-anxdep.totalvar)
    [9]  a1std_t2 = a1*sdw_anxdep1/sdw_anxdep2
   [10]  a1std_t3 = a1*sdw_anxdep2/sdw_anxdep3
   [11]  a1std_t4 = a1*sdw_anxdep3/sdw_anxdep4
   [12]  b1std_t2 = b1*sdw_lonely1/sdw_lonely2
   [13]  b1std_t3 = b1*sdw_lonely2/sdw_lonely3
   [14]  b1std_t4 = b1*sdw_lonely3/sdw_lonely4
   [15]  a2std_t2 = a2*sdw_lonely1/sdw_anxdep2
   [16]  a2std_t3 = a2*sdw_lonely2/sdw_anxdep3
   [17]  a2std_t4 = a2*sdw_lonely3/sdw_anxdep4
   [18]  b2std_t2 = b2*sdw_anxdep1/sdw_lonely2
   [19]  b2std_t3 = b2*sdw_anxdep2/sdw_lonely3
   [20]  b2std_t4 = b2*sdw_anxdep3/sdw_lonely4


 WARNING MESSAGES:

  No warning messages.


MODEL FIT:


  INFORMATION CRITERIA

    Conditional Likelihood
      DIC2                  21667.523
      WAIC                  23406.586


IMPUTED DATA SUMMARIES:

  NOTE: Imputed data summaries are averaged across 10000 data sets.


Variables                              Mean     StdDev        25%        50%        75%        Min        Max 
                                ------------------------------------------------------------------------------

  anxdep                              0.000      0.450     -0.314     -0.016      0.298     -1.332      1.640 
  lonely                              0.000      0.501     -0.348     -0.009      0.337     -1.497      1.771 
  anxdep1                             1.882      0.696      1.250      1.750      2.250      1.000      5.000 
  anxdep2                             1.976      0.737      1.452      2.000      2.500      0.256      4.754 
  anxdep3                             2.048      0.748      1.500      2.000      2.501      0.064      4.536 
  anxdep4                             2.155      0.750      1.533      2.098      2.737      0.066      5.007 
  lonely1                             2.205      0.730      1.750      2.250      2.750      1.000      4.500 
  lonely2                             2.259      0.738      1.750      2.250      2.750      0.471      5.005 
  lonely3                             2.347      0.757      1.750      2.264      2.771      0.340      5.011 
  lonely4                             2.355      0.780      1.750      2.262      2.874      0.099      5.030 

                                ------------------------------------------------------------------------------



CORRELATIONS AMONG RESIDUALS:

  Summaries based on 10000 iterations using 4 chains.
  NOTE: Estimate column based on posterior median.


Correlations                       Estimate     StdDev       2.5%      97.5%      ChiSq     PValue      N_Eff 
                                ------------------------------------------------------------------------------

  anxdep, anxdep1                    -0.013      0.037     -0.085      0.059      0.127      0.722   3121.868 
  anxdep, anxdep2                     0.027      0.035     -0.041      0.094      0.590      0.442   4281.947 
  anxdep, anxdep3                    -0.027      0.034     -0.093      0.040      0.597      0.440   6668.437 
  anxdep, anxdep4                     0.022      0.034     -0.046      0.087      0.400      0.527   7014.750 
  anxdep, lonely1                    -0.027      0.036     -0.097      0.043      0.558      0.455   3908.651 
  anxdep, lonely2                     0.017      0.035     -0.051      0.084      0.228      0.633   5093.195 
  anxdep, lonely3                     0.029      0.034     -0.037      0.097      0.742      0.389   6617.293 
  anxdep, lonely4                    -0.012      0.034     -0.079      0.053      0.125      0.724   8058.905 
  lonely, anxdep1                    -0.007      0.036     -0.078      0.063      0.039      0.844   4395.298 
  lonely, anxdep2                     0.017      0.034     -0.049      0.083      0.256      0.613   5057.426 
  lonely, anxdep3                    -0.057      0.033     -0.121      0.008      2.908      0.088   7218.751 
  lonely, anxdep4                     0.050      0.033     -0.016      0.114      2.275      0.132   7584.982 
  lonely, lonely1                    -0.010      0.036     -0.080      0.060      0.084      0.772   3799.229 
  lonely, lonely2                     0.009      0.035     -0.059      0.077      0.063      0.802   3962.761 
  lonely, lonely3                     0.007      0.034     -0.060      0.073      0.049      0.825   6521.054 
  lonely, lonely4                    -0.015      0.034     -0.081      0.050      0.203      0.652   6438.498 
  anxdep1, anxdep2                   -0.011      0.033     -0.075      0.054      0.105      0.746   7089.771 
  anxdep1, anxdep3                   -0.004      0.033     -0.070      0.060      0.017      0.897   2591.984 
  anxdep1, anxdep4                   -0.004      0.034     -0.072      0.062      0.017      0.898   2335.447 
  anxdep1, lonely2                   -0.030      0.033     -0.094      0.034      0.820      0.365   8280.863 
  anxdep1, lonely3                    0.048      0.033     -0.016      0.113      2.102      0.147   4318.094 
  anxdep1, lonely4                   -0.034      0.033     -0.099      0.031      1.018      0.313   4829.992 
  anxdep2, anxdep3                    0.024      0.031     -0.038      0.084      0.581      0.446   5309.075 
  anxdep2, anxdep4                    0.058      0.031     -0.003      0.118      3.530      0.060   9278.926 
  anxdep2, lonely1                   -0.010      0.033     -0.076      0.056      0.083      0.773   7797.969 
  anxdep2, lonely3                    0.006      0.032     -0.057      0.069      0.044      0.833   5211.928 
  anxdep2, lonely4                    0.052      0.030     -0.008      0.111      2.849      0.091   8841.236 
  anxdep3, anxdep4                   -0.034      0.034     -0.100      0.035      0.954      0.329   2355.236 
  anxdep3, lonely1                   -0.074      0.033     -0.138     -0.009      5.177      0.023   4512.288 
  anxdep3, lonely2                    0.025      0.032     -0.037      0.088      0.628      0.428   6038.490 
  anxdep3, lonely4                   -0.013      0.034     -0.079      0.052      0.148      0.700   2922.554 
  anxdep4, lonely1                    0.024      0.034     -0.042      0.091      0.514      0.473   3992.961 
  anxdep4, lonely2                    0.068      0.031      0.007      0.130      4.834      0.028   9491.785 
  anxdep4, lonely3                   -0.018      0.034     -0.084      0.049      0.284      0.594   3796.122 
  lonely1, lonely2                   -0.019      0.033     -0.083      0.046      0.327      0.568   7863.893 
  lonely1, lonely3                   -0.000      0.034     -0.066      0.066      0.000      0.993   2305.473 
  lonely1, lonely4                   -0.007      0.034     -0.073      0.060      0.046      0.830   3648.002 
  lonely2, lonely3                    0.027      0.031     -0.034      0.089      0.751      0.386   5450.807 
  lonely2, lonely4                    0.031      0.031     -0.030      0.091      1.003      0.317   7136.245 
  lonely3, lonely4                   -0.031      0.033     -0.097      0.034      0.882      0.348   3276.237 

                                ------------------------------------------------------------------------------



OUTCOME MODEL ESTIMATES:

  Summaries based on 10000 iterations using 4 chains.
  NOTE: Estimate column based on posterior median.

  between.person block:

Latent Variable:   anxdep     

Parameters                         Estimate     StdDev       2.5%      97.5%      ChiSq     PValue      N_Eff 
                                ------------------------------------------------------------------------------
Variances:                      
  Residual Var.                       0.204      0.019      0.164      0.241        ---        ---    453.982 

Standard Deviations:            
  Residual SD                         0.451      0.022      0.404      0.491        ---        ---    447.540 

Proportion Variance Explained   
  by Coefficients                     0.000      0.000      0.000      0.000        ---        ---        --- 
  by Residual Variation               1.000      0.000      1.000      1.000        ---        ---        --- 

                                ------------------------------------------------------------------------------



Latent Variable:   lonely     

Parameters                         Estimate     StdDev       2.5%      97.5%      ChiSq     PValue      N_Eff 
                                ------------------------------------------------------------------------------
Variances:                      
  Residual Var.                       0.252      0.020      0.213      0.291        ---        ---    622.591 

Standard Deviations:            
  Residual SD                         0.502      0.020      0.461      0.539        ---        ---    620.541 

Proportion Variance Explained   
  by Coefficients                     0.000      0.000      0.000      0.000        ---        ---        --- 
  by Residual Variation               1.000      0.000      1.000      1.000        ---        ---        --- 

                                ------------------------------------------------------------------------------



Covariance Matrix: anxdep lonely

Parameters                         Estimate     StdDev       2.5%      97.5%      ChiSq     PValue      N_Eff 
                                ------------------------------------------------------------------------------
Covariances:                    
  Cov(anxdep,lonely)                  0.153      0.016      0.119      0.184     86.668      0.000    597.375 

Correlations:                   
  Cor(anxdep,lonely)                  0.675      0.035      0.599      0.739    375.155      0.000    583.334 

                                ------------------------------------------------------------------------------


  within.person block:

Outcome Variable:  anxdep1    

Parameters                         Estimate     StdDev       2.5%      97.5%      ChiSq     PValue      N_Eff 
                                ------------------------------------------------------------------------------
Variances:                      
  Residual Var.                       0.289      0.019      0.253      0.328        ---        ---    893.359 

Coefficients:                   
  Intercept                           1.882      0.018      1.847      1.917  10840.123      0.000   1057.561 
  anxdep                            @ 1.000        ---        ---        ---        ---        ---        --- 

Standard Deviations:            
  Residual SD                         0.537      0.018      0.503      0.573        ---        ---    898.072 

Standardized Coefficients:      
  anxdep                              0.643      0.026      0.584      0.689    589.007      0.000    471.957 

Proportion Variance Explained   
  by Coefficients                     0.414      0.034      0.341      0.475        ---        ---    476.632 
  by Residual Variation               0.586      0.034      0.525      0.659        ---        ---    476.632 

                                ------------------------------------------------------------------------------



Outcome Variable:  anxdep2    

Parameters                         Estimate     StdDev       2.5%      97.5%      ChiSq     PValue      N_Eff 
                                ------------------------------------------------------------------------------
Variances:                      
  Residual Var.                       0.269      0.013      0.245      0.296        ---        ---   1107.771 

Coefficients:                   
  Intercept                           1.976      0.019      1.937      2.013  10371.107      0.000    985.139 
  anxdep                            @ 1.000        ---        ---        ---        ---        ---        --- 
  anxdep1w                            0.394      0.034      0.326      0.459    136.528      0.000    314.859 
  lonely1w                            0.147      0.031      0.086      0.208     22.599      0.000    538.780 

Standard Deviations:            
  Residual SD                         0.519      0.012      0.495      0.544        ---        ---   1097.622 

Standardized Coefficients:      
  anxdep                              0.616      0.028      0.554      0.668    469.180      0.000    400.752 
  anxdep1w                            0.289      0.029      0.232      0.348    100.246      0.000    306.709 
  lonely1w                            0.108      0.023      0.062      0.154     21.137      0.000    507.702 

Proportion Variance Explained   
  by Coefficients                     0.497      0.015      0.467      0.526        ---        ---    730.441 
  by Residual Variation               0.503      0.015      0.474      0.533        ---        ---    730.441 

                                ------------------------------------------------------------------------------



Outcome Variable:  anxdep3    

Parameters                         Estimate     StdDev       2.5%      97.5%      ChiSq     PValue      N_Eff 
                                ------------------------------------------------------------------------------
Variances:                      
  Residual Var.                       0.287      0.013      0.262      0.314        ---        ---   1898.749 

Coefficients:                   
  Intercept                           2.048      0.021      2.006      2.088   9700.118      0.000    891.695 
  anxdep                            @ 1.000        ---        ---        ---        ---        ---        --- 
  anxdep2w                            0.394      0.034      0.326      0.459    136.528      0.000    314.859 
  lonely2w                            0.147      0.031      0.086      0.208     22.599      0.000    538.780 

Standard Deviations:            
  Residual SD                         0.536      0.012      0.512      0.560        ---        ---   1885.046 

Standardized Coefficients:      
  anxdep                              0.596      0.027      0.537      0.645    495.629      0.000    397.160 
  anxdep2w                            0.301      0.032      0.239      0.365     89.159      0.000    314.551 
  lonely2w                            0.105      0.024      0.059      0.153     19.554      0.000    496.839 

Proportion Variance Explained   
  by Coefficients                     0.497      0.014      0.469      0.525        ---        ---    991.708 
  by Residual Variation               0.503      0.014      0.475      0.531        ---        ---    991.708 

                                ------------------------------------------------------------------------------



Outcome Variable:  anxdep4    

Parameters                         Estimate     StdDev       2.5%      97.5%      ChiSq     PValue      N_Eff 
                                ------------------------------------------------------------------------------
Variances:                      
  Residual Var.                       0.263      0.013      0.239      0.289        ---        ---   2086.331 

Coefficients:                   
  Intercept                           2.155      0.021      2.113      2.196  10362.535      0.000    990.453 
  anxdep                            @ 1.000        ---        ---        ---        ---        ---        --- 
  anxdep3w                            0.394      0.034      0.326      0.459    136.528      0.000    314.859 
  lonely3w                            0.147      0.031      0.086      0.208     22.599      0.000    538.780 

Standard Deviations:            
  Residual SD                         0.513      0.012      0.489      0.538        ---        ---   2087.880 

Standardized Coefficients:      
  anxdep                              0.607      0.027      0.546      0.655    486.677      0.000    408.010 
  anxdep3w                            0.322      0.034      0.255      0.388     90.708      0.000    309.310 
  lonely3w                            0.112      0.025      0.063      0.162     19.852      0.000    504.237 

Proportion Variance Explained   
  by Coefficients                     0.523      0.015      0.494      0.552        ---        ---   1124.640 
  by Residual Variation               0.477      0.015      0.448      0.506        ---        ---   1124.640 

                                ------------------------------------------------------------------------------



Outcome Variable:  lonely1    

Parameters                         Estimate     StdDev       2.5%      97.5%      ChiSq     PValue      N_Eff 
                                ------------------------------------------------------------------------------
Variances:                      
  Residual Var.                       0.289      0.019      0.255      0.328        ---        ---    773.519 

Coefficients:                   
  Intercept                           2.204      0.019      2.167      2.241  13532.154      0.000    913.444 
  lonely                            @ 1.000        ---        ---        ---        ---        ---        --- 

Standard Deviations:            
  Residual SD                         0.537      0.017      0.505      0.573        ---        ---    775.072 

Standardized Coefficients:      
  lonely                              0.683      0.022      0.634      0.720    983.974      0.000    516.302 

Proportion Variance Explained   
  by Coefficients                     0.466      0.029      0.402      0.518        ---        ---    518.263 
  by Residual Variation               0.534      0.029      0.482      0.598        ---        ---    518.263 

                                ------------------------------------------------------------------------------



Outcome Variable:  lonely2    

Parameters                         Estimate     StdDev       2.5%      97.5%      ChiSq     PValue      N_Eff 
                                ------------------------------------------------------------------------------
Variances:                      
  Residual Var.                       0.244      0.013      0.219      0.270        ---        ---    966.657 

Coefficients:                   
  Intercept                           2.259      0.020      2.220      2.297  13361.923      0.000    805.587 
  lonely                            @ 1.000        ---        ---        ---        ---        ---        --- 
  lonely1w                            0.374      0.036      0.300      0.443    105.021      0.000    361.380 
  anxdep1w                            0.099      0.028      0.044      0.156     12.254      0.000    621.460 

Standard Deviations:            
  Residual SD                         0.494      0.013      0.468      0.519        ---        ---    963.539 

Standardized Coefficients:      
  lonely                              0.678      0.025      0.626      0.724    731.325      0.000    466.311 
  lonely1w                            0.271      0.030      0.213      0.330     82.055      0.000    365.759 
  anxdep1w                            0.072      0.021      0.031      0.116     11.428      0.001    588.371 

Proportion Variance Explained   
  by Coefficients                     0.554      0.015      0.524      0.584        ---        ---    839.802 
  by Residual Variation               0.446      0.015      0.416      0.476        ---        ---    839.802 

                                ------------------------------------------------------------------------------



Outcome Variable:  lonely3    

Parameters                         Estimate     StdDev       2.5%      97.5%      ChiSq     PValue      N_Eff 
                                ------------------------------------------------------------------------------
Variances:                      
  Residual Var.                       0.254      0.012      0.231      0.279        ---        ---   1540.177 

Coefficients:                   
  Intercept                           2.347      0.021      2.307      2.387  13054.171      0.000    770.343 
  lonely                            @ 1.000        ---        ---        ---        ---        ---        --- 
  lonely2w                            0.374      0.036      0.300      0.443    105.021      0.000    361.380 
  anxdep2w                            0.099      0.028      0.044      0.156     12.254      0.000    621.460 

Standard Deviations:            
  Residual SD                         0.504      0.012      0.480      0.528        ---        ---   1540.675 

Standardized Coefficients:      
  lonely                              0.668      0.023      0.619      0.710    839.171      0.000    488.032 
  lonely2w                            0.269      0.033      0.205      0.334     66.823      0.000    358.710 
  anxdep2w                            0.076      0.023      0.033      0.124     11.095      0.001    583.457 

Proportion Variance Explained   
  by Coefficients                     0.549      0.015      0.520      0.578        ---        ---   1041.665 
  by Residual Variation               0.451      0.015      0.422      0.480        ---        ---   1041.665 

                                ------------------------------------------------------------------------------



Outcome Variable:  lonely4    

Parameters                         Estimate     StdDev       2.5%      97.5%      ChiSq     PValue      N_Eff 
                                ------------------------------------------------------------------------------
Variances:                      
  Residual Var.                       0.307      0.015      0.280      0.338        ---        ---   2928.564 

Coefficients:                   
  Intercept                           2.355      0.022      2.311      2.398  11175.416      0.000    886.607 
  lonely                            @ 1.000        ---        ---        ---        ---        ---        --- 
  lonely3w                            0.374      0.036      0.300      0.443    105.021      0.000    361.380 
  anxdep3w                            0.099      0.028      0.044      0.156     12.254      0.000    621.460 

Standard Deviations:            
  Residual SD                         0.554      0.013      0.529      0.582        ---        ---   2932.089 

Standardized Coefficients:      
  lonely                              0.637      0.022      0.589      0.675    832.671      0.000    531.153 
  lonely3w                            0.267      0.032      0.205      0.331     68.679      0.000    358.348 
  anxdep3w                            0.076      0.023      0.033      0.123     11.184      0.001    587.274 

Proportion Variance Explained   
  by Coefficients                     0.505      0.014      0.477      0.533        ---        ---   1962.672 
  by Residual Variation               0.495      0.014      0.467      0.523        ---        ---   1962.672 

                                ------------------------------------------------------------------------------



Covariance Matrix: anxdep1 lonely1

Parameters                         Estimate     StdDev       2.5%      97.5%      ChiSq     PValue      N_Eff 
                                ------------------------------------------------------------------------------
Covariances:                    
  Cov(anxdep1,lonely1)                0.138      0.015      0.111      0.170     83.132      0.000    928.546 

Correlations:                   
  Cor(anxdep1,lonely1)                0.478      0.034      0.411      0.543    202.835      0.000   1033.342 

                                ------------------------------------------------------------------------------



Covariance Matrix: anxdep2 lonely2

Parameters                         Estimate     StdDev       2.5%      97.5%      ChiSq     PValue      N_Eff 
                                ------------------------------------------------------------------------------
Covariances:                    
  Cov(anxdep2,lonely2)                0.118      0.010      0.099      0.139    137.392      0.000   1213.765 

Correlations:                   
  Cor(anxdep2,lonely2)                0.462      0.028      0.405      0.515    268.135      0.000   1324.081 

                                ------------------------------------------------------------------------------



Covariance Matrix: anxdep3 lonely3

Parameters                         Estimate     StdDev       2.5%      97.5%      ChiSq     PValue      N_Eff 
                                ------------------------------------------------------------------------------
Covariances:                    
  Cov(anxdep3,lonely3)                0.138      0.010      0.119      0.158    186.942      0.000   2106.307 

Correlations:                   
  Cor(anxdep3,lonely3)                0.510      0.026      0.459      0.558    394.455      0.000   2027.744 

                                ------------------------------------------------------------------------------



Covariance Matrix: anxdep4 lonely4

Parameters                         Estimate     StdDev       2.5%      97.5%      ChiSq     PValue      N_Eff 
                                ------------------------------------------------------------------------------
Covariances:                    
  Cov(anxdep4,lonely4)                0.117      0.011      0.097      0.139    121.509      0.000   2664.407 

Correlations:                   
  Cor(anxdep4,lonely4)                0.412      0.029      0.355      0.467    206.382      0.000   3081.633 

                                ------------------------------------------------------------------------------



GENERATED PARAMETERS:

  Summaries based on 10000 iterations using 4 chains.
  NOTE: Estimate column based on posterior median.


Parameters                         Estimate     StdDev       2.5%      97.5%      ChiSq     PValue      N_Eff 
                                ------------------------------------------------------------------------------

  sdw_lonely1                         0.536      0.019      0.499      0.575    770.170      0.000    868.894 
  sdw_lonely2                         0.543      0.022      0.498      0.585    588.196      0.000    555.273 
  sdw_lonely3                         0.558      0.020      0.519      0.596    800.801      0.000    636.691 
  sdw_lonely4                         0.607      0.019      0.569      0.645    990.949      0.000    828.708 
  sdw_anxdep1                         0.537      0.019      0.499      0.574    792.250      0.000    909.142 
  sdw_anxdep2                         0.576      0.021      0.535      0.616    769.479      0.000    475.848 
  sdw_anxdep3                         0.607      0.019      0.568      0.644    996.043      0.000    517.359 
  sdw_anxdep4                         0.590      0.020      0.551      0.631    883.583      0.000    535.847 
  a1std_t2                            0.367      0.032      0.306      0.429    134.917      0.000    370.916 
  a1std_t3                            0.375      0.035      0.305      0.441    114.421      0.000    345.124 
  a1std_t4                            0.406      0.037      0.331      0.474    122.938      0.000    337.945 
  b1std_t2                            0.370      0.035      0.300      0.436    113.420      0.000    414.812 
  b1std_t3                            0.365      0.039      0.285      0.439     86.039      0.000    379.551 
  b1std_t4                            0.344      0.036      0.272      0.412     90.950      0.000    381.015 
  a2std_t2                            0.137      0.029      0.079      0.196     21.682      0.000    482.718 
  a2std_t3                            0.132      0.030      0.074      0.191     19.573      0.000    481.413 
  a2std_t4                            0.139      0.030      0.079      0.200     20.946      0.000    494.377 
  b2std_t2                            0.098      0.029      0.043      0.158     11.548      0.001    586.071 
  b2std_t3                            0.102      0.031      0.044      0.166     11.150      0.001    578.762 
  b2std_t4                            0.099      0.030      0.043      0.160     11.352      0.001    582.675 

                                ------------------------------------------------------------------------------


ITERATION HISTORY:

  Chain 1 burn-in started on Aug 15 17:54:59 2026
  Chain 2 burn-in started on Aug 15 17:54:59 2026
  Chain 3 burn-in started on Aug 15 17:54:59 2026
  Chain 4 burn-in started on Aug 15 17:54:59 2026
  Chain 3 burn-in iteration 2500 completed on Aug 15 17:55:05 2026
  Chain 4 burn-in iteration 2500 completed on Aug 15 17:55:05 2026
  Chain 2 burn-in iteration 2500 completed on Aug 15 17:55:05 2026
  Chain 1 burn-in iteration 2500 completed on Aug 15 17:55:05 2026
  Chain 3 burn-in iteration 5000 completed on Aug 15 17:55:11 2026
  Chain 4 burn-in iteration 5000 completed on Aug 15 17:55:11 2026
  Chain 2 burn-in iteration 5000 completed on Aug 15 17:55:11 2026
  Chain 1 burn-in iteration 5000 completed on Aug 15 17:55:11 2026
  Chain 4 burn-in iteration 7500 completed on Aug 15 17:55:16 2026
  Chain 3 burn-in iteration 7500 completed on Aug 15 17:55:16 2026
  Chain 1 burn-in iteration 7500 completed on Aug 15 17:55:16 2026
  Chain 2 burn-in iteration 7500 completed on Aug 15 17:55:16 2026
  Chain 4 burn-in iteration 10000 completed on Aug 15 17:55:22 2026
  Chain 4 completed burn-in on Aug 15 17:55:22 2026
  Chain 3 burn-in iteration 10000 completed on Aug 15 17:55:22 2026
  Chain 3 completed burn-in on Aug 15 17:55:22 2026
  Chain 1 burn-in iteration 10000 completed on Aug 15 17:55:22 2026
  Chain 1 completed burn-in on Aug 15 17:55:22 2026
  Chain 2 burn-in iteration 10000 completed on Aug 15 17:55:22 2026
  Chain 2 completed burn-in on Aug 15 17:55:22 2026
  Chain 4 saved imputation 4 on Aug 15 17:55:25 2026
  Chain 3 saved imputation 3 on Aug 15 17:55:25 2026
  Chain 1 saved imputation 1 on Aug 15 17:55:25 2026
  Chain 2 saved imputation 2 on Aug 15 17:55:25 2026
  Chain 4 completed iteration 625 on Aug 15 17:55:25 2026
  Chain 3 completed iteration 625 on Aug 15 17:55:25 2026
  Chain 1 completed iteration 625 on Aug 15 17:55:25 2026
  Chain 2 completed iteration 625 on Aug 15 17:55:25 2026
  Chain 4 saved imputation 8 on Aug 15 17:55:27 2026
  Chain 1 saved imputation 5 on Aug 15 17:55:27 2026
  Chain 3 saved imputation 7 on Aug 15 17:55:27 2026
  Chain 2 saved imputation 6 on Aug 15 17:55:27 2026
  Chain 4 completed iteration 1250 on Aug 15 17:55:28 2026
  Chain 1 completed iteration 1250 on Aug 15 17:55:28 2026
  Chain 3 completed iteration 1250 on Aug 15 17:55:28 2026
  Chain 2 completed iteration 1250 on Aug 15 17:55:28 2026
  Chain 4 saved imputation 12 on Aug 15 17:55:29 2026
  Chain 1 saved imputation 9 on Aug 15 17:55:29 2026
  Chain 3 saved imputation 11 on Aug 15 17:55:29 2026
  Chain 2 saved imputation 10 on Aug 15 17:55:29 2026
  Chain 4 completed iteration 1875 on Aug 15 17:55:31 2026
  Chain 1 completed iteration 1875 on Aug 15 17:55:31 2026
  Chain 3 completed iteration 1875 on Aug 15 17:55:31 2026
  Chain 2 completed iteration 1875 on Aug 15 17:55:31 2026
  Chain 4 saved imputation 16 on Aug 15 17:55:31 2026
  Chain 1 saved imputation 13 on Aug 15 17:55:31 2026
  Chain 3 saved imputation 15 on Aug 15 17:55:31 2026
  Chain 2 saved imputation 14 on Aug 15 17:55:31 2026
  Chain 4 completed iteration 2500 on Aug 15 17:55:33 2026
  Chain 4 saved imputation 20 on Aug 15 17:55:33 2026
  Chain 4 finished on Aug 15 17:55:33 2026
  Chain 3 completed iteration 2500 on Aug 15 17:55:33 2026
  Chain 3 saved imputation 19 on Aug 15 17:55:33 2026
  Chain 3 finished on Aug 15 17:55:33 2026
  Chain 1 completed iteration 2500 on Aug 15 17:55:34 2026
  Chain 1 saved imputation 17 on Aug 15 17:55:34 2026
  Chain 1 finished on Aug 15 17:55:34 2026
  Chain 2 completed iteration 2500 on Aug 15 17:55:34 2026
  Chain 2 saved imputation 18 on Aug 15 17:55:34 2026
  Chain 2 finished on Aug 15 17:55:34 2026


---------------------------------------------------------------------------

                                   Blimp
                                 4.1.0.b11

             Blimp was developed with funding from Institute of
           Education Sciences awards R305D150056 and R305D190002.

            Craig K. Enders, P.I. Email: cenders@psych.ucla.edu
           Brian T. Keller, Co-P.I. Email: btkeller@missouri.edu
                 Han Du, Co-P.I. Email: hdu@psych.ucla.edu
                 Roy Levy, Co-P.I. Email: roy.levy@asu.edu

              Programming and Blimp Studio by Brian T. Keller

                   There is no expressed license given.

---------------------------------------------------------------------------


ALGORITHMIC OPTIONS SPECIFIED:

  Imputation method:                 Fully Bayesian model-based
  MCMC algorithm:                    Full conditional Metropolis sampler with
                                       Auto-Derived Conditional Distributions
  Default Priors:
    Multilevel covariance matrices:  Not applicable, single-level imputation
    Outcome covariance matrices:     Zero matrix, df = -(p + 1) (PRIOR2)
    Predictor model variances:       Unit sum of squares, df = 2 (XPRIOR1)
  Chain Starting Values:             Random starting values


  NOTE: For complete list of priors include 'pinfo' in the options.


BURN-IN POTENTIAL SCALE REDUCTION (PSR) OUTPUT:

  NOTE: Rank-normalized Rhat (Vehtari et al., 2021) is being used.
        This applies rank normalization and chain folding for robust
        convergence detection across all chains.

  Comparing iterations across 4 chains     Highest Rhat   Parameter #  
                          251 to 500             1.163            76  
                          501 to 1000            1.044             9  
                          751 to 1500            1.039            24  
                         1001 to 2000            1.020            24  
                         1251 to 2500            1.025            25  
                         1501 to 3000            1.018            76  
                         1751 to 3500            1.028            76  
                         2001 to 4000            1.022            64  
                         2251 to 4500            1.018            64  
                         2501 to 5000            1.018            76  
                         2751 to 5500            1.023            76  
                         3001 to 6000            1.009            76  
                         3251 to 6500            1.010            61  
                         3501 to 7000            1.007            30  
                         3751 to 7500            1.006            76  
                         4001 to 8000            1.007            24  
                         4251 to 8500            1.009            35  
                         4501 to 9000            1.012            46  
                         4751 to 9500            1.007            35  
                         5001 to 10000           1.006            61  


DATA INFORMATION:

  Sample Size:              1508
  Missing Data Info:

                      Pattern #:       1     2     3     4
                          miss % --------------------------
                  anxdep1 =  0.0       -     -     -     -  
                  anxdep2 =  8.0       -     -     M     -  
                  anxdep3 = 16.0       -     -     M     M  
                  anxdep4 = 25.0       -     M     M     M  
                  lonely1 =  0.0       -     -     -     -  
                  lonely2 =  8.0       -     -     M     -  
                  lonely3 = 16.0       -     -     M     M  
                  lonely4 = 25.0       -     M     M     M  
                                 --------------------------
                                 %  75.0   9.0   8.0   8.0


MODEL INFORMATION:

  NUMBER OF PARAMETERS
    Outcome Models:         27
    Predictor Models:       0

  FACTORS
    Level-1:                anxdep lonely

  DEFINED VARIABLES
    [1]  anxdep1w = anxdep1 - (a01 + anxdep) 
    [2]  anxdep2w = anxdep2 - (a02 + anxdep) 
    [3]  anxdep3w = anxdep3 - (a03 + anxdep) 
    [4]  lonely1w = lonely1 - (b01 + lonely) 
    [5]  lonely2w = lonely2 - (b02 + lonely) 
    [6]  lonely3w = lonely3 - (b03 + lonely) 

  MODELS

   between.person:
    [1]  anxdep ~ Intercept@0
    [2]  lonely ~ Intercept@0
    [3]  anxdep <-> lonely

   within.person:
    [4]  anxdep1 ~ Intercept@a01 anxdep@1
    [5]  anxdep2 ~ Intercept@a02 anxdep@1 anxdep1w@a1 lonely1w@a2
    [6]  anxdep3 ~ Intercept@a03 anxdep@1 anxdep2w@a1 lonely2w@a2
    [7]  anxdep4 ~ Intercept@a04 anxdep@1 anxdep3w@a1 lonely3w@a2
    [8]  lonely1 ~ Intercept@b01 lonely@1
    [9]  lonely2 ~ Intercept@b02 lonely@1 lonely1w@b1 anxdep1w@b2
   [10]  lonely3 ~ Intercept@b03 lonely@1 lonely2w@b1 anxdep2w@b2
   [11]  lonely4 ~ Intercept@b04 lonely@1 lonely3w@b1 anxdep3w@b2
   [12]  anxdep1 <-> lonely1
   [13]  anxdep2 <-> lonely2
   [14]  anxdep3 <-> lonely3
   [15]  anxdep4 <-> lonely4


 WARNING MESSAGES:

  No warning messages.


MODEL FIT:


  INFORMATION CRITERIA

    Conditional Likelihood
      DIC2                  21667.523
      WAIC                  23406.586


IMPUTED DATA SUMMARIES:

  NOTE: Imputed data summaries are averaged across 10000 data sets.


Variables                              Mean     StdDev        25%        50%        75%        Min        Max 
                                ------------------------------------------------------------------------------

  anxdep                              0.000      0.450     -0.314     -0.016      0.298     -1.332      1.640 
  lonely                              0.000      0.501     -0.348     -0.009      0.337     -1.497      1.771 
  anxdep1                             1.882      0.696      1.250      1.750      2.250      1.000      5.000 
  anxdep2                             1.976      0.737      1.452      2.000      2.500      0.256      4.754 
  anxdep3                             2.048      0.748      1.500      2.000      2.501      0.064      4.536 
  anxdep4                             2.155      0.750      1.533      2.098      2.737      0.066      5.007 
  lonely1                             2.205      0.730      1.750      2.250      2.750      1.000      4.500 
  lonely2                             2.259      0.738      1.750      2.250      2.750      0.471      5.005 
  lonely3                             2.347      0.757      1.750      2.264      2.771      0.340      5.011 
  lonely4                             2.355      0.780      1.750      2.262      2.874      0.099      5.030 

                                ------------------------------------------------------------------------------



CORRELATIONS AMONG RESIDUALS:

  Summaries based on 10000 iterations using 4 chains.
  NOTE: Estimate column based on posterior median.


Correlations                       Estimate     StdDev       2.5%      97.5%      ChiSq     PValue      N_Eff 
                                ------------------------------------------------------------------------------

  anxdep, anxdep1                    -0.013      0.037     -0.085      0.059      0.127      0.722   3121.868 
  anxdep, anxdep2                     0.027      0.035     -0.041      0.094      0.590      0.442   4281.947 
  anxdep, anxdep3                    -0.027      0.034     -0.093      0.040      0.597      0.440   6668.437 
  anxdep, anxdep4                     0.022      0.034     -0.046      0.087      0.400      0.527   7014.750 
  anxdep, lonely1                    -0.027      0.036     -0.097      0.043      0.558      0.455   3908.651 
  anxdep, lonely2                     0.017      0.035     -0.051      0.084      0.228      0.633   5093.195 
  anxdep, lonely3                     0.029      0.034     -0.037      0.097      0.742      0.389   6617.293 
  anxdep, lonely4                    -0.012      0.034     -0.079      0.053      0.125      0.724   8058.905 
  lonely, anxdep1                    -0.007      0.036     -0.078      0.063      0.039      0.844   4395.298 
  lonely, anxdep2                     0.017      0.034     -0.049      0.083      0.256      0.613   5057.426 
  lonely, anxdep3                    -0.057      0.033     -0.121      0.008      2.908      0.088   7218.751 
  lonely, anxdep4                     0.050      0.033     -0.016      0.114      2.275      0.132   7584.982 
  lonely, lonely1                    -0.010      0.036     -0.080      0.060      0.084      0.772   3799.229 
  lonely, lonely2                     0.009      0.035     -0.059      0.077      0.063      0.802   3962.761 
  lonely, lonely3                     0.007      0.034     -0.060      0.073      0.049      0.825   6521.054 
  lonely, lonely4                    -0.015      0.034     -0.081      0.050      0.203      0.652   6438.498 
  anxdep1, anxdep2                   -0.011      0.033     -0.075      0.054      0.105      0.746   7089.771 
  anxdep1, anxdep3                   -0.004      0.033     -0.070      0.060      0.017      0.897   2591.984 
  anxdep1, anxdep4                   -0.004      0.034     -0.072      0.062      0.017      0.898   2335.447 
  anxdep1, lonely2                   -0.030      0.033     -0.094      0.034      0.820      0.365   8280.863 
  anxdep1, lonely3                    0.048      0.033     -0.016      0.113      2.102      0.147   4318.094 
  anxdep1, lonely4                   -0.034      0.033     -0.099      0.031      1.018      0.313   4829.992 
  anxdep2, anxdep3                    0.024      0.031     -0.038      0.084      0.581      0.446   5309.075 
  anxdep2, anxdep4                    0.058      0.031     -0.003      0.118      3.530      0.060   9278.926 
  anxdep2, lonely1                   -0.010      0.033     -0.076      0.056      0.083      0.773   7797.969 
  anxdep2, lonely3                    0.006      0.032     -0.057      0.069      0.044      0.833   5211.928 
  anxdep2, lonely4                    0.052      0.030     -0.008      0.111      2.849      0.091   8841.236 
  anxdep3, anxdep4                   -0.034      0.034     -0.100      0.035      0.954      0.329   2355.236 
  anxdep3, lonely1                   -0.074      0.033     -0.138     -0.009      5.177      0.023   4512.288 
  anxdep3, lonely2                    0.025      0.032     -0.037      0.088      0.628      0.428   6038.490 
  anxdep3, lonely4                   -0.013      0.034     -0.079      0.052      0.148      0.700   2922.554 
  anxdep4, lonely1                    0.024      0.034     -0.042      0.091      0.514      0.473   3992.961 
  anxdep4, lonely2                    0.068      0.031      0.007      0.130      4.834      0.028   9491.785 
  anxdep4, lonely3                   -0.018      0.034     -0.084      0.049      0.284      0.594   3796.122 
  lonely1, lonely2                   -0.019      0.033     -0.083      0.046      0.327      0.568   7863.893 
  lonely1, lonely3                   -0.000      0.034     -0.066      0.066      0.000      0.993   2305.473 
  lonely1, lonely4                   -0.007      0.034     -0.073      0.060      0.046      0.830   3648.002 
  lonely2, lonely3                    0.027      0.031     -0.034      0.089      0.751      0.386   5450.807 
  lonely2, lonely4                    0.031      0.031     -0.030      0.091      1.003      0.317   7136.245 
  lonely3, lonely4                   -0.031      0.033     -0.097      0.034      0.882      0.348   3276.237 

                                ------------------------------------------------------------------------------



OUTCOME MODEL ESTIMATES:

  Summaries based on 10000 iterations using 4 chains.
  NOTE: Estimate column based on posterior median.

  between.person block:

Latent Variable:   anxdep     

Parameters                         Estimate     StdDev       2.5%      97.5%      ChiSq     PValue      N_Eff 
                                ------------------------------------------------------------------------------
Variances:                      
  Residual Var.                       0.204      0.019      0.164      0.241        ---        ---    453.982 

Standard Deviations:            
  Residual SD                         0.451      0.022      0.404      0.491        ---        ---    447.540 

Proportion Variance Explained   
  by Coefficients                     0.000      0.000      0.000      0.000        ---        ---        --- 
  by Residual Variation               1.000      0.000      1.000      1.000        ---        ---        --- 

                                ------------------------------------------------------------------------------



Latent Variable:   lonely     

Parameters                         Estimate     StdDev       2.5%      97.5%      ChiSq     PValue      N_Eff 
                                ------------------------------------------------------------------------------
Variances:                      
  Residual Var.                       0.252      0.020      0.213      0.291        ---        ---    622.591 

Standard Deviations:            
  Residual SD                         0.502      0.020      0.461      0.539        ---        ---    620.541 

Proportion Variance Explained   
  by Coefficients                     0.000      0.000      0.000      0.000        ---        ---        --- 
  by Residual Variation               1.000      0.000      1.000      1.000        ---        ---        --- 

                                ------------------------------------------------------------------------------



Covariance Matrix: anxdep lonely

Parameters                         Estimate     StdDev       2.5%      97.5%      ChiSq     PValue      N_Eff 
                                ------------------------------------------------------------------------------
Covariances:                    
  Cov(anxdep,lonely)                  0.153      0.016      0.119      0.184     86.668      0.000    597.375 

Correlations:                   
  Cor(anxdep,lonely)                  0.675      0.035      0.599      0.739    375.155      0.000    583.334 

                                ------------------------------------------------------------------------------


  within.person block:

Outcome Variable:  anxdep1    

Parameters                         Estimate     StdDev       2.5%      97.5%      ChiSq     PValue      N_Eff 
                                ------------------------------------------------------------------------------
Variances:                      
  Residual Var.                       0.289      0.019      0.253      0.328        ---        ---    893.359 

Coefficients:                   
  Intercept                           1.882      0.018      1.847      1.917  10840.123      0.000   1057.561 
  anxdep                            @ 1.000        ---        ---        ---        ---        ---        --- 

Standard Deviations:            
  Residual SD                         0.537      0.018      0.503      0.573        ---        ---    898.072 

Standardized Coefficients:      
  anxdep                              0.643      0.026      0.584      0.689    589.007      0.000    471.957 

Proportion Variance Explained   
  by Coefficients                     0.414      0.034      0.341      0.475        ---        ---    476.632 
  by Residual Variation               0.586      0.034      0.525      0.659        ---        ---    476.632 

                                ------------------------------------------------------------------------------



Outcome Variable:  anxdep2    

Parameters                         Estimate     StdDev       2.5%      97.5%      ChiSq     PValue      N_Eff 
                                ------------------------------------------------------------------------------
Variances:                      
  Residual Var.                       0.269      0.013      0.245      0.296        ---        ---   1107.771 

Coefficients:                   
  Intercept                           1.976      0.019      1.937      2.013  10371.107      0.000    985.139 
  anxdep                            @ 1.000        ---        ---        ---        ---        ---        --- 
  anxdep1w                            0.394      0.034      0.326      0.459    136.528      0.000    314.859 
  lonely1w                            0.147      0.031      0.086      0.208     22.599      0.000    538.780 

Standard Deviations:            
  Residual SD                         0.519      0.012      0.495      0.544        ---        ---   1097.622 

Standardized Coefficients:      
  anxdep                              0.616      0.028      0.554      0.668    469.180      0.000    400.752 
  anxdep1w                            0.289      0.029      0.232      0.348    100.246      0.000    306.709 
  lonely1w                            0.108      0.023      0.062      0.154     21.137      0.000    507.702 

Proportion Variance Explained   
  by Coefficients                     0.497      0.015      0.467      0.526        ---        ---    730.441 
  by Residual Variation               0.503      0.015      0.474      0.533        ---        ---    730.441 

                                ------------------------------------------------------------------------------



Outcome Variable:  anxdep3    

Parameters                         Estimate     StdDev       2.5%      97.5%      ChiSq     PValue      N_Eff 
                                ------------------------------------------------------------------------------
Variances:                      
  Residual Var.                       0.287      0.013      0.262      0.314        ---        ---   1898.749 

Coefficients:                   
  Intercept                           2.048      0.021      2.006      2.088   9700.118      0.000    891.695 
  anxdep                            @ 1.000        ---        ---        ---        ---        ---        --- 
  anxdep2w                            0.394      0.034      0.326      0.459    136.528      0.000    314.859 
  lonely2w                            0.147      0.031      0.086      0.208     22.599      0.000    538.780 

Standard Deviations:            
  Residual SD                         0.536      0.012      0.512      0.560        ---        ---   1885.046 

Standardized Coefficients:      
  anxdep                              0.596      0.027      0.537      0.645    495.629      0.000    397.160 
  anxdep2w                            0.301      0.032      0.239      0.365     89.159      0.000    314.551 
  lonely2w                            0.105      0.024      0.059      0.153     19.554      0.000    496.839 

Proportion Variance Explained   
  by Coefficients                     0.497      0.014      0.469      0.525        ---        ---    991.708 
  by Residual Variation               0.503      0.014      0.475      0.531        ---        ---    991.708 

                                ------------------------------------------------------------------------------



Outcome Variable:  anxdep4    

Parameters                         Estimate     StdDev       2.5%      97.5%      ChiSq     PValue      N_Eff 
                                ------------------------------------------------------------------------------
Variances:                      
  Residual Var.                       0.263      0.013      0.239      0.289        ---        ---   2086.331 

Coefficients:                   
  Intercept                           2.155      0.021      2.113      2.196  10362.535      0.000    990.453 
  anxdep                            @ 1.000        ---        ---        ---        ---        ---        --- 
  anxdep3w                            0.394      0.034      0.326      0.459    136.528      0.000    314.859 
  lonely3w                            0.147      0.031      0.086      0.208     22.599      0.000    538.780 

Standard Deviations:            
  Residual SD                         0.513      0.012      0.489      0.538        ---        ---   2087.880 

Standardized Coefficients:      
  anxdep                              0.607      0.027      0.546      0.655    486.677      0.000    408.010 
  anxdep3w                            0.322      0.034      0.255      0.388     90.708      0.000    309.310 
  lonely3w                            0.112      0.025      0.063      0.162     19.852      0.000    504.237 

Proportion Variance Explained   
  by Coefficients                     0.523      0.015      0.494      0.552        ---        ---   1124.640 
  by Residual Variation               0.477      0.015      0.448      0.506        ---        ---   1124.640 

                                ------------------------------------------------------------------------------



Outcome Variable:  lonely1    

Parameters                         Estimate     StdDev       2.5%      97.5%      ChiSq     PValue      N_Eff 
                                ------------------------------------------------------------------------------
Variances:                      
  Residual Var.                       0.289      0.019      0.255      0.328        ---        ---    773.519 

Coefficients:                   
  Intercept                           2.204      0.019      2.167      2.241  13532.154      0.000    913.444 
  lonely                            @ 1.000        ---        ---        ---        ---        ---        --- 

Standard Deviations:            
  Residual SD                         0.537      0.017      0.505      0.573        ---        ---    775.072 

Standardized Coefficients:      
  lonely                              0.683      0.022      0.634      0.720    983.974      0.000    516.302 

Proportion Variance Explained   
  by Coefficients                     0.466      0.029      0.402      0.518        ---        ---    518.263 
  by Residual Variation               0.534      0.029      0.482      0.598        ---        ---    518.263 

                                ------------------------------------------------------------------------------



Outcome Variable:  lonely2    

Parameters                         Estimate     StdDev       2.5%      97.5%      ChiSq     PValue      N_Eff 
                                ------------------------------------------------------------------------------
Variances:                      
  Residual Var.                       0.244      0.013      0.219      0.270        ---        ---    966.657 

Coefficients:                   
  Intercept                           2.259      0.020      2.220      2.297  13361.923      0.000    805.587 
  lonely                            @ 1.000        ---        ---        ---        ---        ---        --- 
  lonely1w                            0.374      0.036      0.300      0.443    105.021      0.000    361.380 
  anxdep1w                            0.099      0.028      0.044      0.156     12.254      0.000    621.460 

Standard Deviations:            
  Residual SD                         0.494      0.013      0.468      0.519        ---        ---    963.539 

Standardized Coefficients:      
  lonely                              0.678      0.025      0.626      0.724    731.325      0.000    466.311 
  lonely1w                            0.271      0.030      0.213      0.330     82.055      0.000    365.759 
  anxdep1w                            0.072      0.021      0.031      0.116     11.428      0.001    588.371 

Proportion Variance Explained   
  by Coefficients                     0.554      0.015      0.524      0.584        ---        ---    839.802 
  by Residual Variation               0.446      0.015      0.416      0.476        ---        ---    839.802 

                                ------------------------------------------------------------------------------



Outcome Variable:  lonely3    

Parameters                         Estimate     StdDev       2.5%      97.5%      ChiSq     PValue      N_Eff 
                                ------------------------------------------------------------------------------
Variances:                      
  Residual Var.                       0.254      0.012      0.231      0.279        ---        ---   1540.177 

Coefficients:                   
  Intercept                           2.347      0.021      2.307      2.387  13054.171      0.000    770.343 
  lonely                            @ 1.000        ---        ---        ---        ---        ---        --- 
  lonely2w                            0.374      0.036      0.300      0.443    105.021      0.000    361.380 
  anxdep2w                            0.099      0.028      0.044      0.156     12.254      0.000    621.460 

Standard Deviations:            
  Residual SD                         0.504      0.012      0.480      0.528        ---        ---   1540.675 

Standardized Coefficients:      
  lonely                              0.668      0.023      0.619      0.710    839.171      0.000    488.032 
  lonely2w                            0.269      0.033      0.205      0.334     66.823      0.000    358.710 
  anxdep2w                            0.076      0.023      0.033      0.124     11.095      0.001    583.457 

Proportion Variance Explained   
  by Coefficients                     0.549      0.015      0.520      0.578        ---        ---   1041.665 
  by Residual Variation               0.451      0.015      0.422      0.480        ---        ---   1041.665 

                                ------------------------------------------------------------------------------



Outcome Variable:  lonely4    

Parameters                         Estimate     StdDev       2.5%      97.5%      ChiSq     PValue      N_Eff 
                                ------------------------------------------------------------------------------
Variances:                      
  Residual Var.                       0.307      0.015      0.280      0.338        ---        ---   2928.564 

Coefficients:                   
  Intercept                           2.355      0.022      2.311      2.398  11175.416      0.000    886.607 
  lonely                            @ 1.000        ---        ---        ---        ---        ---        --- 
  lonely3w                            0.374      0.036      0.300      0.443    105.021      0.000    361.380 
  anxdep3w                            0.099      0.028      0.044      0.156     12.254      0.000    621.460 

Standard Deviations:            
  Residual SD                         0.554      0.013      0.529      0.582        ---        ---   2932.089 

Standardized Coefficients:      
  lonely                              0.637      0.022      0.589      0.675    832.671      0.000    531.153 
  lonely3w                            0.267      0.032      0.205      0.331     68.679      0.000    358.348 
  anxdep3w                            0.076      0.023      0.033      0.123     11.184      0.001    587.274 

Proportion Variance Explained   
  by Coefficients                     0.505      0.014      0.477      0.533        ---        ---   1962.672 
  by Residual Variation               0.495      0.014      0.467      0.523        ---        ---   1962.672 

                                ------------------------------------------------------------------------------



Covariance Matrix: anxdep1 lonely1

Parameters                         Estimate     StdDev       2.5%      97.5%      ChiSq     PValue      N_Eff 
                                ------------------------------------------------------------------------------
Covariances:                    
  Cov(anxdep1,lonely1)                0.138      0.015      0.111      0.170     83.132      0.000    928.546 

Correlations:                   
  Cor(anxdep1,lonely1)                0.478      0.034      0.411      0.543    202.835      0.000   1033.342 

                                ------------------------------------------------------------------------------



Covariance Matrix: anxdep2 lonely2

Parameters                         Estimate     StdDev       2.5%      97.5%      ChiSq     PValue      N_Eff 
                                ------------------------------------------------------------------------------
Covariances:                    
  Cov(anxdep2,lonely2)                0.118      0.010      0.099      0.139    137.392      0.000   1213.765 

Correlations:                   
  Cor(anxdep2,lonely2)                0.462      0.028      0.405      0.515    268.135      0.000   1324.081 

                                ------------------------------------------------------------------------------



Covariance Matrix: anxdep3 lonely3

Parameters                         Estimate     StdDev       2.5%      97.5%      ChiSq     PValue      N_Eff 
                                ------------------------------------------------------------------------------
Covariances:                    
  Cov(anxdep3,lonely3)                0.138      0.010      0.119      0.158    186.942      0.000   2106.307 

Correlations:                   
  Cor(anxdep3,lonely3)                0.510      0.026      0.459      0.558    394.455      0.000   2027.744 

                                ------------------------------------------------------------------------------



Covariance Matrix: anxdep4 lonely4

Parameters                         Estimate     StdDev       2.5%      97.5%      ChiSq     PValue      N_Eff 
                                ------------------------------------------------------------------------------
Covariances:                    
  Cov(anxdep4,lonely4)                0.117      0.011      0.097      0.139    121.509      0.000   2664.407 

Correlations:                   
  Cor(anxdep4,lonely4)                0.412      0.029      0.355      0.467    206.382      0.000   3081.633 

                                ------------------------------------------------------------------------------



pdf 
  2 
pdf 
  2 

ITERATION HISTORY:

  Chain 1 burn-in started on Aug 15 17:57:16 2026
  Chain 3 burn-in started on Aug 15 17:57:16 2026
  Chain 4 burn-in started on Aug 15 17:57:16 2026
  Chain 2 burn-in started on Aug 15 17:57:16 2026
  Chain 4 burn-in iteration 2500 completed on Aug 15 17:57:22 2026
  Chain 2 burn-in iteration 2500 completed on Aug 15 17:57:22 2026
  Chain 3 burn-in iteration 2500 completed on Aug 15 17:57:22 2026
  Chain 1 burn-in iteration 2500 completed on Aug 15 17:57:22 2026
  Chain 4 burn-in iteration 5000 completed on Aug 15 17:57:28 2026
  Chain 2 burn-in iteration 5000 completed on Aug 15 17:57:28 2026
  Chain 3 burn-in iteration 5000 completed on Aug 15 17:57:28 2026
  Chain 1 burn-in iteration 5000 completed on Aug 15 17:57:28 2026
  Chain 4 burn-in iteration 7500 completed on Aug 15 17:57:34 2026
  Chain 2 burn-in iteration 7500 completed on Aug 15 17:57:34 2026
  Chain 3 burn-in iteration 7500 completed on Aug 15 17:57:34 2026
  Chain 1 burn-in iteration 7500 completed on Aug 15 17:57:34 2026
  Chain 4 burn-in iteration 10000 completed on Aug 15 17:57:40 2026
  Chain 4 completed burn-in on Aug 15 17:57:40 2026
  Chain 2 burn-in iteration 10000 completed on Aug 15 17:57:40 2026
  Chain 2 completed burn-in on Aug 15 17:57:40 2026
  Chain 3 burn-in iteration 10000 completed on Aug 15 17:57:40 2026
  Chain 3 completed burn-in on Aug 15 17:57:40 2026
  Chain 1 burn-in iteration 10000 completed on Aug 15 17:57:40 2026
  Chain 1 completed burn-in on Aug 15 17:57:40 2026
  Chain 4 completed iteration 625 on Aug 15 17:57:42 2026
  Chain 2 completed iteration 625 on Aug 15 17:57:43 2026
  Chain 3 completed iteration 625 on Aug 15 17:57:43 2026
  Chain 1 completed iteration 625 on Aug 15 17:57:43 2026
  Chain 4 completed iteration 1250 on Aug 15 17:57:45 2026
  Chain 2 completed iteration 1250 on Aug 15 17:57:45 2026
  Chain 3 completed iteration 1250 on Aug 15 17:57:45 2026
  Chain 1 completed iteration 1250 on Aug 15 17:57:45 2026
  Chain 4 completed iteration 1875 on Aug 15 17:57:48 2026
  Chain 2 completed iteration 1875 on Aug 15 17:57:48 2026
  Chain 3 completed iteration 1875 on Aug 15 17:57:48 2026
  Chain 1 completed iteration 1875 on Aug 15 17:57:48 2026
  Chain 4 completed iteration 2500 on Aug 15 17:57:50 2026
  Chain 4 finished on Aug 15 17:57:50 2026
  Chain 2 completed iteration 2500 on Aug 15 17:57:50 2026
  Chain 2 finished on Aug 15 17:57:50 2026
  Chain 3 completed iteration 2500 on Aug 15 17:57:50 2026
  Chain 3 finished on Aug 15 17:57:50 2026
  Chain 1 completed iteration 2500 on Aug 15 17:57:51 2026
  Chain 1 finished on Aug 15 17:57:51 2026


---------------------------------------------------------------------------

                                   Blimp
                                 4.1.0.b11

             Blimp was developed with funding from Institute of
           Education Sciences awards R305D150056 and R305D190002.

            Craig K. Enders, P.I. Email: cenders@psych.ucla.edu
           Brian T. Keller, Co-P.I. Email: btkeller@missouri.edu
                 Han Du, Co-P.I. Email: hdu@psych.ucla.edu
                 Roy Levy, Co-P.I. Email: roy.levy@asu.edu

              Programming and Blimp Studio by Brian T. Keller

                   There is no expressed license given.

---------------------------------------------------------------------------


ALGORITHMIC OPTIONS SPECIFIED:

  Imputation method:                 Fully Bayesian model-based
  MCMC algorithm:                    Full conditional Metropolis sampler with
                                       Auto-Derived Conditional Distributions
  Default Priors:
    Multilevel covariance matrices:  Not applicable, single-level imputation
    Outcome covariance matrices:     Zero matrix, df = -(p + 1) (PRIOR2)
    Predictor model variances:       Unit sum of squares, df = 2 (XPRIOR1)
  Chain Starting Values:             Random starting values


  NOTE: For complete list of priors include 'pinfo' in the options.


BURN-IN POTENTIAL SCALE REDUCTION (PSR) OUTPUT:

  NOTE: Rank-normalized Rhat (Vehtari et al., 2021) is being used.
        This applies rank normalization and chain folding for robust
        convergence detection across all chains.

  Comparing iterations across 4 chains     Highest Rhat   Parameter #  
                          251 to 500             1.152            74  
                          501 to 1000            1.168             2  
                          751 to 1500            1.111             8  
                         1001 to 2000            1.053            39  
                         1251 to 2500            1.037            25  
                         1501 to 3000            1.044            61  
                         1751 to 3500            1.024            10  
                         2001 to 4000            1.031            68  
                         2251 to 4500            1.020             1  
                         2501 to 5000            1.021             1  
                         2751 to 5500            1.020            61  
                         3001 to 6000            1.016             1  
                         3251 to 6500            1.020            11  
                         3501 to 7000            1.012             1  
                         3751 to 7500            1.011            68  
                         4001 to 8000            1.008            19  
                         4251 to 8500            1.007            19  
                         4501 to 9000            1.007             2  
                         4751 to 9500            1.009            84  
                         5001 to 10000           1.008             2  


DATA INFORMATION:

  Sample Size:              1508
  Missing Data Info:

                      Pattern #:       1     2     3     4
                          miss % --------------------------
                   female =  0.0       -     -     -     -  
                  anxdep1 =  0.0       -     -     -     -  
                  anxdep2 =  8.0       -     -     M     -  
                  anxdep3 = 16.0       -     -     M     M  
                  anxdep4 = 25.0       -     M     M     M  
                  lonely1 =  0.0       -     -     -     -  
                  lonely2 =  8.0       -     -     M     -  
                  lonely3 = 16.0       -     -     M     M  
                  lonely4 = 25.0       -     M     M     M  
                                 --------------------------
                                 %  75.0   9.0   8.0   8.0


MODEL INFORMATION:

  NUMBER OF PARAMETERS
    Outcome Models:         31
    Predictor Models:       0

  FACTORS
    Level-1:                anxdep lonely

  DEFINED VARIABLES
    [1]  anxdep1w = anxdep1 - (a01 + anxdep) 
    [2]  anxdep2w = anxdep2 - (a02 + anxdep) 
    [3]  anxdep3w = anxdep3 - (a03 + anxdep) 
    [4]  lonely1w = lonely1 - (b01 + lonely) 
    [5]  lonely2w = lonely2 - (b02 + lonely) 
    [6]  lonely3w = lonely3 - (b03 + lonely) 

  MODELS

   between.person:
    [1]  anxdep ~ female
    [2]  lonely ~ female
    [3]  female ~ Intercept
    [4]  anxdep <-> lonely

   within.person:
    [5]  anxdep1 ~ Intercept@a01 anxdep@1
    [6]  anxdep2 ~ Intercept@a02 anxdep@1 anxdep1w@a1 lonely1w@a2
    [7]  anxdep3 ~ Intercept@a03 anxdep@1 anxdep2w@a1 lonely2w@a2
    [8]  anxdep4 ~ Intercept@a04 anxdep@1 anxdep3w@a1 lonely3w@a2
    [9]  lonely1 ~ Intercept@b01 lonely@1
   [10]  lonely2 ~ Intercept@b02 lonely@1 lonely1w@b1 anxdep1w@b2
   [11]  lonely3 ~ Intercept@b03 lonely@1 lonely2w@b1 anxdep2w@b2
   [12]  lonely4 ~ Intercept@b04 lonely@1 lonely3w@b1 anxdep3w@b2
   [13]  anxdep1 <-> lonely1
   [14]  anxdep2 <-> lonely2
   [15]  anxdep3 <-> lonely3
   [16]  anxdep4 <-> lonely4


 WARNING MESSAGES:

  No warning messages.


MODEL FIT:


  INFORMATION CRITERIA

    Conditional Likelihood
      DIC2                  23259.638
      WAIC                  24998.687


IMPUTED DATA SUMMARIES:

  NOTE: Imputed data summaries are averaged across 10000 data sets.


Variables                              Mean     StdDev        25%        50%        75%        Min        Max 
                                ------------------------------------------------------------------------------

  anxdep                              0.281      0.461     -0.045      0.266      0.592     -1.061      1.888 
  lonely                              0.103      0.502     -0.246      0.095      0.441     -1.397      1.875 
  female                              0.607      0.488      0.000      1.000      1.000      0.000      1.000 
  anxdep1                             1.882      0.696      1.250      1.750      2.250      1.000      5.000 
  anxdep2                             1.976      0.737      1.460      2.000      2.500      0.274      4.753 
  anxdep3                             2.049      0.748      1.500      2.000      2.502      0.074      4.534 
  anxdep4                             2.156      0.751      1.534      2.105      2.741      0.066      5.006 
  lonely1                             2.205      0.730      1.750      2.250      2.750      1.000      4.500 
  lonely2                             2.259      0.738      1.750      2.250      2.750      0.468      5.005 
  lonely3                             2.347      0.757      1.750      2.264      2.771      0.336      5.013 
  lonely4                             2.355      0.780      1.750      2.261      2.875      0.093      5.032 

                                ------------------------------------------------------------------------------



CORRELATIONS AMONG RESIDUALS:

  Summaries based on 10000 iterations using 4 chains.
  NOTE: Estimate column based on posterior median.


Correlations                       Estimate     StdDev       2.5%      97.5%      ChiSq     PValue      N_Eff 
                                ------------------------------------------------------------------------------

  anxdep, female                      0.001      0.037     -0.070      0.072      0.002      0.967    810.848 
  anxdep, anxdep1                    -0.016      0.037     -0.087      0.057      0.181      0.671   3026.757 
  anxdep, anxdep2                     0.014      0.035     -0.055      0.082      0.163      0.686   4947.304 
  anxdep, anxdep3                    -0.024      0.034     -0.090      0.044      0.483      0.487   6899.958 
  anxdep, anxdep4                     0.034      0.034     -0.034      0.101      0.979      0.322   6244.543 
  anxdep, lonely1                    -0.024      0.036     -0.094      0.047      0.427      0.513   4183.079 
  anxdep, lonely2                     0.008      0.035     -0.061      0.076      0.050      0.823   5031.778 
  anxdep, lonely3                     0.026      0.034     -0.042      0.094      0.580      0.446   7323.403 
  anxdep, lonely4                    -0.004      0.034     -0.071      0.063      0.016      0.898   8322.466 
  lonely, female                      0.001      0.037     -0.071      0.072      0.000      0.986    763.767 
  lonely, anxdep1                    -0.008      0.036     -0.079      0.062      0.053      0.817   3362.853 
  lonely, anxdep2                     0.014      0.034     -0.053      0.080      0.165      0.684   4292.861 
  lonely, anxdep3                    -0.054      0.033     -0.118      0.011      2.745      0.098   7798.335 
  lonely, anxdep4                     0.053      0.034     -0.014      0.118      2.471      0.116   6810.372 
  lonely, lonely1                    -0.009      0.036     -0.080      0.062      0.059      0.808   3131.897 
  lonely, lonely2                     0.006      0.035     -0.064      0.074      0.024      0.876   3928.279 
  lonely, lonely3                     0.005      0.034     -0.060      0.072      0.031      0.859   6848.093 
  lonely, lonely4                    -0.012      0.033     -0.077      0.055      0.131      0.717   6891.780 
  female, anxdep1                    -0.008      0.032     -0.071      0.054      0.067      0.796   1322.046 
  female, anxdep2                     0.084      0.029      0.028      0.140      8.629      0.003   3472.231 
  female, anxdep3                    -0.013      0.029     -0.072      0.043      0.224      0.636   4749.911 
  female, anxdep4                    -0.052      0.030     -0.112      0.007      2.932      0.087   6943.120 
  female, lonely1                    -0.022      0.032     -0.084      0.039      0.488      0.485   1562.270 
  female, lonely2                     0.051      0.029     -0.005      0.108      3.146      0.076   4282.804 
  female, lonely3                     0.018      0.030     -0.043      0.074      0.334      0.564   4786.682 
  female, lonely4                    -0.035      0.030     -0.093      0.024      1.403      0.236   6205.358 
  anxdep1, anxdep2                   -0.027      0.033     -0.091      0.037      0.676      0.411   7001.475 
  anxdep1, anxdep3                   -0.007      0.033     -0.072      0.057      0.045      0.832   2705.469 
  anxdep1, anxdep4                    0.001      0.035     -0.067      0.068      0.001      0.979   1880.494 
  anxdep1, lonely2                   -0.039      0.033     -0.103      0.024      1.423      0.233   8239.043 
  anxdep1, lonely3                    0.046      0.033     -0.021      0.109      1.881      0.170   3107.031 
  anxdep1, lonely4                   -0.029      0.033     -0.094      0.035      0.788      0.375   3128.850 
  anxdep2, anxdep3                    0.023      0.031     -0.038      0.083      0.569      0.451   4102.581 
  anxdep2, anxdep4                    0.055      0.030     -0.005      0.115      3.264      0.071   8752.385 
  anxdep2, lonely1                   -0.014      0.034     -0.080      0.052      0.175      0.676   7870.594 
  anxdep2, lonely3                    0.008      0.032     -0.057      0.071      0.061      0.805   5710.634 
  anxdep2, lonely4                    0.053      0.031     -0.006      0.114      3.044      0.081   8343.299 
  anxdep3, anxdep4                   -0.012      0.034     -0.078      0.056      0.114      0.736   2522.709 
  anxdep3, lonely1                   -0.074      0.033     -0.137     -0.010      5.101      0.024   3792.229 
  anxdep3, lonely2                    0.023      0.032     -0.040      0.083      0.522      0.470   6553.469 
  anxdep3, lonely4                   -0.003      0.034     -0.068      0.065      0.006      0.937   3093.787 
  anxdep4, lonely1                    0.024      0.034     -0.043      0.091      0.491      0.483   2453.915 
  anxdep4, lonely2                    0.068      0.031      0.008      0.128      4.920      0.027   8963.374 
  anxdep4, lonely3                   -0.010      0.034     -0.076      0.055      0.095      0.758   3591.918 
  lonely1, lonely2                   -0.021      0.033     -0.086      0.043      0.418      0.518   7675.083 
  lonely1, lonely3                    0.001      0.034     -0.067      0.068      0.000      0.983   2732.976 
  lonely1, lonely4                   -0.006      0.034     -0.073      0.060      0.030      0.863   3650.560 
  lonely2, lonely3                    0.026      0.032     -0.035      0.089      0.695      0.404   5275.060 
  lonely2, lonely4                    0.032      0.031     -0.030      0.094      1.038      0.308   7419.425 
  lonely3, lonely4                   -0.028      0.034     -0.094      0.039      0.666      0.414   2782.082 

                                ------------------------------------------------------------------------------



OUTCOME MODEL ESTIMATES:

  Summaries based on 10000 iterations using 4 chains.
  NOTE: Estimate column based on posterior median.

  between.person block:

Latent Variable:   anxdep     

Parameters                         Estimate     StdDev       2.5%      97.5%      ChiSq     PValue      N_Eff 
                                ------------------------------------------------------------------------------
Variances:                      
  Residual Var.                       0.162      0.017      0.127      0.195        ---        ---    342.038 

Coefficients:                   
  female                              0.463      0.029      0.407      0.520    253.432      0.000    193.735 

Standard Deviations:            
  Residual SD                         0.403      0.022      0.357      0.442        ---        ---    339.097 

Standardized Coefficients:      
  female                              0.491      0.031      0.430      0.550    257.061      0.000    270.098 

Proportion Variance Explained   
  by Coefficients                     0.241      0.030      0.185      0.304        ---        ---    274.132 
  by Residual Variation               0.759      0.030      0.696      0.815        ---        ---    274.132 

                                ------------------------------------------------------------------------------



Latent Variable:   lonely     

Parameters                         Estimate     StdDev       2.5%      97.5%      ChiSq     PValue      N_Eff 
                                ------------------------------------------------------------------------------
Variances:                      
  Residual Var.                       0.246      0.021      0.204      0.285        ---        ---    529.399 

Coefficients:                   
  female                              0.169      0.033      0.106      0.237     26.316      0.000    184.089 

Standard Deviations:            
  Residual SD                         0.496      0.021      0.452      0.534        ---        ---    524.196 

Standardized Coefficients:      
  female                              0.165      0.032      0.103      0.227     27.112      0.000    193.501 

Proportion Variance Explained   
  by Coefficients                     0.027      0.011      0.011      0.052        ---        ---    194.896 
  by Residual Variation               0.973      0.011      0.948      0.989        ---        ---    194.896 

                                ------------------------------------------------------------------------------



Outcome Variable:  female     

Parameters                         Estimate     StdDev       2.5%      97.5%      ChiSq     PValue      N_Eff 
                                ------------------------------------------------------------------------------
Variances:                      
  Residual Var.                       0.239      0.009      0.223      0.257        ---        ---   9652.216 

Coefficients:                   
  Intercept                           0.607      0.013      0.582      0.632   2318.962      0.000   9592.883 

Standard Deviations:            
  Residual SD                         0.489      0.009      0.473      0.507        ---        ---   9653.112 

Proportion Variance Explained   
  by Coefficients                     0.000      0.000      0.000      0.000        ---        ---        --- 
  by Residual Variation               1.000      0.000      1.000      1.000        ---        ---        --- 

                                ------------------------------------------------------------------------------



Covariance Matrix: anxdep lonely

Parameters                         Estimate     StdDev       2.5%      97.5%      ChiSq     PValue      N_Eff 
                                ------------------------------------------------------------------------------
Covariances:                    
  Cov(anxdep,lonely)                  0.138      0.016      0.105      0.169     73.257      0.000    375.784 

Correlations:                   
  Cor(anxdep,lonely)                  0.692      0.037      0.614      0.759    353.099      0.000    403.616 

                                ------------------------------------------------------------------------------


  within.person block:

Outcome Variable:  anxdep1    

Parameters                         Estimate     StdDev       2.5%      97.5%      ChiSq     PValue      N_Eff 
                                ------------------------------------------------------------------------------
Variances:                      
  Residual Var.                       0.281      0.018      0.248      0.318        ---        ---    697.591 

Coefficients:                   
  Intercept                           1.602      0.024      1.554      1.650   4329.739      0.000    221.041 
  anxdep                            @ 1.000        ---        ---        ---        ---        ---        --- 

Standard Deviations:            
  Residual SD                         0.530      0.017      0.498      0.564        ---        ---    699.452 

Standardized Coefficients:      
  anxdep                              0.657      0.024      0.604      0.698    763.793      0.000    368.229 

Proportion Variance Explained   
  by Coefficients                     0.432      0.031      0.364      0.488        ---        ---    372.846 
  by Residual Variation               0.568      0.031      0.512      0.636        ---        ---    372.846 

                                ------------------------------------------------------------------------------



Outcome Variable:  anxdep2    

Parameters                         Estimate     StdDev       2.5%      97.5%      ChiSq     PValue      N_Eff 
                                ------------------------------------------------------------------------------
Variances:                      
  Residual Var.                       0.259      0.012      0.235      0.283        ---        ---   1092.066 

Coefficients:                   
  Intercept                           1.696      0.025      1.647      1.746   4511.801      0.000    211.215 
  anxdep                            @ 1.000        ---        ---        ---        ---        ---        --- 
  anxdep1w                            0.370      0.032      0.305      0.433    131.148      0.000    515.327 
  lonely1w                            0.149      0.030      0.090      0.208     23.938      0.000    532.783 

Standard Deviations:            
  Residual SD                         0.509      0.012      0.485      0.532        ---        ---   1089.854 

Standardized Coefficients:      
  anxdep                              0.636      0.026      0.580      0.685    576.066      0.000    338.386 
  anxdep1w                            0.270      0.027      0.219      0.325    101.227      0.000    462.510 
  lonely1w                            0.110      0.023      0.065      0.157     22.156      0.000    494.928 

Proportion Variance Explained   
  by Coefficients                     0.508      0.015      0.479      0.537        ---        ---    688.044 
  by Residual Variation               0.492      0.015      0.463      0.521        ---        ---    688.044 

                                ------------------------------------------------------------------------------



Outcome Variable:  anxdep3    

Parameters                         Estimate     StdDev       2.5%      97.5%      ChiSq     PValue      N_Eff 
                                ------------------------------------------------------------------------------
Variances:                      
  Residual Var.                       0.285      0.013      0.260      0.312        ---        ---   2626.512 

Coefficients:                   
  Intercept                           1.769      0.026      1.717      1.820   4499.589      0.000    224.752 
  anxdep                            @ 1.000        ---        ---        ---        ---        ---        --- 
  anxdep2w                            0.370      0.032      0.305      0.433    131.148      0.000    515.327 
  lonely2w                            0.149      0.030      0.090      0.208     23.938      0.000    532.783 

Standard Deviations:            
  Residual SD                         0.534      0.012      0.510      0.559        ---        ---   2611.640 

Standardized Coefficients:      
  anxdep                              0.610      0.025      0.557      0.655    611.195      0.000    353.959 
  anxdep2w                            0.273      0.029      0.217      0.331     89.412      0.000    410.742 
  lonely2w                            0.106      0.023      0.061      0.153     20.308      0.000    486.898 

Proportion Variance Explained   
  by Coefficients                     0.502      0.014      0.475      0.530        ---        ---   1344.935 
  by Residual Variation               0.498      0.014      0.470      0.525        ---        ---   1344.935 

                                ------------------------------------------------------------------------------



Outcome Variable:  anxdep4    

Parameters                         Estimate     StdDev       2.5%      97.5%      ChiSq     PValue      N_Eff 
                                ------------------------------------------------------------------------------
Variances:                      
  Residual Var.                       0.266      0.013      0.243      0.292        ---        ---   2172.295 

Coefficients:                   
  Intercept                           1.876      0.027      1.824      1.928   4961.449      0.000    241.159 
  anxdep                            @ 1.000        ---        ---        ---        ---        ---        --- 
  anxdep3w                            0.370      0.032      0.305      0.433    131.148      0.000    515.327 
  lonely3w                            0.149      0.030      0.090      0.208     23.938      0.000    532.783 

Standard Deviations:            
  Residual SD                         0.516      0.012      0.493      0.540        ---        ---   2169.850 

Standardized Coefficients:      
  anxdep                              0.618      0.025      0.564      0.664    598.418      0.000    336.802 
  anxdep3w                            0.295      0.031      0.234      0.356     90.316      0.000    484.088 
  lonely3w                            0.112      0.025      0.065      0.161     20.673      0.000    491.038 

Proportion Variance Explained   
  by Coefficients                     0.522      0.014      0.493      0.550        ---        ---   1425.860 
  by Residual Variation               0.478      0.014      0.450      0.507        ---        ---   1425.860 

                                ------------------------------------------------------------------------------



Outcome Variable:  lonely1    

Parameters                         Estimate     StdDev       2.5%      97.5%      ChiSq     PValue      N_Eff 
                                ------------------------------------------------------------------------------
Variances:                      
  Residual Var.                       0.289      0.019      0.255      0.328        ---        ---    866.005 

Coefficients:                   
  Intercept                           2.102      0.028      2.048      2.156   5803.270      0.000    218.808 
  lonely                            @ 1.000        ---        ---        ---        ---        ---        --- 

Standard Deviations:            
  Residual SD                         0.537      0.018      0.505      0.573        ---        ---    870.595 

Standardized Coefficients:      
  lonely                              0.683      0.023      0.632      0.722    890.971      0.000    515.157 

Proportion Variance Explained   
  by Coefficients                     0.467      0.031      0.399      0.522        ---        ---    517.130 
  by Residual Variation               0.533      0.031      0.478      0.601        ---        ---    517.130 

                                ------------------------------------------------------------------------------



Outcome Variable:  lonely2    

Parameters                         Estimate     StdDev       2.5%      97.5%      ChiSq     PValue      N_Eff 
                                ------------------------------------------------------------------------------
Variances:                      
  Residual Var.                       0.243      0.013      0.218      0.269        ---        ---    895.033 

Coefficients:                   
  Intercept                           2.156      0.028      2.101      2.211   5864.979      0.000    209.580 
  lonely                            @ 1.000        ---        ---        ---        ---        ---        --- 
  lonely1w                            0.376      0.039      0.303      0.454     95.501      0.000    467.777 
  anxdep1w                            0.088      0.029      0.030      0.145      9.358      0.002    523.435 

Standard Deviations:            
  Residual SD                         0.493      0.013      0.467      0.519        ---        ---    895.327 

Standardized Coefficients:      
  lonely                              0.681      0.027      0.621      0.729    631.554      0.000    436.252 
  lonely1w                            0.273      0.032      0.215      0.340     74.356      0.000    454.941 
  anxdep1w                            0.063      0.021      0.021      0.106      8.860      0.003    491.301 

Proportion Variance Explained   
  by Coefficients                     0.554      0.016      0.523      0.586        ---        ---    768.442 
  by Residual Variation               0.446      0.016      0.414      0.477        ---        ---    768.442 

                                ------------------------------------------------------------------------------



Outcome Variable:  lonely3    

Parameters                         Estimate     StdDev       2.5%      97.5%      ChiSq     PValue      N_Eff 
                                ------------------------------------------------------------------------------
Variances:                      
  Residual Var.                       0.254      0.013      0.230      0.280        ---        ---   1380.607 

Coefficients:                   
  Intercept                           2.244      0.029      2.188      2.301   6114.316      0.000    174.410 
  lonely                            @ 1.000        ---        ---        ---        ---        ---        --- 
  lonely2w                            0.376      0.039      0.303      0.454     95.501      0.000    467.777 
  anxdep2w                            0.088      0.029      0.030      0.145      9.358      0.002    523.435 

Standard Deviations:            
  Residual SD                         0.504      0.013      0.480      0.529        ---        ---   1381.351 

Standardized Coefficients:      
  lonely                              0.670      0.025      0.615      0.713    727.846      0.000    439.568 
  lonely2w                            0.269      0.035      0.206      0.344     59.114      0.000    443.329 
  anxdep2w                            0.066      0.022      0.022      0.111      8.654      0.003    494.813 

Proportion Variance Explained   
  by Coefficients                     0.550      0.015      0.520      0.579        ---        ---    916.061 
  by Residual Variation               0.450      0.015      0.421      0.480        ---        ---    916.061 

                                ------------------------------------------------------------------------------



Outcome Variable:  lonely4    

Parameters                         Estimate     StdDev       2.5%      97.5%      ChiSq     PValue      N_Eff 
                                ------------------------------------------------------------------------------
Variances:                      
  Residual Var.                       0.308      0.015      0.281      0.339        ---        ---   3054.879 

Coefficients:                   
  Intercept                           2.252      0.030      2.194      2.311   5704.199      0.000    243.687 
  lonely                            @ 1.000        ---        ---        ---        ---        ---        --- 
  lonely3w                            0.376      0.039      0.303      0.454     95.501      0.000    467.777 
  anxdep3w                            0.088      0.029      0.030      0.145      9.358      0.002    523.435 

Standard Deviations:            
  Residual SD                         0.555      0.013      0.530      0.582        ---        ---   3053.249 

Standardized Coefficients:      
  lonely                              0.637      0.024      0.584      0.678    726.106      0.000    473.562 
  lonely3w                            0.267      0.034      0.205      0.340     61.014      0.000    436.202 
  anxdep3w                            0.066      0.023      0.022      0.112      8.680      0.003    506.993 

Proportion Variance Explained   
  by Coefficients                     0.504      0.015      0.475      0.532        ---        ---   1878.026 
  by Residual Variation               0.496      0.015      0.468      0.525        ---        ---   1878.026 

                                ------------------------------------------------------------------------------



Covariance Matrix: anxdep1 lonely1

Parameters                         Estimate     StdDev       2.5%      97.5%      ChiSq     PValue      N_Eff 
                                ------------------------------------------------------------------------------
Covariances:                    
  Cov(anxdep1,lonely1)                0.136      0.015      0.108      0.167     82.689      0.000    640.075 

Correlations:                   
  Cor(anxdep1,lonely1)                0.477      0.034      0.408      0.539    201.262      0.000    707.650 

                                ------------------------------------------------------------------------------



Covariance Matrix: anxdep2 lonely2

Parameters                         Estimate     StdDev       2.5%      97.5%      ChiSq     PValue      N_Eff 
                                ------------------------------------------------------------------------------
Covariances:                    
  Cov(anxdep2,lonely2)                0.114      0.010      0.095      0.134    127.767      0.000    948.712 

Correlations:                   
  Cor(anxdep2,lonely2)                0.455      0.029      0.396      0.509    251.478      0.000   1087.494 

                                ------------------------------------------------------------------------------



Covariance Matrix: anxdep3 lonely3

Parameters                         Estimate     StdDev       2.5%      97.5%      ChiSq     PValue      N_Eff 
                                ------------------------------------------------------------------------------
Covariances:                    
  Cov(anxdep3,lonely3)                0.136      0.010      0.117      0.157    180.616      0.000   1626.295 

Correlations:                   
  Cor(anxdep3,lonely3)                0.507      0.026      0.454      0.555    384.079      0.000   1377.492 

                                ------------------------------------------------------------------------------



Covariance Matrix: anxdep4 lonely4

Parameters                         Estimate     StdDev       2.5%      97.5%      ChiSq     PValue      N_Eff 
                                ------------------------------------------------------------------------------
Covariances:                    
  Cov(anxdep4,lonely4)                0.119      0.011      0.098      0.140    126.790      0.000   2293.046 

Correlations:                   
  Cor(anxdep4,lonely4)                0.414      0.028      0.358      0.469    218.285      0.000   2652.003 

                                ------------------------------------------------------------------------------




ITERATION HISTORY:

  Chain 1 burn-in started on Aug 15 17:58:04 2026
  Chain 2 burn-in started on Aug 15 17:58:04 2026
  Chain 3 burn-in started on Aug 15 17:58:04 2026
  Chain 4 burn-in started on Aug 15 17:58:04 2026
  Chain 2 burn-in iteration 2500 completed on Aug 15 17:58:13 2026
  Chain 4 burn-in iteration 2500 completed on Aug 15 17:58:13 2026
  Chain 1 burn-in iteration 2500 completed on Aug 15 17:58:13 2026
  Chain 3 burn-in iteration 2500 completed on Aug 15 17:58:13 2026
  Chain 2 burn-in iteration 5000 completed on Aug 15 17:58:22 2026
  Chain 1 burn-in iteration 5000 completed on Aug 15 17:58:22 2026
  Chain 4 burn-in iteration 5000 completed on Aug 15 17:58:22 2026
  Chain 3 burn-in iteration 5000 completed on Aug 15 17:58:22 2026
  Chain 2 burn-in iteration 7500 completed on Aug 15 17:58:30 2026
  Chain 1 burn-in iteration 7500 completed on Aug 15 17:58:31 2026
  Chain 4 burn-in iteration 7500 completed on Aug 15 17:58:31 2026
  Chain 3 burn-in iteration 7500 completed on Aug 15 17:58:31 2026
  Chain 2 burn-in iteration 10000 completed on Aug 15 17:58:39 2026
  Chain 2 completed burn-in on Aug 15 17:58:39 2026
  Chain 1 burn-in iteration 10000 completed on Aug 15 17:58:39 2026
  Chain 1 completed burn-in on Aug 15 17:58:39 2026
  Chain 4 burn-in iteration 10000 completed on Aug 15 17:58:39 2026
  Chain 4 completed burn-in on Aug 15 17:58:39 2026
  Chain 3 burn-in iteration 10000 completed on Aug 15 17:58:40 2026
  Chain 3 completed burn-in on Aug 15 17:58:40 2026
  Chain 2 completed iteration 625 on Aug 15 17:58:43 2026
  Chain 1 completed iteration 625 on Aug 15 17:58:43 2026
  Chain 4 completed iteration 625 on Aug 15 17:58:43 2026
  Chain 3 completed iteration 625 on Aug 15 17:58:43 2026
  Chain 2 completed iteration 1250 on Aug 15 17:58:47 2026
  Chain 1 completed iteration 1250 on Aug 15 17:58:47 2026
  Chain 3 completed iteration 1250 on Aug 15 17:58:47 2026
  Chain 4 completed iteration 1250 on Aug 15 17:58:47 2026
  Chain 2 completed iteration 1875 on Aug 15 17:58:50 2026
  Chain 1 completed iteration 1875 on Aug 15 17:58:51 2026
  Chain 3 completed iteration 1875 on Aug 15 17:58:51 2026
  Chain 4 completed iteration 1875 on Aug 15 17:58:51 2026
  Chain 2 completed iteration 2500 on Aug 15 17:58:54 2026
  Chain 2 finished on Aug 15 17:58:54 2026
  Chain 1 completed iteration 2500 on Aug 15 17:58:54 2026
  Chain 1 finished on Aug 15 17:58:54 2026
  Chain 3 completed iteration 2500 on Aug 15 17:58:54 2026
  Chain 3 finished on Aug 15 17:58:54 2026
  Chain 4 completed iteration 2500 on Aug 15 17:58:54 2026
  Chain 4 finished on Aug 15 17:58:54 2026


---------------------------------------------------------------------------

                                   Blimp
                                 4.1.0.b11

             Blimp was developed with funding from Institute of
           Education Sciences awards R305D150056 and R305D190002.

            Craig K. Enders, P.I. Email: cenders@psych.ucla.edu
           Brian T. Keller, Co-P.I. Email: btkeller@missouri.edu
                 Han Du, Co-P.I. Email: hdu@psych.ucla.edu
                 Roy Levy, Co-P.I. Email: roy.levy@asu.edu

              Programming and Blimp Studio by Brian T. Keller

                   There is no expressed license given.

---------------------------------------------------------------------------


ALGORITHMIC OPTIONS SPECIFIED:

  Imputation method:                 Fully Bayesian model-based
  MCMC algorithm:                    Full conditional Metropolis sampler with
                                       Auto-Derived Conditional Distributions
  Default Priors:
    Multilevel covariance matrices:  Not applicable, single-level imputation
    Outcome covariance matrices:     Zero matrix, df = -(p + 1) (PRIOR2)
    Predictor model variances:       Unit sum of squares, df = 2 (XPRIOR1)
  Chain Starting Values:             Random starting values


  NOTE: For complete list of priors include 'pinfo' in the options.


BURN-IN POTENTIAL SCALE REDUCTION (PSR) OUTPUT:

  NOTE: Rank-normalized Rhat (Vehtari et al., 2021) is being used.
        This applies rank normalization and chain folding for robust
        convergence detection across all chains.

  Comparing iterations across 4 chains     Highest Rhat   Parameter #  
                          251 to 500             1.148            70  
                          501 to 1000            1.046            77  
                          751 to 1500            1.058            69  
                         1001 to 2000            1.061            34  
                         1251 to 2500            1.030            34  
                         1501 to 3000            1.025            82  
                         1751 to 3500            1.019            27  
                         2001 to 4000            1.020            70  
                         2251 to 4500            1.015            41  
                         2501 to 5000            1.011            60  
                         2751 to 5500            1.009            27  
                         3001 to 6000            1.013            88  
                         3251 to 6500            1.013            60  
                         3501 to 7000            1.015            21  
                         3751 to 7500            1.008            10  
                         4001 to 8000            1.011            10  
                         4251 to 8500            1.011            88  
                         4501 to 9000            1.013            88  
                         4751 to 9500            1.011            88  
                         5001 to 10000           1.006            21  


DATA INFORMATION:

  Sample Size:              1508
  Missing Data Info:

                      Pattern #:       1     2     3     4
                          miss % --------------------------
                  anxdep1 =  0.0       -     -     -     -  
                  anxdep2 =  8.0       -     -     M     -  
                  anxdep3 = 16.0       -     -     M     M  
                  anxdep4 = 25.0       -     M     M     M  
                  lonely1 =  0.0       -     -     -     -  
                  lonely2 =  8.0       -     -     M     -  
                  lonely3 = 16.0       -     -     M     M  
                  lonely4 = 25.0       -     M     M     M  
                   female =  0.0       -     -     -     -  
                                 --------------------------
                                 %  75.0   9.0   8.0   8.0


MODEL INFORMATION:

  NUMBER OF PARAMETERS
    Outcome Models:         35
    Predictor Models:       0

  PREDICTORS
    Fixed variables:        female

  FACTORS
    Level-1:                anxdep lonely

  DEFINED VARIABLES
    [1]  anxdep1w = anxdep1 - (a01 + anxdep + female*a31) 
    [2]  anxdep2w = anxdep2 - (a02 + anxdep + female*a32) 
    [3]  anxdep3w = anxdep3 - (a03 + anxdep + female*a33) 
    [4]  lonely1w = lonely1 - (b01 + lonely + female*b31) 
    [5]  lonely2w = lonely2 - (b02 + lonely + female*b32) 
    [6]  lonely3w = lonely3 - (b03 + lonely + female*b33) 

  MODELS

   between.person:
    [1]  anxdep ~ Intercept@0
    [2]  lonely ~ Intercept@0
    [3]  anxdep <-> lonely

   within.person:
    [4]  anxdep1 ~ Intercept@a01 anxdep@1 female@a31
    [5]  anxdep2 ~ Intercept@a02 female@a32 anxdep@1 anxdep1w@a1 lonely1w@a2
    [6]  anxdep3 ~ Intercept@a03 female@a33 anxdep@1 anxdep2w@a1 lonely2w@a2
    [7]  anxdep4 ~ Intercept@a04 female@a34 anxdep@1 anxdep3w@a1 lonely3w@a2
    [8]  lonely1 ~ Intercept@b01 lonely@1 female@b31
    [9]  lonely2 ~ Intercept@b02 female@b32 lonely@1 lonely1w@b1 anxdep1w@b2
   [10]  lonely3 ~ Intercept@b03 female@b33 lonely@1 lonely2w@b1 anxdep2w@b2
   [11]  lonely4 ~ Intercept@b04 female@b34 lonely@1 lonely3w@b1 anxdep3w@b2
   [12]  anxdep1 <-> lonely1
   [13]  anxdep2 <-> lonely2
   [14]  anxdep3 <-> lonely3
   [15]  anxdep4 <-> lonely4


 WARNING MESSAGES:

  No warning messages.


MODEL FIT:


  INFORMATION CRITERIA

    Conditional Likelihood
      DIC2                  21123.436
      WAIC                  22861.939

  WALD TESTS (Asparouhov & Muthén, 2021)

  Test #1

    Full:
      [1]  anxdep2 ~ Intercept@a02 female@a32 anxdep@1 anxdep1w@a1 lonely1w@a2
      [2]  anxdep3 ~ Intercept@a03 female@a33 anxdep@1 anxdep2w@a1 lonely2w@a2
      [3]  anxdep4 ~ Intercept@a04 female@a34 anxdep@1 anxdep3w@a1 lonely3w@a2
      [4]  lonely2 ~ Intercept@b02 female@b32 lonely@1 lonely1w@b1 anxdep1w@b2
      [5]  lonely3 ~ Intercept@b03 female@b33 lonely@1 lonely2w@b1 anxdep2w@b2
      [6]  lonely4 ~ Intercept@b04 female@b34 lonely@1 lonely3w@b1 anxdep3w@b2

    Restricted:
      [1]  anxdep2 ~ Intercept@a02 female@a32 anxdep@1 anxdep1w@a1 lonely1w@a2
      [2]  anxdep3 ~ Intercept@a03 female@a33 anxdep@1 anxdep2w@a1 lonely2w@a2
      [3]  anxdep4 ~ Intercept@a04 female@a34 anxdep@1 anxdep3w@a1 lonely3w@a2
      [4]  lonely2 ~ Intercept@b02 female@b32 lonely@1 lonely1w@b1 anxdep1w@b2
      [5]  lonely3 ~ Intercept@b03 female@b33 lonely@1 lonely2w@b1 anxdep2w@b2
      [6]  lonely4 ~ Intercept@b04 female@b34 lonely@1 lonely3w@b1 anxdep3w@b2

    Constraints in Restricted:
      [1]  a32 = a33
      [2]  a33 = a34
      [3]  b32 = b33
      [4]  b33 = b34


    Wald Statistic (Chi-Square)                14.156
    Number of Parameters Tested (df)                4
    Probability                                 0.007


IMPUTED DATA SUMMARIES:

  NOTE: Imputed data summaries are averaged across 10000 data sets.


Variables                              Mean     StdDev        25%        50%        75%        Min        Max 
                                ------------------------------------------------------------------------------

  anxdep                              0.000      0.401     -0.276     -0.008      0.267     -1.248      1.436 
  lonely                              0.000      0.496     -0.345     -0.009      0.333     -1.490      1.727 
  anxdep1                             1.882      0.696      1.250      1.750      2.250      1.000      5.000 
  anxdep2                             1.977      0.738      1.456      2.000      2.500      0.250      4.754 
  anxdep3                             2.049      0.748      1.500      2.000      2.502      0.078      4.535 
  anxdep4                             2.156      0.748      1.539      2.102      2.737      0.094      5.005 
  lonely1                             2.205      0.730      1.750      2.250      2.750      1.000      4.500 
  lonely2                             2.259      0.738      1.750      2.250      2.750      0.465      5.005 
  lonely3                             2.347      0.758      1.750      2.264      2.772      0.332      5.014 
  lonely4                             2.355      0.779      1.750      2.261      2.871      0.097      5.029 
  female                              0.607      0.488      0.000      1.000      1.000      0.000      1.000 

                                ------------------------------------------------------------------------------



CORRELATIONS AMONG RESIDUALS:

  Summaries based on 10000 iterations using 4 chains.
  NOTE: Estimate column based on posterior median.


Correlations                       Estimate     StdDev       2.5%      97.5%      ChiSq     PValue      N_Eff 
                                ------------------------------------------------------------------------------

  anxdep, anxdep1                    -0.018      0.037     -0.090      0.054      0.243      0.622   2768.341 
  anxdep, anxdep2                     0.015      0.035     -0.055      0.083      0.177      0.674   4737.217 
  anxdep, anxdep3                    -0.023      0.034     -0.089      0.044      0.465      0.495   6456.874 
  anxdep, anxdep4                     0.035      0.034     -0.032      0.102      1.031      0.310   7575.276 
  anxdep, lonely1                    -0.025      0.036     -0.096      0.047      0.481      0.488   3840.292 
  anxdep, lonely2                     0.009      0.035     -0.061      0.077      0.056      0.813   5145.497 
  anxdep, lonely3                     0.027      0.034     -0.041      0.093      0.606      0.436   7051.608 
  anxdep, lonely4                    -0.004      0.034     -0.072      0.062      0.012      0.913   7628.473 
  lonely, anxdep1                    -0.010      0.036     -0.079      0.061      0.070      0.791   3572.669 
  lonely, anxdep2                     0.014      0.034     -0.051      0.080      0.176      0.675   4845.449 
  lonely, anxdep3                    -0.054      0.033     -0.120      0.011      2.711      0.100   7556.481 
  lonely, anxdep4                     0.053      0.034     -0.011      0.120      2.531      0.112   8395.363 
  lonely, lonely1                    -0.010      0.036     -0.081      0.061      0.068      0.794   3667.448 
  lonely, lonely2                     0.006      0.035     -0.062      0.074      0.031      0.860   4028.696 
  lonely, lonely3                     0.006      0.034     -0.059      0.072      0.038      0.846   6862.293 
  lonely, lonely4                    -0.012      0.034     -0.079      0.056      0.125      0.723   6643.398 
  anxdep1, anxdep2                   -0.028      0.033     -0.092      0.036      0.728      0.393   6861.000 
  anxdep1, anxdep3                   -0.007      0.033     -0.071      0.058      0.042      0.837   2680.006 
  anxdep1, anxdep4                    0.000      0.034     -0.068      0.065      0.000      0.997   2168.033 
  anxdep1, lonely2                   -0.039      0.033     -0.104      0.025      1.439      0.230   7500.200 
  anxdep1, lonely3                    0.046      0.032     -0.017      0.109      1.968      0.161   3689.501 
  anxdep1, lonely4                   -0.030      0.033     -0.094      0.036      0.807      0.369   4584.734 
  anxdep2, anxdep3                    0.023      0.031     -0.038      0.084      0.547      0.460   5430.932 
  anxdep2, anxdep4                    0.060      0.031     -0.002      0.119      3.711      0.054   8221.260 
  anxdep2, lonely1                   -0.013      0.033     -0.079      0.053      0.149      0.699   8032.429 
  anxdep2, lonely3                    0.007      0.032     -0.056      0.070      0.040      0.841   5774.069 
  anxdep2, lonely4                    0.057      0.031     -0.004      0.117      3.487      0.062   8464.009 
  anxdep3, anxdep4                   -0.015      0.034     -0.082      0.052      0.200      0.655   2710.321 
  anxdep3, lonely1                   -0.074      0.033     -0.138     -0.009      5.148      0.023   4260.501 
  anxdep3, lonely2                    0.022      0.032     -0.039      0.085      0.492      0.483   7614.572 
  anxdep3, lonely4                   -0.005      0.034     -0.070      0.062      0.019      0.891   3405.634 
  anxdep4, lonely1                    0.023      0.034     -0.043      0.090      0.465      0.495   3286.980 
  anxdep4, lonely2                    0.069      0.031      0.010      0.130      5.097      0.024   9456.861 
  anxdep4, lonely3                   -0.012      0.034     -0.077      0.054      0.115      0.734   4126.086 
  lonely1, lonely2                   -0.021      0.033     -0.086      0.045      0.400      0.527   7352.750 
  lonely1, lonely3                    0.000      0.034     -0.066      0.068      0.000      0.997   2106.889 
  lonely1, lonely4                   -0.006      0.034     -0.073      0.060      0.037      0.847   3438.594 
  lonely2, lonely3                    0.025      0.031     -0.035      0.088      0.668      0.414   6648.189 
  lonely2, lonely4                    0.032      0.031     -0.028      0.094      1.088      0.297   6480.495 
  lonely3, lonely4                   -0.028      0.034     -0.096      0.038      0.699      0.403   2639.385 

                                ------------------------------------------------------------------------------



OUTCOME MODEL ESTIMATES:

  Summaries based on 10000 iterations using 4 chains.
  NOTE: Estimate column based on posterior median.

  between.person block:

Latent Variable:   anxdep     

Parameters                         Estimate     StdDev       2.5%      97.5%      ChiSq     PValue      N_Eff 
                                ------------------------------------------------------------------------------
Variances:                      
  Residual Var.                       0.161      0.017      0.129      0.196        ---        ---    424.795 

Standard Deviations:            
  Residual SD                         0.401      0.021      0.359      0.442        ---        ---    422.614 

Proportion Variance Explained   
  by Coefficients                     0.000      0.000      0.000      0.000        ---        ---        --- 
  by Residual Variation               1.000      0.000      1.000      1.000        ---        ---        --- 

                                ------------------------------------------------------------------------------



Latent Variable:   lonely     

Parameters                         Estimate     StdDev       2.5%      97.5%      ChiSq     PValue      N_Eff 
                                ------------------------------------------------------------------------------
Variances:                      
  Residual Var.                       0.247      0.020      0.207      0.285        ---        ---    440.030 

Standard Deviations:            
  Residual SD                         0.497      0.020      0.455      0.534        ---        ---    438.376 

Proportion Variance Explained   
  by Coefficients                     0.000      0.000      0.000      0.000        ---        ---        --- 
  by Residual Variation               1.000      0.000      1.000      1.000        ---        ---        --- 

                                ------------------------------------------------------------------------------



Covariance Matrix: anxdep lonely

Parameters                         Estimate     StdDev       2.5%      97.5%      ChiSq     PValue      N_Eff 
                                ------------------------------------------------------------------------------
Covariances:                    
  Cov(anxdep,lonely)                  0.138      0.015      0.108      0.169     80.046      0.000    448.256 

Correlations:                   
  Cor(anxdep,lonely)                  0.692      0.037      0.614      0.763    345.558      0.000    478.904 

                                ------------------------------------------------------------------------------


  within.person block:

Outcome Variable:  anxdep1    

Parameters                         Estimate     StdDev       2.5%      97.5%      ChiSq     PValue      N_Eff 
                                ------------------------------------------------------------------------------
Variances:                      
  Residual Var.                       0.282      0.017      0.250      0.318        ---        ---    724.317 

Coefficients:                   
  Intercept                           1.606      0.028      1.552      1.660   3316.266      0.000    435.768 
  anxdep                            @ 1.000        ---        ---        ---        ---        ---        --- 
  female                              0.455      0.036      0.384      0.524    162.832      0.000    407.757 

Standard Deviations:            
  Residual SD                         0.531      0.016      0.500      0.564        ---        ---    723.679 

Standardized Coefficients:      
  anxdep                              0.572      0.027      0.517      0.620    462.554      0.000    399.093 
  female                              0.317      0.024      0.268      0.362    177.374      0.000    408.112 

Proportion Variance Explained   
  by Coefficients                     0.428      0.031      0.366      0.486        ---        ---    439.848 
  by Residual Variation               0.572      0.031      0.514      0.634        ---        ---    439.848 

                                ------------------------------------------------------------------------------



Outcome Variable:  anxdep2    

Parameters                         Estimate     StdDev       2.5%      97.5%      ChiSq     PValue      N_Eff 
                                ------------------------------------------------------------------------------
Variances:                      
  Residual Var.                       0.257      0.012      0.232      0.281        ---        ---   1137.885 

Coefficients:                   
  Intercept                           1.643      0.029      1.586      1.699   3218.152      0.000    393.326 
  female                              0.550      0.037      0.479      0.626    220.867      0.000    361.610 
  anxdep                            @ 1.000        ---        ---        ---        ---        ---        --- 
  anxdep1w                            0.372      0.034      0.304      0.437    121.174      0.000    395.627 
  lonely1w                            0.149      0.030      0.089      0.209     24.053      0.000    564.463 

Standard Deviations:            
  Residual SD                         0.506      0.012      0.482      0.530        ---        ---   1134.842 

Standardized Coefficients:      
  female                              0.364      0.023      0.318      0.410    249.561      0.000    349.899 
  anxdep                              0.542      0.028      0.486      0.596    372.962      0.000    378.484 
  anxdep1w                            0.266      0.027      0.213      0.321     95.278      0.000    383.045 
  lonely1w                            0.108      0.023      0.064      0.154     22.159      0.000    517.703 

Proportion Variance Explained   
  by Coefficients                     0.531      0.016      0.501      0.562        ---        ---    843.348 
  by Residual Variation               0.469      0.016      0.438      0.499        ---        ---    843.348 

                                ------------------------------------------------------------------------------



Outcome Variable:  anxdep3    

Parameters                         Estimate     StdDev       2.5%      97.5%      ChiSq     PValue      N_Eff 
                                ------------------------------------------------------------------------------
Variances:                      
  Residual Var.                       0.285      0.013      0.260      0.313        ---        ---   1668.949 

Coefficients:                   
  Intercept                           1.754      0.031      1.696      1.817   3219.377      0.000    339.848 
  female                              0.485      0.040      0.404      0.563    146.127      0.000    344.303 
  anxdep                            @ 1.000        ---        ---        ---        ---        ---        --- 
  anxdep2w                            0.372      0.034      0.304      0.437    121.174      0.000    395.627 
  lonely2w                            0.149      0.030      0.089      0.209     24.053      0.000    564.463 

Standard Deviations:            
  Residual SD                         0.534      0.013      0.510      0.559        ---        ---   1665.294 

Standardized Coefficients:      
  female                              0.314      0.025      0.263      0.361    161.047      0.000    346.752 
  anxdep                              0.532      0.027      0.477      0.582    384.894      0.000    383.822 
  anxdep2w                            0.274      0.030      0.215      0.333     83.523      0.000    383.432 
  lonely2w                            0.106      0.023      0.062      0.154     20.574      0.000    507.482 

Proportion Variance Explained   
  by Coefficients                     0.499      0.016      0.469      0.529        ---        ---   1116.475 
  by Residual Variation               0.501      0.016      0.471      0.531        ---        ---   1116.475 

                                ------------------------------------------------------------------------------



Outcome Variable:  anxdep4    

Parameters                         Estimate     StdDev       2.5%      97.5%      ChiSq     PValue      N_Eff 
                                ------------------------------------------------------------------------------
Variances:                      
  Residual Var.                       0.265      0.013      0.241      0.290        ---        ---   2071.407 

Coefficients:                   
  Intercept                           1.909      0.032      1.847      1.972   3584.592      0.000    590.849 
  female                              0.404      0.041      0.324      0.485     96.803      0.000    658.213 
  anxdep                            @ 1.000        ---        ---        ---        ---        ---        --- 
  anxdep3w                            0.372      0.034      0.304      0.437    121.174      0.000    395.627 
  lonely3w                            0.149      0.030      0.089      0.209     24.053      0.000    564.463 

Standard Deviations:            
  Residual SD                         0.514      0.012      0.491      0.539        ---        ---   2069.916 

Standardized Coefficients:      
  female                              0.269      0.026      0.217      0.320    104.486      0.000    647.337 
  anxdep                              0.546      0.028      0.488      0.597    382.803      0.000    392.858 
  anxdep3w                            0.301      0.033      0.236      0.365     83.799      0.000    381.729 
  lonely3w                            0.114      0.025      0.067      0.164     20.875      0.000    519.972 

Proportion Variance Explained   
  by Coefficients                     0.510      0.016      0.479      0.540        ---        ---   1511.601 
  by Residual Variation               0.490      0.016      0.460      0.521        ---        ---   1511.601 

                                ------------------------------------------------------------------------------



Outcome Variable:  lonely1    

Parameters                         Estimate     StdDev       2.5%      97.5%      ChiSq     PValue      N_Eff 
                                ------------------------------------------------------------------------------
Variances:                      
  Residual Var.                       0.288      0.019      0.255      0.328        ---        ---    622.070 

Coefficients:                   
  Intercept                           2.117      0.030      2.058      2.173   5094.605      0.000    396.355 
  lonely                            @ 1.000        ---        ---        ---        ---        ---        --- 
  female                              0.145      0.038      0.071      0.219     14.674      0.000    370.501 

Standard Deviations:            
  Residual SD                         0.537      0.018      0.505      0.572        ---        ---    622.928 

Standardized Coefficients:      
  lonely                              0.676      0.022      0.627      0.714    927.946      0.000    389.990 
  female                              0.096      0.025      0.047      0.145     14.818      0.000    369.530 

Proportion Variance Explained   
  by Coefficients                     0.467      0.030      0.402      0.519        ---        ---    387.622 
  by Residual Variation               0.533      0.030      0.481      0.598        ---        ---    387.622 

                                ------------------------------------------------------------------------------



Outcome Variable:  lonely2    

Parameters                         Estimate     StdDev       2.5%      97.5%      ChiSq     PValue      N_Eff 
                                ------------------------------------------------------------------------------
Variances:                      
  Residual Var.                       0.242      0.013      0.217      0.268        ---        ---    925.755 

Coefficients:                   
  Intercept                           2.127      0.030      2.070      2.186   5160.640      0.000    311.570 
  female                              0.217      0.038      0.143      0.289     33.114      0.000    289.570 
  lonely                            @ 1.000        ---        ---        ---        ---        ---        --- 
  lonely1w                            0.376      0.037      0.304      0.450    104.247      0.000    389.414 
  anxdep1w                            0.088      0.028      0.035      0.142     10.194      0.001    579.304 

Standard Deviations:            
  Residual SD                         0.492      0.013      0.466      0.518        ---        ---    925.508 

Standardized Coefficients:      
  female                              0.143      0.025      0.094      0.190     33.591      0.000    289.058 
  lonely                              0.670      0.026      0.614      0.715    677.017      0.000    385.587 
  lonely1w                            0.272      0.030      0.215      0.336     82.070      0.000    352.174 
  anxdep1w                            0.063      0.020      0.024      0.103      9.702      0.002    547.846 

Proportion Variance Explained   
  by Coefficients                     0.560      0.016      0.530      0.591        ---        ---    665.386 
  by Residual Variation               0.440      0.016      0.409      0.470        ---        ---    665.386 

                                ------------------------------------------------------------------------------



Outcome Variable:  lonely3    

Parameters                         Estimate     StdDev       2.5%      97.5%      ChiSq     PValue      N_Eff 
                                ------------------------------------------------------------------------------
Variances:                      
  Residual Var.                       0.253      0.012      0.230      0.279        ---        ---   1740.989 

Coefficients:                   
  Intercept                           2.214      0.031      2.156      2.277   5229.246      0.000    323.695 
  female                              0.218      0.039      0.140      0.291     31.185      0.000    328.379 
  lonely                            @ 1.000        ---        ---        ---        ---        ---        --- 
  lonely2w                            0.376      0.037      0.304      0.450    104.247      0.000    389.414 
  anxdep2w                            0.088      0.028      0.035      0.142     10.194      0.001    579.304 

Standard Deviations:            
  Residual SD                         0.503      0.012      0.480      0.528        ---        ---   1736.819 

Standardized Coefficients:      
  female                              0.142      0.025      0.091      0.188     31.671      0.000    328.588 
  lonely                              0.661      0.024      0.609      0.701    781.032      0.000    403.469 
  lonely2w                            0.268      0.033      0.206      0.339     64.660      0.000    362.028 
  anxdep2w                            0.065      0.021      0.025      0.108      9.476      0.002    539.714 

Proportion Variance Explained   
  by Coefficients                     0.552      0.015      0.522      0.581        ---        ---    951.004 
  by Residual Variation               0.448      0.015      0.419      0.478        ---        ---    951.004 

                                ------------------------------------------------------------------------------



Outcome Variable:  lonely4    

Parameters                         Estimate     StdDev       2.5%      97.5%      ChiSq     PValue      N_Eff 
                                ------------------------------------------------------------------------------
Variances:                      
  Residual Var.                       0.308      0.015      0.280      0.339        ---        ---   2907.922 

Coefficients:                   
  Intercept                           2.271      0.034      2.205      2.338   4433.211      0.000    590.911 
  female                              0.138      0.044      0.049      0.225      9.662      0.002    590.679 
  lonely                            @ 1.000        ---        ---        ---        ---        ---        --- 
  lonely3w                            0.376      0.037      0.304      0.450    104.247      0.000    389.414 
  anxdep3w                            0.088      0.028      0.035      0.142     10.194      0.001    579.304 

Standard Deviations:            
  Residual SD                         0.555      0.013      0.529      0.582        ---        ---   2901.292 

Standardized Coefficients:      
  female                              0.085      0.027      0.030      0.139      9.748      0.002    588.962 
  lonely                              0.632      0.022      0.582      0.670    794.849      0.000    431.562 
  lonely3w                            0.268      0.033      0.207      0.337     66.490      0.000    370.131 
  anxdep3w                            0.066      0.022      0.025      0.110      9.494      0.002    541.511 

Proportion Variance Explained   
  by Coefficients                     0.502      0.014      0.474      0.530        ---        ---   1997.350 
  by Residual Variation               0.498      0.014      0.470      0.526        ---        ---   1997.350 

                                ------------------------------------------------------------------------------



Covariance Matrix: anxdep1 lonely1

Parameters                         Estimate     StdDev       2.5%      97.5%      ChiSq     PValue      N_Eff 
                                ------------------------------------------------------------------------------
Covariances:                    
  Cov(anxdep1,lonely1)                0.136      0.015      0.109      0.166     86.790      0.000    719.722 

Correlations:                   
  Cor(anxdep1,lonely1)                0.477      0.033      0.410      0.539    208.607      0.000    925.214 

                                ------------------------------------------------------------------------------



Covariance Matrix: anxdep2 lonely2

Parameters                         Estimate     StdDev       2.5%      97.5%      ChiSq     PValue      N_Eff 
                                ------------------------------------------------------------------------------
Covariances:                    
  Cov(anxdep2,lonely2)                0.113      0.010      0.093      0.132    131.178      0.000   1046.908 

Correlations:                   
  Cor(anxdep2,lonely2)                0.452      0.028      0.395      0.506    255.152      0.000   1181.742 

                                ------------------------------------------------------------------------------



Covariance Matrix: anxdep3 lonely3

Parameters                         Estimate     StdDev       2.5%      97.5%      ChiSq     PValue      N_Eff 
                                ------------------------------------------------------------------------------
Covariances:                    
  Cov(anxdep3,lonely3)                0.136      0.010      0.117      0.157    178.028      0.000   1947.415 

Correlations:                   
  Cor(anxdep3,lonely3)                0.508      0.026      0.456      0.557    386.463      0.000   1820.076 

                                ------------------------------------------------------------------------------



Covariance Matrix: anxdep4 lonely4

Parameters                         Estimate     StdDev       2.5%      97.5%      ChiSq     PValue      N_Eff 
                                ------------------------------------------------------------------------------
Covariances:                    
  Cov(anxdep4,lonely4)                0.117      0.011      0.098      0.139    124.559      0.000   2555.378 

Correlations:                   
  Cor(anxdep4,lonely4)                0.412      0.028      0.356      0.467    214.996      0.000   2719.554 

                                ------------------------------------------------------------------------------




ITERATION HISTORY:

  Chain 1 burn-in started on Aug 15 17:59:10 2026
  Chain 3 burn-in started on Aug 15 17:59:10 2026
  Chain 4 burn-in started on Aug 15 17:59:10 2026
  Chain 2 burn-in started on Aug 15 17:59:10 2026
  Chain 1 burn-in iteration 2500 completed on Aug 15 17:59:23 2026
  Chain 3 burn-in iteration 2500 completed on Aug 15 17:59:23 2026
  Chain 4 burn-in iteration 2500 completed on Aug 15 17:59:23 2026
  Chain 2 burn-in iteration 2500 completed on Aug 15 17:59:23 2026
  Chain 4 burn-in iteration 5000 completed on Aug 15 17:59:35 2026
  Chain 3 burn-in iteration 5000 completed on Aug 15 17:59:35 2026
  Chain 2 burn-in iteration 5000 completed on Aug 15 17:59:35 2026
  Chain 1 burn-in iteration 5000 completed on Aug 15 17:59:35 2026
  Chain 4 burn-in iteration 7500 completed on Aug 15 17:59:47 2026
  Chain 3 burn-in iteration 7500 completed on Aug 15 17:59:47 2026
  Chain 2 burn-in iteration 7500 completed on Aug 15 17:59:47 2026
  Chain 1 burn-in iteration 7500 completed on Aug 15 17:59:48 2026
  Chain 2 burn-in iteration 10000 completed on Aug 15 18:00:00 2026
  Chain 2 completed burn-in on Aug 15 18:00:00 2026
  Chain 3 burn-in iteration 10000 completed on Aug 15 18:00:00 2026
  Chain 3 completed burn-in on Aug 15 18:00:00 2026
  Chain 4 burn-in iteration 10000 completed on Aug 15 18:00:00 2026
  Chain 4 completed burn-in on Aug 15 18:00:00 2026
  Chain 1 burn-in iteration 10000 completed on Aug 15 18:00:00 2026
  Chain 1 completed burn-in on Aug 15 18:00:00 2026
  Chain 2 completed iteration 625 on Aug 15 18:00:04 2026
  Chain 3 completed iteration 625 on Aug 15 18:00:04 2026
  Chain 4 completed iteration 625 on Aug 15 18:00:04 2026
  Chain 1 completed iteration 625 on Aug 15 18:00:04 2026
  Chain 2 completed iteration 1250 on Aug 15 18:00:08 2026
  Chain 3 completed iteration 1250 on Aug 15 18:00:08 2026
  Chain 4 completed iteration 1250 on Aug 15 18:00:08 2026
  Chain 1 completed iteration 1250 on Aug 15 18:00:09 2026
  Chain 2 completed iteration 1875 on Aug 15 18:00:13 2026
  Chain 3 completed iteration 1875 on Aug 15 18:00:13 2026
  Chain 4 completed iteration 1875 on Aug 15 18:00:13 2026
  Chain 1 completed iteration 1875 on Aug 15 18:00:13 2026
  Chain 2 completed iteration 2500 on Aug 15 18:00:17 2026
  Chain 2 finished on Aug 15 18:00:17 2026
  Chain 3 completed iteration 2500 on Aug 15 18:00:17 2026
  Chain 3 finished on Aug 15 18:00:17 2026
  Chain 4 completed iteration 2500 on Aug 15 18:00:17 2026
  Chain 4 finished on Aug 15 18:00:17 2026
  Chain 1 completed iteration 2500 on Aug 15 18:00:17 2026
  Chain 1 finished on Aug 15 18:00:17 2026

