! Setting executable does not persist on exit.
→ Checking for Blimp Update...

ITERATION HISTORY:

  Chain 2 burn-in started on Aug 15 18:14:30 2026
  Chain 1 burn-in started on Aug 15 18:14:30 2026
  Chain 4 burn-in started on Aug 15 18:14:30 2026
  Chain 3 burn-in started on Aug 15 18:14:30 2026
  Chain 2 burn-in iteration 5000 completed on Aug 15 18:14:34 2026
  Chain 4 burn-in iteration 5000 completed on Aug 15 18:14:34 2026
  Chain 3 burn-in iteration 5000 completed on Aug 15 18:14:34 2026
  Chain 1 burn-in iteration 5000 completed on Aug 15 18:14:34 2026
  Chain 1 burn-in iteration 10000 completed on Aug 15 18:14:38 2026
  Chain 4 burn-in iteration 10000 completed on Aug 15 18:14:38 2026
  Chain 3 burn-in iteration 10000 completed on Aug 15 18:14:38 2026
  Chain 2 burn-in iteration 10000 completed on Aug 15 18:14:38 2026
  Chain 3 burn-in iteration 15000 completed on Aug 15 18:14:42 2026
  Chain 1 burn-in iteration 15000 completed on Aug 15 18:14:42 2026
  Chain 4 burn-in iteration 15000 completed on Aug 15 18:14:42 2026
  Chain 2 burn-in iteration 15000 completed on Aug 15 18:14:42 2026
  Chain 1 burn-in iteration 20000 completed on Aug 15 18:14:45 2026
  Chain 1 completed burn-in on Aug 15 18:14:45 2026
  Chain 3 burn-in iteration 20000 completed on Aug 15 18:14:45 2026
  Chain 3 completed burn-in on Aug 15 18:14:45 2026
  Chain 4 burn-in iteration 20000 completed on Aug 15 18:14:46 2026
  Chain 4 completed burn-in on Aug 15 18:14:46 2026
  Chain 2 burn-in iteration 20000 completed on Aug 15 18:14:46 2026
  Chain 2 completed burn-in on Aug 15 18:14:46 2026
  Chain 1 completed iteration 1250 on Aug 15 18:14:49 2026
  Chain 3 completed iteration 1250 on Aug 15 18:14:49 2026
  Chain 4 completed iteration 1250 on Aug 15 18:14:49 2026
  Chain 2 completed iteration 1250 on Aug 15 18:14:49 2026
  Chain 1 completed iteration 2500 on Aug 15 18:14:52 2026
  Chain 3 completed iteration 2500 on Aug 15 18:14:52 2026
  Chain 4 completed iteration 2500 on Aug 15 18:14:52 2026
  Chain 2 completed iteration 2500 on Aug 15 18:14:52 2026
  Chain 1 completed iteration 3750 on Aug 15 18:14:55 2026
  Chain 3 completed iteration 3750 on Aug 15 18:14:55 2026
  Chain 4 completed iteration 3750 on Aug 15 18:14:56 2026
  Chain 2 completed iteration 3750 on Aug 15 18:14:56 2026
  Chain 1 completed iteration 5000 on Aug 15 18:14:58 2026
  Chain 1 finished on Aug 15 18:14:58 2026
  Chain 3 completed iteration 5000 on Aug 15 18:14:59 2026
  Chain 3 finished on Aug 15 18:14:59 2026
  Chain 4 completed iteration 5000 on Aug 15 18:14:59 2026
  Chain 4 finished on Aug 15 18:14:59 2026
  Chain 2 completed iteration 5000 on Aug 15 18:14:59 2026
  Chain 2 finished on Aug 15 18:14:59 2026


---------------------------------------------------------------------------

                                   Blimp
                                 4.1.0.b11

             Blimp was developed with funding from Institute of
           Education Sciences awards R305D150056 and R305D190002.

            Craig K. Enders, P.I. Email: cenders@psych.ucla.edu
           Brian T. Keller, Co-P.I. Email: btkeller@missouri.edu
                 Han Du, Co-P.I. Email: hdu@psych.ucla.edu
                 Roy Levy, Co-P.I. Email: roy.levy@asu.edu

              Programming and Blimp Studio by Brian T. Keller

                   There is no expressed license given.

---------------------------------------------------------------------------


ALGORITHMIC OPTIONS SPECIFIED:

  Imputation method:                 Fully Bayesian model-based
  MCMC algorithm:                    Full conditional Metropolis sampler with
                                       Auto-Derived Conditional Distributions
  Default Priors:
    Multilevel covariance matrices:  Not applicable, single-level imputation
    Outcome covariance matrices:     Zero matrix, df = -(p + 1) (PRIOR2)
    Predictor model variances:       Unit sum of squares, df = 2 (XPRIOR1)
  Chain Starting Values:             Random starting values


  NOTE: The default prior for regression coefficients 
        in categorical models is 'normal( 0.0, 5.0)'

  NOTE: For complete list of priors include 'pinfo' in the options.


BURN-IN POTENTIAL SCALE REDUCTION (PSR) OUTPUT:

  NOTE: Rank-normalized Rhat (Vehtari et al., 2021) is being used.
        This applies rank normalization and chain folding for robust
        convergence detection across all chains.

  Comparing iterations across 4 chains     Highest Rhat   Parameter #  
                          501 to 1000            1.267            76  
                         1001 to 2000            1.182            43  
                         1501 to 3000            1.095            43  
                         2001 to 4000            1.081            72  
                         2501 to 5000            1.073            98  
                         3001 to 6000            1.070            42  
                         3501 to 7000            1.044            65  
                         4001 to 8000            1.046            33  
                         4501 to 9000            1.051            43  
                         5001 to 10000           1.058            43  
                         5501 to 11000           1.032            43  
                         6001 to 12000           1.032            65  
                         6501 to 13000           1.032            43  
                         7001 to 14000           1.046            43  
                         7501 to 15000           1.026            43  
                         8001 to 16000           1.027            99  
                         8501 to 17000           1.031            77  
                         9001 to 18000           1.024            55  
                         9501 to 19000           1.028            54  
                        10001 to 20000           1.022            54  


METROPOLIS-HASTINGS ACCEPTANCE RATES:

  Chain 1:

    Variable                            Type    Probability   Target Value 
    attent1                        threshold          0.353          0.350 
    attent2                        threshold          0.375          0.350 
    attent3                        threshold          0.393          0.350 
    attent4                        threshold          0.377          0.350 
    attent5                        threshold          0.368          0.350 
    attent6                        threshold          0.353          0.350 
    attent7                        threshold          0.377          0.350 
    attent8                        threshold          0.299          0.350 
    attent9                        threshold          0.362          0.350 

  NOTE: Suppressing printing of 3 chains.
        Use keyword 'tuneinfo' in options to override.


DATA INFORMATION:

  Sample Size:              939
  Missing Data Info:

                      Pattern #:       1     2     3     4     5     6     7     8     9    10
                          miss % --------------------------------------------------------------
                  attent1 =  0.6       -     -     -     -     -     -     -     M     -     -  
                  attent2 =  1.0       -     -     -     M     -     -     -     -     -     -  
                  attent3 =  0.3       -     -     -     -     -     -     -     -     -     -  
                  attent4 =  0.5       -     -     -     -     -     -     M     -     -     -  
                  attent5 =  0.5       -     -     -     -     -     -     -     -     M     -  
                  attent6 =  1.6       -     -     M     -     -     -     -     -     -     -  
                  attent7 =  1.2       -     -     -     -     -     M     -     -     -     M  
                  attent8 =  2.1       -     M     -     -     -     -     -     -     -     -  
                  attent9 =  1.2       -     -     -     -     M     -     -     -     -     M  
                                 --------------------------------------------------------------
                                 %  93.8   1.5   0.7   0.5   0.5   0.5   0.3   0.3   0.2   0.2

  NOTE: Suppressing printing of 12 missing data patterns.
        These patterns consist of 1.3% of the data.
        Use keyword 'allpatterns' in options to print all patterns.


MODEL INFORMATION:

  NUMBER OF PARAMETERS
    Outcome Models:         45
    Predictor Models:       0

  FACTORS
    Level-1:                attention

  MODELS
    [1]  attention ~ Intercept@0
    [2]  attent1 ~ Intercept attention@load1
    [3]  attent2 ~ Intercept attention
    [4]  attent3 ~ Intercept attention
    [5]  attent4 ~ Intercept attention
    [6]  attent5 ~ Intercept attention
    [7]  attent6 ~ Intercept attention
    [8]  attent7 ~ Intercept attention
    [9]  attent8 ~ Intercept attention
   [10]  attent9 ~ Intercept attention


 WARNING MESSAGES:

  No warning messages.


MODEL FIT:


  INFORMATION CRITERIA

    Conditional Likelihood
      DIC2                  28374.578
      WAIC                  30209.031


IMPUTED DATA SUMMARIES:

  NOTE: Imputed data summaries are averaged across 20000 data sets.


Variables                              Mean     StdDev        25%        50%        75%        Min        Max 
                                ------------------------------------------------------------------------------

  attention                           0.007      0.997     -0.690     -0.052      0.657     -3.012      3.352 
  attent1                             2.725      1.233      2.000      3.000      4.000      1.000      5.000 
  attent2                             2.858      1.302      2.000      3.000      4.000      1.000      5.000 
  attent3                             3.169      1.320      2.000      3.000      4.000      1.000      5.000 
  attent4                             2.710      1.371      2.000      2.220      4.000      1.000      5.000 
  attent5                             2.732      1.360      2.000      3.000      4.000      1.000      5.000 
  attent6                             3.039      1.375      2.000      3.000      4.000      1.000      5.000 
  attent7                             3.109      1.380      2.000      3.000      4.000      1.000      5.000 
  attent8                             2.742      1.367      2.000      3.000      4.000      1.000      5.000 
  attent9                             3.130      1.345      2.000      3.000      4.000      1.000      5.000 

                                ------------------------------------------------------------------------------



CORRELATIONS AMONG RESIDUALS:

  Summaries based on 20000 iterations using 4 chains.
  NOTE: Estimate column based on posterior median.


Correlations                       Estimate     StdDev       2.5%      97.5%      ChiSq     PValue      N_Eff 
                                ------------------------------------------------------------------------------

  attention, attent1                  0.000      0.046     -0.091      0.090      0.000      0.997  19787.853 
  attention, attent2                  0.000      0.046     -0.091      0.091      0.000      0.993  19988.825 
  attention, attent3                  0.000      0.046     -0.091      0.091      0.000      0.997  20067.347 
  attention, attent4                 -0.000      0.047     -0.091      0.091      0.000      0.999  19735.909 
  attention, attent5                 -0.000      0.046     -0.091      0.091      0.000      0.999  19520.356 
  attention, attent6                  0.001      0.046     -0.091      0.092      0.000      0.992  20223.833 
  attention, attent7                  0.001      0.046     -0.090      0.091      0.000      0.988  19915.301 
  attention, attent8                  0.001      0.046     -0.090      0.091      0.000      0.995  19472.186 
  attention, attent9                  0.000      0.046     -0.090      0.091      0.000      0.996  19586.896 
  attent1, attent2                    0.111      0.040      0.031      0.188      7.576      0.006   8503.558 
  attent1, attent3                   -0.021      0.040     -0.099      0.058      0.280      0.597  10451.424 
  attent1, attent4                    0.005      0.041     -0.076      0.087      0.016      0.898   7320.822 
  attent1, attent5                    0.019      0.041     -0.061      0.098      0.212      0.645   9582.972 
  attent1, attent6                    0.020      0.040     -0.058      0.099      0.250      0.617  10811.558 
  attent1, attent7                   -0.079      0.040     -0.159     -0.001      3.906      0.048   9726.045 
  attent1, attent8                   -0.014      0.041     -0.094      0.066      0.123      0.726   8979.172 
  attent1, attent9                   -0.046      0.041     -0.126      0.034      1.243      0.265  10326.533 
  attent2, attent3                    0.106      0.040      0.026      0.185      6.817      0.009   6911.000 
  attent2, attent4                   -0.046      0.042     -0.127      0.036      1.197      0.274   6080.581 
  attent2, attent5                   -0.072      0.041     -0.152      0.010      3.012      0.083   7190.609 
  attent2, attent6                   -0.003      0.041     -0.083      0.075      0.007      0.935   7456.744 
  attent2, attent7                   -0.145      0.040     -0.223     -0.065     12.873      0.000   9645.827 
  attent2, attent8                    0.171      0.040      0.092      0.247     18.536      0.000   7170.614 
  attent2, attent9                   -0.052      0.041     -0.132      0.030      1.584      0.208   7481.469 
  attent3, attent4                    0.008      0.042     -0.074      0.088      0.033      0.856   9233.216 
  attent3, attent5                   -0.070      0.041     -0.150      0.011      2.838      0.092   9122.910 
  attent3, attent6                   -0.030      0.040     -0.109      0.048      0.559      0.455   8937.987 
  attent3, attent7                   -0.068      0.040     -0.146      0.012      2.790      0.095   7206.608 
  attent3, attent8                    0.048      0.040     -0.031      0.126      1.420      0.233   9203.965 
  attent3, attent9                    0.034      0.041     -0.046      0.114      0.714      0.398   8415.582 
  attent4, attent5                    0.049      0.042     -0.033      0.130      1.360      0.243   5270.913 
  attent4, attent6                    0.011      0.042     -0.071      0.093      0.072      0.788   5448.814 
  attent4, attent7                    0.034      0.042     -0.048      0.117      0.668      0.414   5886.917 
  attent4, attent8                   -0.059      0.042     -0.141      0.022      2.047      0.153   6240.753 
  attent4, attent9                   -0.018      0.042     -0.100      0.064      0.178      0.673   5908.271 
  attent5, attent6                    0.016      0.042     -0.066      0.097      0.143      0.705   6807.578 
  attent5, attent7                    0.097      0.041      0.015      0.177      5.461      0.019   5512.756 
  attent5, attent8                   -0.066      0.041     -0.147      0.015      2.523      0.112   7810.046 
  attent5, attent9                    0.003      0.042     -0.080      0.084      0.003      0.954   5728.735 
  attent6, attent7                    0.008      0.041     -0.073      0.088      0.036      0.850   7110.545 
  attent6, attent8                    0.047      0.041     -0.032      0.127      1.335      0.248   8348.221 
  attent6, attent9                   -0.072      0.041     -0.153      0.009      3.096      0.078   9641.074 
  attent7, attent8                   -0.076      0.041     -0.155      0.005      3.361      0.067   8737.431 
  attent7, attent9                    0.158      0.040      0.079      0.236     15.579      0.000   5205.036 
  attent8, attent9                   -0.018      0.041     -0.098      0.062      0.199      0.655   8517.355 

                                ------------------------------------------------------------------------------



OUTCOME MODEL ESTIMATES:

  Summaries based on 20000 iterations using 4 chains.
  NOTE: Estimate column based on posterior median.


Latent Variable:   attention  

Parameters                         Estimate     StdDev       2.5%      97.5%      ChiSq     PValue      N_Eff 
                                ------------------------------------------------------------------------------
Variances:                      
  Residual Var.                     @ 1.000        ---        ---        ---        ---        ---        --- 

Standard Deviations:            
  Residual SD                         1.000      0.000      1.000      1.000        ---        ---        --- 

Proportion Variance Explained   
  by Coefficients                     0.000      0.000      0.000      0.000        ---        ---        --- 
  by Residual Variation               1.000      0.000      1.000      1.000        ---        ---        --- 

                                ------------------------------------------------------------------------------



Outcome Variable:  attent1    

Parameters                         Estimate     StdDev       2.5%      97.5%      ChiSq     PValue      N_Eff 
                                ------------------------------------------------------------------------------
Variances:                      
  Residual Var.                       1.000      0.000      1.000      1.000        ---        ---        --- 

Coefficients:                   
  Intercept                           1.502      0.074      1.361      1.652    410.683      0.000    526.030 
  attention                           1.283      0.063      1.164      1.411    421.672      0.000    624.556 

Thresholds:                     
  Tau 1                               0.000      0.000      0.000      0.000        ---        ---        --- 
  Tau 2                               1.371      0.069      1.242      1.511        ---        ---    420.834 
  Tau 3                               2.515      0.087      2.350      2.688        ---        ---    319.196 
  Tau 4                               3.505      0.110      3.289      3.719        ---        ---    325.840 

Standard Deviations:            
  Residual SD                         1.000      0.000      1.000      1.000        ---        ---        --- 

Standardized Coefficients:      
  attention                           0.788      0.013      0.761      0.812   3764.632      0.000    624.742 

Proportion Variance Explained   
  by Coefficients                     0.621      0.020      0.580      0.659        ---        ---    623.342 
  by Residual Variation               0.379      0.020      0.341      0.420        ---        ---    623.342 

                                ------------------------------------------------------------------------------



Outcome Variable:  attent2    

Parameters                         Estimate     StdDev       2.5%      97.5%      ChiSq     PValue      N_Eff 
                                ------------------------------------------------------------------------------
Variances:                      
  Residual Var.                       1.000      0.000      1.000      1.000        ---        ---        --- 

Coefficients:                   
  Intercept                           1.657      0.092      1.489      1.849    328.026      0.000    266.862 
  attention                           1.512      0.075      1.372      1.666    406.494      0.000    380.996 

Thresholds:                     
  Tau 1                               0.000      0.000      0.000      0.000        ---        ---        --- 
  Tau 2                               1.283      0.079      1.135      1.448        ---        ---    284.357 
  Tau 3                               2.471      0.104      2.281      2.692        ---        ---    216.080 
  Tau 4                               3.581      0.132      3.336      3.850        ---        ---    199.220 

Standard Deviations:            
  Residual SD                         1.000      0.000      1.000      1.000        ---        ---        --- 

Standardized Coefficients:      
  attention                           0.833      0.011      0.810      0.854   5395.719      0.000    333.200 

Proportion Variance Explained   
  by Coefficients                     0.694      0.019      0.655      0.730        ---        ---    332.986 
  by Residual Variation               0.306      0.019      0.270      0.345        ---        ---    332.986 

                                ------------------------------------------------------------------------------



Outcome Variable:  attent3    

Parameters                         Estimate     StdDev       2.5%      97.5%      ChiSq     PValue      N_Eff 
                                ------------------------------------------------------------------------------
Variances:                      
  Residual Var.                       1.000      0.000      1.000      1.000        ---        ---        --- 

Coefficients:                   
  Intercept                           1.928      0.086      1.767      2.107    506.115      0.000    311.984 
  attention                           1.317      0.065      1.194      1.448    405.746      0.000    484.587 

Thresholds:                     
  Tau 1                               0.000      0.000      0.000      0.000        ---        ---        --- 
  Tau 2                               1.243      0.072      1.102      1.389        ---        ---    324.012 
  Tau 3                               2.268      0.088      2.101      2.443        ---        ---    270.071 
  Tau 4                               3.181      0.102      2.985      3.389        ---        ---    256.835 

Standard Deviations:            
  Residual SD                         1.000      0.000      1.000      1.000        ---        ---        --- 

Standardized Coefficients:      
  attention                           0.796      0.013      0.768      0.819   3728.063      0.000    467.558 

Proportion Variance Explained   
  by Coefficients                     0.633      0.021      0.590      0.672        ---        ---    466.308 
  by Residual Variation               0.367      0.021      0.328      0.410        ---        ---    466.308 

                                ------------------------------------------------------------------------------



Outcome Variable:  attent4    

Parameters                         Estimate     StdDev       2.5%      97.5%      ChiSq     PValue      N_Eff 
                                ------------------------------------------------------------------------------
Variances:                      
  Residual Var.                       1.000      0.000      1.000      1.000        ---        ---        --- 

Coefficients:                   
  Intercept                           1.595      0.104      1.398      1.810    235.153      0.000    249.721 
  attention                           1.904      0.099      1.717      2.107    369.712      0.000    206.667 

Thresholds:                     
  Tau 1                               0.000      0.000      0.000      0.000        ---        ---        --- 
  Tau 2                               1.526      0.089      1.363      1.711        ---        ---    227.648 
  Tau 3                               2.795      0.124      2.565      3.049        ---        ---    157.293 
  Tau 4                               3.727      0.150      3.449      4.053        ---        ---    148.718 

Standard Deviations:            
  Residual SD                         1.000      0.000      1.000      1.000        ---        ---        --- 

Standardized Coefficients:      
  attention                           0.885      0.009      0.866      0.902   9690.944      0.000    194.154 

Proportion Variance Explained   
  by Coefficients                     0.783      0.016      0.750      0.813        ---        ---    192.756 
  by Residual Variation               0.217      0.016      0.187      0.250        ---        ---    192.756 

                                ------------------------------------------------------------------------------



Outcome Variable:  attent5    

Parameters                         Estimate     StdDev       2.5%      97.5%      ChiSq     PValue      N_Eff 
                                ------------------------------------------------------------------------------
Variances:                      
  Residual Var.                       1.000      0.000      1.000      1.000        ---        ---        --- 

Coefficients:                   
  Intercept                           1.619      0.098      1.431      1.816    270.836      0.000    264.991 
  attention                           1.880      0.093      1.700      2.061    410.068      0.000    271.301 

Thresholds:                     
  Tau 1                               0.000      0.000      0.000      0.000        ---        ---        --- 
  Tau 2                               1.490      0.086      1.321      1.653        ---        ---    293.053 
  Tau 3                               2.758      0.120      2.518      2.992        ---        ---    202.701 
  Tau 4                               3.783      0.145      3.499      4.067        ---        ---    190.595 

Standard Deviations:            
  Residual SD                         1.000      0.000      1.000      1.000        ---        ---        --- 

Standardized Coefficients:      
  attention                           0.882      0.009      0.864      0.898  10161.295      0.000    266.075 

Proportion Variance Explained   
  by Coefficients                     0.778      0.015      0.746      0.806        ---        ---    266.120 
  by Residual Variation               0.222      0.015      0.194      0.254        ---        ---    266.120 

                                ------------------------------------------------------------------------------



Outcome Variable:  attent6    

Parameters                         Estimate     StdDev       2.5%      97.5%      ChiSq     PValue      N_Eff 
                                ------------------------------------------------------------------------------
Variances:                      
  Residual Var.                       1.000      0.000      1.000      1.000        ---        ---        --- 

Coefficients:                   
  Intercept                           1.814      0.092      1.647      2.012    390.227      0.000    218.987 
  attention                           1.481      0.075      1.344      1.638    392.845      0.000    336.699 

Thresholds:                     
  Tau 1                               0.000      0.000      0.000      0.000        ---        ---        --- 
  Tau 2                               1.341      0.078      1.201      1.508        ---        ---    207.708 
  Tau 3                               2.331      0.098      2.156      2.547        ---        ---    169.501 
  Tau 4                               3.219      0.117      3.007      3.478        ---        ---    173.912 

Standard Deviations:            
  Residual SD                         1.000      0.000      1.000      1.000        ---        ---        --- 

Standardized Coefficients:      
  attention                           0.828      0.011      0.805      0.850   5183.827      0.000    355.798 

Proportion Variance Explained   
  by Coefficients                     0.686      0.019      0.648      0.722        ---        ---    355.404 
  by Residual Variation               0.314      0.019      0.278      0.352        ---        ---    355.404 

                                ------------------------------------------------------------------------------



Outcome Variable:  attent7    

Parameters                         Estimate     StdDev       2.5%      97.5%      ChiSq     PValue      N_Eff 
                                ------------------------------------------------------------------------------
Variances:                      
  Residual Var.                       1.000      0.000      1.000      1.000        ---        ---        --- 

Coefficients:                   
  Intercept                           1.925      0.098      1.735      2.116    387.363      0.000    252.130 
  attention                           1.552      0.079      1.401      1.708    386.856      0.000    404.790 

Thresholds:                     
  Tau 1                               0.000      0.000      0.000      0.000        ---        ---        --- 
  Tau 2                               1.315      0.080      1.160      1.474        ---        ---    328.298 
  Tau 3                               2.344      0.104      2.141      2.550        ---        ---    234.410 
  Tau 4                               3.272      0.123      3.033      3.517        ---        ---    235.470 

Standard Deviations:            
  Residual SD                         1.000      0.000      1.000      1.000        ---        ---        --- 

Standardized Coefficients:      
  attention                           0.840      0.011      0.815      0.860   5444.434      0.000    375.833 

Proportion Variance Explained   
  by Coefficients                     0.705      0.019      0.665      0.740        ---        ---    375.608 
  by Residual Variation               0.295      0.019      0.260      0.335        ---        ---    375.608 

                                ------------------------------------------------------------------------------



Outcome Variable:  attent8    

Parameters                         Estimate     StdDev       2.5%      97.5%      ChiSq     PValue      N_Eff 
                                ------------------------------------------------------------------------------
Variances:                      
  Residual Var.                       1.000      0.000      1.000      1.000        ---        ---        --- 

Coefficients:                   
  Intercept                           1.274      0.081      1.122      1.439    249.299      0.000    327.401 
  attention                           1.454      0.073      1.321      1.608    393.370      0.000    287.560 

Thresholds:                     
  Tau 1                               0.000      0.000      0.000      0.000        ---        ---        --- 
  Tau 2                               1.148      0.071      1.018      1.298        ---        ---    337.270 
  Tau 3                               2.065      0.091      1.900      2.261        ---        ---    242.790 
  Tau 4                               3.169      0.121      2.961      3.428        ---        ---    218.068 

Standard Deviations:            
  Residual SD                         1.000      0.000      1.000      1.000        ---        ---        --- 

Standardized Coefficients:      
  attention                           0.823      0.012      0.799      0.846   4660.960      0.000    311.921 

Proportion Variance Explained   
  by Coefficients                     0.678      0.020      0.638      0.716        ---        ---    311.300 
  by Residual Variation               0.322      0.020      0.284      0.362        ---        ---    311.300 

                                ------------------------------------------------------------------------------



Outcome Variable:  attent9    

Parameters                         Estimate     StdDev       2.5%      97.5%      ChiSq     PValue      N_Eff 
                                ------------------------------------------------------------------------------
Variances:                      
  Residual Var.                       1.000      0.000      1.000      1.000        ---        ---        --- 

Coefficients:                   
  Intercept                           1.987      0.096      1.811      2.184    426.247      0.000    245.818 
  attention                           1.637      0.083      1.485      1.808    390.754      0.000    385.492 

Thresholds:                     
  Tau 1                               0.000      0.000      0.000      0.000        ---        ---        --- 
  Tau 2                               1.176      0.077      1.028      1.328        ---        ---    296.334 
  Tau 3                               2.443      0.103      2.255      2.655        ---        ---    213.259 
  Tau 4                               3.451      0.124      3.219      3.708        ---        ---    198.953 

Standard Deviations:            
  Residual SD                         1.000      0.000      1.000      1.000        ---        ---        --- 

Standardized Coefficients:      
  attention                           0.853      0.011      0.831      0.872   6552.975      0.000    324.329 

Proportion Variance Explained   
  by Coefficients                     0.727      0.018      0.691      0.761        ---        ---    323.332 
  by Residual Variation               0.273      0.018      0.239      0.309        ---        ---    323.332 

                                ------------------------------------------------------------------------------



                                   Estimate   StdDev     2.5%    97.5%
attent1 ~ attention (standardized)    0.788    0.013    0.761    0.812
attent2 ~ attention (standardized)    0.833    0.011    0.810    0.854
attent3 ~ attention (standardized)    0.795    0.013    0.768    0.820
attent4 ~ attention (standardized)    0.885    0.009    0.866    0.901
attent5 ~ attention (standardized)    0.882    0.009    0.864    0.898
attent6 ~ attention (standardized)    0.828    0.012    0.805    0.850
attent7 ~ attention (standardized)    0.840    0.011    0.815    0.860
attent8 ~ attention (standardized)    0.823    0.012    0.799    0.846
attent9 ~ attention (standardized)    0.853    0.011    0.831    0.872
                                       ChiSq   PValue    N_Eff
attent1 ~ attention (standardized)  3764.632        0  624.742
attent2 ~ attention (standardized)  5395.719        0  333.200
attent3 ~ attention (standardized)  3728.063        0  467.558
attent4 ~ attention (standardized)  9690.944        0  194.154
attent5 ~ attention (standardized) 10161.295        0  266.075
attent6 ~ attention (standardized)  5183.827        0  355.798
attent7 ~ attention (standardized)  5444.434        0  375.833
attent8 ~ attention (standardized)  4660.960        0  311.921
attent9 ~ attention (standardized)  6552.975        0  324.329

ITERATION HISTORY:

  Chain 1 burn-in started on Aug 15 18:15:22 2026
  Chain 2 burn-in started on Aug 15 18:15:22 2026
  Chain 3 burn-in started on Aug 15 18:15:22 2026
  Chain 4 burn-in started on Aug 15 18:15:22 2026
  Chain 3 burn-in iteration 5000 completed on Aug 15 18:15:26 2026
  Chain 4 burn-in iteration 5000 completed on Aug 15 18:15:26 2026
  Chain 1 burn-in iteration 5000 completed on Aug 15 18:15:26 2026
  Chain 2 burn-in iteration 5000 completed on Aug 15 18:15:26 2026
  Chain 4 burn-in iteration 10000 completed on Aug 15 18:15:31 2026
  Chain 3 burn-in iteration 10000 completed on Aug 15 18:15:31 2026
  Chain 1 burn-in iteration 10000 completed on Aug 15 18:15:31 2026
  Chain 2 burn-in iteration 10000 completed on Aug 15 18:15:31 2026
  Chain 1 burn-in iteration 15000 completed on Aug 15 18:15:35 2026
  Chain 2 burn-in iteration 15000 completed on Aug 15 18:15:36 2026
  Chain 4 burn-in iteration 15000 completed on Aug 15 18:15:36 2026
  Chain 3 burn-in iteration 15000 completed on Aug 15 18:15:36 2026
  Chain 2 burn-in iteration 20000 completed on Aug 15 18:15:40 2026
  Chain 2 completed burn-in on Aug 15 18:15:40 2026
  Chain 1 burn-in iteration 20000 completed on Aug 15 18:15:40 2026
  Chain 1 completed burn-in on Aug 15 18:15:40 2026
  Chain 4 burn-in iteration 20000 completed on Aug 15 18:15:40 2026
  Chain 4 completed burn-in on Aug 15 18:15:40 2026
  Chain 3 burn-in iteration 20000 completed on Aug 15 18:15:40 2026
  Chain 3 completed burn-in on Aug 15 18:15:40 2026
  Chain 2 completed iteration 1250 on Aug 15 18:15:44 2026
  Chain 4 completed iteration 1250 on Aug 15 18:15:44 2026
  Chain 3 completed iteration 1250 on Aug 15 18:15:44 2026
  Chain 1 completed iteration 1250 on Aug 15 18:15:44 2026
  Chain 4 completed iteration 2500 on Aug 15 18:15:47 2026
  Chain 2 completed iteration 2500 on Aug 15 18:15:47 2026
  Chain 1 completed iteration 2500 on Aug 15 18:15:47 2026
  Chain 3 completed iteration 2500 on Aug 15 18:15:47 2026
  Chain 4 completed iteration 3750 on Aug 15 18:15:51 2026
  Chain 2 completed iteration 3750 on Aug 15 18:15:51 2026
  Chain 1 completed iteration 3750 on Aug 15 18:15:51 2026
  Chain 3 completed iteration 3750 on Aug 15 18:15:51 2026
  Chain 4 completed iteration 5000 on Aug 15 18:15:54 2026
  Chain 4 finished on Aug 15 18:15:54 2026
  Chain 2 completed iteration 5000 on Aug 15 18:15:55 2026
  Chain 2 finished on Aug 15 18:15:55 2026
  Chain 1 completed iteration 5000 on Aug 15 18:15:55 2026
  Chain 1 finished on Aug 15 18:15:55 2026
  Chain 3 completed iteration 5000 on Aug 15 18:15:55 2026
  Chain 3 finished on Aug 15 18:15:55 2026


---------------------------------------------------------------------------

                                   Blimp
                                 4.1.0.b11

             Blimp was developed with funding from Institute of
           Education Sciences awards R305D150056 and R305D190002.

            Craig K. Enders, P.I. Email: cenders@psych.ucla.edu
           Brian T. Keller, Co-P.I. Email: btkeller@missouri.edu
                 Han Du, Co-P.I. Email: hdu@psych.ucla.edu
                 Roy Levy, Co-P.I. Email: roy.levy@asu.edu

              Programming and Blimp Studio by Brian T. Keller

                   There is no expressed license given.

---------------------------------------------------------------------------


ALGORITHMIC OPTIONS SPECIFIED:

  Imputation method:                 Fully Bayesian model-based
  MCMC algorithm:                    Full conditional Metropolis sampler with
                                       Auto-Derived Conditional Distributions
  Default Priors:
    Multilevel covariance matrices:  Not applicable, single-level imputation
    Outcome covariance matrices:     Zero matrix, df = -(p + 1) (PRIOR2)
    Predictor model variances:       Unit sum of squares, df = 2 (XPRIOR1)
  Chain Starting Values:             Random starting values


  NOTE: The default prior for regression coefficients 
        in categorical models is 'normal( 0.0, 5.0)'

  NOTE: For complete list of priors include 'pinfo' in the options.


BURN-IN POTENTIAL SCALE REDUCTION (PSR) OUTPUT:

  NOTE: Rank-normalized Rhat (Vehtari et al., 2021) is being used.
        This applies rank normalization and chain folding for robust
        convergence detection across all chains.

  Comparing iterations across 4 chains     Highest Rhat   Parameter #  
                          501 to 1000            1.428            55  
                         1001 to 2000            1.309            44  
                         1501 to 3000            1.215            43  
                         2001 to 4000            1.111            43  
                         2501 to 5000            1.090            43  
                         3001 to 6000            1.062            94  
                         3501 to 7000            1.051            10  
                         4001 to 8000            1.035            99  
                         4501 to 9000            1.036            98  
                         5001 to 10000           1.044            10  
                         5501 to 11000           1.048            54  
                         6001 to 12000           1.054            55  
                         6501 to 13000           1.031            55  
                         7001 to 14000           1.023            66  
                         7501 to 15000           1.018            44  
                         8001 to 16000           1.028            99  
                         8501 to 17000           1.016            88  
                         9001 to 18000           1.024            54  
                         9501 to 19000           1.024            55  
                        10001 to 20000           1.024            55  


METROPOLIS-HASTINGS ACCEPTANCE RATES:

  Chain 1:

    Variable                            Type    Probability   Target Value 
    attent1                        threshold          0.356          0.350 
    attent2                        threshold          0.378          0.350 
    attent3                        threshold          0.358          0.350 
    attent4                        threshold          0.364          0.350 
    attent5                        threshold          0.348          0.350 
    attent6                        threshold          0.338          0.350 
    attent7                        threshold          0.333          0.350 
    attent8                        threshold          0.337          0.350 
    attent9                        threshold          0.365          0.350 

  NOTE: Suppressing printing of 3 chains.
        Use keyword 'tuneinfo' in options to override.


DATA INFORMATION:

  Sample Size:              939
  Missing Data Info:

                      Pattern #:       1     2     3     4     5     6     7     8     9    10
                          miss % --------------------------------------------------------------
                  attent1 =  0.6       -     -     -     -     -     -     -     M     -     -  
                  attent2 =  1.0       -     -     -     M     -     -     -     -     -     -  
                  attent3 =  0.3       -     -     -     -     -     -     -     -     -     -  
                  attent4 =  0.5       -     -     -     -     -     -     M     -     -     -  
                  attent5 =  0.5       -     -     -     -     -     -     -     -     M     -  
                  attent6 =  1.6       -     -     M     -     -     -     -     -     -     -  
                  attent7 =  1.2       -     -     -     -     -     M     -     -     -     M  
                  attent8 =  2.1       -     M     -     -     -     -     -     -     -     -  
                  attent9 =  1.2       -     -     -     -     M     -     -     -     -     M  
                                 --------------------------------------------------------------
                                 %  93.8   1.5   0.7   0.5   0.5   0.5   0.3   0.3   0.2   0.2

  NOTE: Suppressing printing of 12 missing data patterns.
        These patterns consist of 1.3% of the data.
        Use keyword 'allpatterns' in options to print all patterns.


MODEL INFORMATION:

  NUMBER OF PARAMETERS
    Outcome Models:         47
    Predictor Models:       0

  FACTORS
    Level-1:                attention

  MODELS
    [1]  attention ~ Intercept@0
    [2]  attent1 ~ Intercept attention@load1
    [3]  attent2 ~ Intercept attention
    [4]  attent3 ~ Intercept attention
    [5]  attent4 ~ Intercept attention
    [6]  attent5 ~ Intercept attention
    [7]  attent6 ~ Intercept attention
    [8]  attent7 ~ Intercept attention
    [9]  attent8 ~ Intercept attention
   [10]  attent9 ~ Intercept attention
   [11]  attent2 <-> attent8
   [12]  attent7 <-> attent9


 WARNING MESSAGES:

  No warning messages.


MODEL FIT:


  INFORMATION CRITERIA

    Conditional Likelihood
      DIC2                  28357.904
      WAIC                  30198.976


IMPUTED DATA SUMMARIES:

  NOTE: Imputed data summaries are averaged across 20000 data sets.


Variables                              Mean     StdDev        25%        50%        75%        Min        Max 
                                ------------------------------------------------------------------------------

  attention                           0.007      0.998     -0.696     -0.053      0.662     -2.999      3.340 
  attent1                             2.725      1.233      2.000      3.000      4.000      1.000      5.000 
  attent2                             2.858      1.302      2.000      3.000      4.000      1.000      5.000 
  attent3                             3.169      1.320      2.000      3.000      4.000      1.000      5.000 
  attent4                             2.710      1.371      2.000      2.216      4.000      1.000      5.000 
  attent5                             2.732      1.360      2.000      3.000      4.000      1.000      5.000 
  attent6                             3.039      1.375      2.000      3.000      4.000      1.000      5.000 
  attent7                             3.109      1.380      2.000      3.000      4.000      1.000      5.000 
  attent8                             2.742      1.366      2.000      3.000      4.000      1.000      5.000 
  attent9                             3.130      1.345      2.000      3.000      4.000      1.000      5.000 

                                ------------------------------------------------------------------------------



CORRELATIONS AMONG RESIDUALS:

  Summaries based on 20000 iterations using 4 chains.
  NOTE: Estimate column based on posterior median.


Correlations                       Estimate     StdDev       2.5%      97.5%      ChiSq     PValue      N_Eff 
                                ------------------------------------------------------------------------------

  attention, attent1                 -0.001      0.046     -0.091      0.090      0.000      0.991  20153.339 
  attention, attent2                  0.001      0.046     -0.088      0.090      0.000      0.987  18711.117 
  attention, attent3                  0.000      0.046     -0.090      0.090      0.000      0.996  20279.258 
  attention, attent4                  0.001      0.046     -0.092      0.091      0.000      0.994  18575.942 
  attention, attent5                  0.001      0.046     -0.091      0.090      0.000      0.992  19532.519 
  attention, attent6                  0.000      0.046     -0.091      0.092      0.000      0.996  19309.858 
  attention, attent7                  0.001      0.046     -0.090      0.091      0.000      0.986  18663.605 
  attention, attent8                  0.000      0.046     -0.089      0.089      0.000      0.998  18241.583 
  attention, attent9                  0.001      0.046     -0.090      0.089      0.000      0.994  18918.683 
  attent1, attent2                    0.114      0.040      0.034      0.192      7.995      0.005   7198.278 
  attent1, attent3                   -0.025      0.040     -0.104      0.055      0.369      0.544   9416.271 
  attent1, attent4                   -0.008      0.042     -0.090      0.074      0.034      0.853   5819.680 
  attent1, attent5                    0.008      0.042     -0.073      0.089      0.036      0.850   7643.195 
  attent1, attent6                    0.013      0.041     -0.067      0.093      0.103      0.748   9587.269 
  attent1, attent7                   -0.071      0.040     -0.150      0.008      3.118      0.077   9436.980 
  attent1, attent8                    0.003      0.040     -0.075      0.083      0.007      0.934   9207.811 
  attent1, attent9                   -0.039      0.041     -0.120      0.042      0.891      0.345   6367.347 
  attent2, attent3                    0.115      0.040      0.035      0.192      8.234      0.004   7251.598 
  attent2, attent4                   -0.041      0.042     -0.123      0.042      0.980      0.322   6943.534 
  attent2, attent5                   -0.065      0.041     -0.146      0.017      2.461      0.117   6847.889 
  attent2, attent6                    0.006      0.041     -0.073      0.086      0.023      0.879   6621.608 
  attent2, attent7                   -0.119      0.041     -0.199     -0.039      8.462      0.004   8056.890 
  attent2, attent9                   -0.026      0.041     -0.108      0.055      0.401      0.527   6972.597 
  attent3, attent4                    0.002      0.042     -0.080      0.084      0.002      0.966   5668.285 
  attent3, attent5                   -0.074      0.041     -0.156      0.007      3.224      0.073   7305.307 
  attent3, attent6                   -0.033      0.040     -0.112      0.046      0.667      0.414   9074.962 
  attent3, attent7                   -0.052      0.041     -0.131      0.028      1.638      0.201   8314.180 
  attent3, attent8                    0.070      0.040     -0.008      0.149      3.110      0.078   7961.930 
  attent3, attent9                    0.047      0.040     -0.032      0.125      1.337      0.248   8234.744 
  attent4, attent5                    0.032      0.043     -0.051      0.116      0.586      0.444   3268.221 
  attent4, attent6                   -0.001      0.042     -0.083      0.081      0.000      0.992   6081.773 
  attent4, attent7                    0.041      0.042     -0.042      0.123      0.932      0.334   4841.162 
  attent4, attent8                   -0.050      0.042     -0.131      0.032      1.447      0.229   7965.511 
  attent4, attent9                   -0.004      0.042     -0.086      0.077      0.008      0.930   7204.427 
  attent5, attent6                    0.007      0.042     -0.075      0.089      0.027      0.869   8790.104 
  attent5, attent7                    0.108      0.041      0.027      0.190      6.819      0.009   4701.800 
  attent5, attent8                   -0.056      0.041     -0.138      0.025      1.890      0.169   7324.198 
  attent5, attent9                    0.021      0.042     -0.062      0.103      0.245      0.621   4695.415 
  attent6, attent7                    0.013      0.041     -0.069      0.094      0.092      0.761   9134.149 
  attent6, attent8                    0.059      0.041     -0.022      0.138      2.082      0.149   8803.157 
  attent6, attent9                   -0.058      0.041     -0.139      0.022      2.018      0.155   8029.541 
  attent7, attent8                   -0.052      0.041     -0.133      0.028      1.606      0.205   8742.531 
  attent8, attent9                    0.011      0.041     -0.070      0.092      0.068      0.794   7915.704 

                                ------------------------------------------------------------------------------



OUTCOME MODEL ESTIMATES:

  Summaries based on 20000 iterations using 4 chains.
  NOTE: Estimate column based on posterior median.


Latent Variable:   attention  

Parameters                         Estimate     StdDev       2.5%      97.5%      ChiSq     PValue      N_Eff 
                                ------------------------------------------------------------------------------
Variances:                      
  Residual Var.                     @ 1.000        ---        ---        ---        ---        ---        --- 

Standard Deviations:            
  Residual SD                         1.000      0.000      1.000      1.000        ---        ---        --- 

Proportion Variance Explained   
  by Coefficients                     0.000      0.000      0.000      0.000        ---        ---        --- 
  by Residual Variation               1.000      0.000      1.000      1.000        ---        ---        --- 

                                ------------------------------------------------------------------------------



Outcome Variable:  attent1    

Parameters                         Estimate     StdDev       2.5%      97.5%      ChiSq     PValue      N_Eff 
                                ------------------------------------------------------------------------------
Variances:                      
  Residual Var.                       1.000      0.000      1.000      1.000        ---        ---        --- 

Coefficients:                   
  Intercept                           1.514      0.081      1.356      1.674    350.762      0.000    293.408 
  attention                           1.296      0.067      1.170      1.432    377.666      0.000    440.919 

Thresholds:                     
  Tau 1                               0.000      0.000      0.000      0.000        ---        ---        --- 
  Tau 2                               1.380      0.075      1.239      1.536        ---        ---    265.582 
  Tau 3                               2.532      0.099      2.347      2.736        ---        ---    235.026 
  Tau 4                               3.523      0.124      3.282      3.781        ---        ---    224.674 

Standard Deviations:            
  Residual SD                         1.000      0.000      1.000      1.000        ---        ---        --- 

Standardized Coefficients:      
  attention                           0.791      0.014      0.763      0.816   3410.389      0.000    411.379 

Proportion Variance Explained   
  by Coefficients                     0.626      0.021      0.582      0.666        ---        ---    410.487 
  by Residual Variation               0.374      0.021      0.334      0.418        ---        ---    410.487 

                                ------------------------------------------------------------------------------



Outcome Variable:  attent2    

Parameters                         Estimate     StdDev       2.5%      97.5%      ChiSq     PValue      N_Eff 
                                ------------------------------------------------------------------------------
Variances:                      
  Residual Var.                       1.000      0.000      1.000      1.000        ---        ---        --- 

Coefficients:                   
  Intercept                           1.701      0.086      1.535      1.871    395.457      0.000    339.163 
  attention                           1.515      0.073      1.381      1.665    434.402      0.000    480.060 

Thresholds:                     
  Tau 1                               0.000      0.000      0.000      0.000        ---        ---        --- 
  Tau 2                               1.321      0.071      1.188      1.464        ---        ---    369.470 
  Tau 3                               2.534      0.092      2.359      2.715        ---        ---    239.444 
  Tau 4                               3.658      0.118      3.441      3.900        ---        ---    227.033 

Standard Deviations:            
  Residual SD                         1.000      0.000      1.000      1.000        ---        ---        --- 

Standardized Coefficients:      
  attention                           0.834      0.011      0.812      0.854   5939.148      0.000    412.622 

Proportion Variance Explained   
  by Coefficients                     0.695      0.018      0.659      0.730        ---        ---    412.002 
  by Residual Variation               0.305      0.018      0.270      0.341        ---        ---    412.002 

                                ------------------------------------------------------------------------------



Outcome Variable:  attent3    

Parameters                         Estimate     StdDev       2.5%      97.5%      ChiSq     PValue      N_Eff 
                                ------------------------------------------------------------------------------
Variances:                      
  Residual Var.                       1.000      0.000      1.000      1.000        ---        ---        --- 

Coefficients:                   
  Intercept                           1.927      0.089      1.748      2.103    464.873      0.000    257.518 
  attention                           1.311      0.069      1.177      1.449    365.387      0.000    427.915 

Thresholds:                     
  Tau 1                               0.000      0.000      0.000      0.000        ---        ---        --- 
  Tau 2                               1.240      0.076      1.091      1.390        ---        ---    244.814 
  Tau 3                               2.266      0.092      2.085      2.445        ---        ---    210.544 
  Tau 4                               3.175      0.108      2.965      3.394        ---        ---    194.240 

Standard Deviations:            
  Residual SD                         1.000      0.000      1.000      1.000        ---        ---        --- 

Standardized Coefficients:      
  attention                           0.794      0.014      0.766      0.819   3447.725      0.000    421.403 

Proportion Variance Explained   
  by Coefficients                     0.631      0.021      0.587      0.671        ---        ---    420.552 
  by Residual Variation               0.369      0.021      0.329      0.413        ---        ---    420.552 

                                ------------------------------------------------------------------------------



Outcome Variable:  attent4    

Parameters                         Estimate     StdDev       2.5%      97.5%      ChiSq     PValue      N_Eff 
                                ------------------------------------------------------------------------------
Variances:                      
  Residual Var.                       1.000      0.000      1.000      1.000        ---        ---        --- 

Coefficients:                   
  Intercept                           1.630      0.102      1.439      1.833    257.977      0.000    217.886 
  attention                           1.946      0.105      1.755      2.176    346.394      0.000    221.846 

Thresholds:                     
  Tau 1                               0.000      0.000      0.000      0.000        ---        ---        --- 
  Tau 2                               1.562      0.089      1.396      1.746        ---        ---    232.252 
  Tau 3                               2.858      0.124      2.626      3.115        ---        ---    168.279 
  Tau 4                               3.808      0.154      3.520      4.131        ---        ---    161.193 

Standard Deviations:            
  Residual SD                         1.000      0.000      1.000      1.000        ---        ---        --- 

Standardized Coefficients:      
  attention                           0.889      0.009      0.871      0.906   9759.345      0.000    192.074 

Proportion Variance Explained   
  by Coefficients                     0.790      0.016      0.758      0.821        ---        ---    191.734 
  by Residual Variation               0.210      0.016      0.179      0.242        ---        ---    191.734 

                                ------------------------------------------------------------------------------



Outcome Variable:  attent5    

Parameters                         Estimate     StdDev       2.5%      97.5%      ChiSq     PValue      N_Eff 
                                ------------------------------------------------------------------------------
Variances:                      
  Residual Var.                       1.000      0.000      1.000      1.000        ---        ---        --- 

Coefficients:                   
  Intercept                           1.640      0.102      1.450      1.855    258.951      0.000    222.122 
  attention                           1.904      0.098      1.720      2.108    379.858      0.000    275.635 

Thresholds:                     
  Tau 1                               0.000      0.000      0.000      0.000        ---        ---        --- 
  Tau 2                               1.510      0.089      1.340      1.693        ---        ---    266.348 
  Tau 3                               2.799      0.124      2.564      3.049        ---        ---    194.553 
  Tau 4                               3.827      0.153      3.547      4.144        ---        ---    180.924 

Standard Deviations:            
  Residual SD                         1.000      0.000      1.000      1.000        ---        ---        --- 

Standardized Coefficients:      
  attention                           0.885      0.009      0.866      0.902   9842.583      0.000    236.472 

Proportion Variance Explained   
  by Coefficients                     0.783      0.016      0.751      0.813        ---        ---    236.042 
  by Residual Variation               0.217      0.016      0.187      0.249        ---        ---    236.042 

                                ------------------------------------------------------------------------------



Outcome Variable:  attent6    

Parameters                         Estimate     StdDev       2.5%      97.5%      ChiSq     PValue      N_Eff 
                                ------------------------------------------------------------------------------
Variances:                      
  Residual Var.                       1.000      0.000      1.000      1.000        ---        ---        --- 

Coefficients:                   
  Intercept                           1.826      0.093      1.652      2.018    389.176      0.000    291.648 
  attention                           1.492      0.075      1.349      1.641    400.462      0.000    557.469 

Thresholds:                     
  Tau 1                               0.000      0.000      0.000      0.000        ---        ---        --- 
  Tau 2                               1.354      0.078      1.206      1.509        ---        ---    345.107 
  Tau 3                               2.344      0.096      2.172      2.531        ---        ---    286.135 
  Tau 4                               3.240      0.114      3.029      3.465        ---        ---    258.911 

Standard Deviations:            
  Residual SD                         1.000      0.000      1.000      1.000        ---        ---        --- 

Standardized Coefficients:      
  attention                           0.830      0.011      0.806      0.851   5203.588      0.000    496.867 

Proportion Variance Explained   
  by Coefficients                     0.689      0.019      0.649      0.724        ---        ---    496.682 
  by Residual Variation               0.311      0.019      0.276      0.351        ---        ---    496.682 

                                ------------------------------------------------------------------------------



Outcome Variable:  attent7    

Parameters                         Estimate     StdDev       2.5%      97.5%      ChiSq     PValue      N_Eff 
                                ------------------------------------------------------------------------------
Variances:                      
  Residual Var.                       1.000      0.000      1.000      1.000        ---        ---        --- 

Coefficients:                   
  Intercept                           1.934      0.093      1.760      2.123    432.535      0.000    319.002 
  attention                           1.536      0.077      1.388      1.689    402.136      0.000    461.104 

Thresholds:                     
  Tau 1                               0.000      0.000      0.000      0.000        ---        ---        --- 
  Tau 2                               1.321      0.077      1.173      1.476        ---        ---    338.223 
  Tau 3                               2.359      0.097      2.159      2.546        ---        ---    256.757 
  Tau 4                               3.302      0.115      3.072      3.522        ---        ---    253.086 

Standard Deviations:            
  Residual SD                         1.000      0.000      1.000      1.000        ---        ---        --- 

Standardized Coefficients:      
  attention                           0.837      0.011      0.814      0.858   5668.168      0.000    397.741 

Proportion Variance Explained   
  by Coefficients                     0.701      0.019      0.663      0.736        ---        ---    397.670 
  by Residual Variation               0.299      0.019      0.264      0.337        ---        ---    397.670 

                                ------------------------------------------------------------------------------



Outcome Variable:  attent8    

Parameters                         Estimate     StdDev       2.5%      97.5%      ChiSq     PValue      N_Eff 
                                ------------------------------------------------------------------------------
Variances:                      
  Residual Var.                       1.000      0.000      1.000      1.000        ---        ---        --- 

Coefficients:                   
  Intercept                           1.303      0.078      1.154      1.456    280.187      0.000    443.237 
  attention                           1.438      0.071      1.302      1.577    414.950      0.000    555.690 

Thresholds:                     
  Tau 1                               0.000      0.000      0.000      0.000        ---        ---        --- 
  Tau 2                               1.175      0.067      1.046      1.309        ---        ---    447.881 
  Tau 3                               2.117      0.085      1.940      2.278        ---        ---    321.401 
  Tau 4                               3.222      0.109      3.004      3.433        ---        ---    314.147 

Standard Deviations:            
  Residual SD                         1.000      0.000      1.000      1.000        ---        ---        --- 

Standardized Coefficients:      
  attention                           0.820      0.012      0.795      0.841   4875.302      0.000    501.000 

Proportion Variance Explained   
  by Coefficients                     0.673      0.019      0.632      0.707        ---        ---    500.055 
  by Residual Variation               0.327      0.019      0.293      0.368        ---        ---    500.055 

                                ------------------------------------------------------------------------------



Outcome Variable:  attent9    

Parameters                         Estimate     StdDev       2.5%      97.5%      ChiSq     PValue      N_Eff 
                                ------------------------------------------------------------------------------
Variances:                      
  Residual Var.                       1.000      0.000      1.000      1.000        ---        ---        --- 

Coefficients:                   
  Intercept                           1.988      0.099      1.798      2.181    400.781      0.000    239.318 
  attention                           1.603      0.080      1.446      1.766    397.006      0.000    338.923 

Thresholds:                     
  Tau 1                               0.000      0.000      0.000      0.000        ---        ---        --- 
  Tau 2                               1.169      0.078      1.021      1.324        ---        ---    248.000 
  Tau 3                               2.439      0.105      2.237      2.653        ---        ---    187.892 
  Tau 4                               3.461      0.124      3.216      3.699        ---        ---    177.871 

Standard Deviations:            
  Residual SD                         1.000      0.000      1.000      1.000        ---        ---        --- 

Standardized Coefficients:      
  attention                           0.848      0.011      0.825      0.867   6265.539      0.000    306.931 

Proportion Variance Explained   
  by Coefficients                     0.719      0.018      0.680      0.751        ---        ---    307.039 
  by Residual Variation               0.281      0.018      0.249      0.320        ---        ---    307.039 

                                ------------------------------------------------------------------------------



Covariance Matrix: attent2 attent8

Parameters                         Estimate     StdDev       2.5%      97.5%      ChiSq     PValue      N_Eff 
                                ------------------------------------------------------------------------------
Covariances:                    
  Cov(attent2,attent8)                0.312      0.041      0.229      0.390     57.929      0.000   3389.055 

Correlations:                   
  Cor(attent2,attent8)                0.312      0.041      0.229      0.390     57.929      0.000   3389.055 

                                ------------------------------------------------------------------------------



Covariance Matrix: attent7 attent9

Parameters                         Estimate     StdDev       2.5%      97.5%      ChiSq     PValue      N_Eff 
                                ------------------------------------------------------------------------------
Covariances:                    
  Cov(attent7,attent9)                0.299      0.042      0.214      0.379     49.602      0.000   3392.018 

Correlations:                   
  Cor(attent7,attent9)                0.299      0.042      0.214      0.379     49.602      0.000   3392.018 

                                ------------------------------------------------------------------------------



                                   Estimate   StdDev     2.5%    97.5%    ChiSq
attent1 ~ attention (standardized)    0.791    0.014    0.763    0.816 3410.389
attent2 ~ attention (standardized)    0.834    0.011    0.812    0.854 5939.148
attent3 ~ attention (standardized)    0.794    0.014    0.766    0.819 3447.725
attent4 ~ attention (standardized)    0.889    0.009    0.871    0.906 9759.345
attent5 ~ attention (standardized)    0.885    0.009    0.866    0.902 9842.583
attent6 ~ attention (standardized)    0.830    0.012    0.806    0.851 5203.588
attent7 ~ attention (standardized)    0.837    0.011    0.814    0.858 5668.168
attent8 ~ attention (standardized)    0.820    0.012    0.795    0.841 4875.302
attent9 ~ attention (standardized)    0.848    0.011    0.825    0.867 6265.539
Cor( attent2, attent8 )               0.312    0.041    0.230    0.390   57.929
Cor( attent7, attent9 )               0.299    0.042    0.214    0.379   49.602
                                     PValue    N_Eff
attent1 ~ attention (standardized)        0  411.379
attent2 ~ attention (standardized)        0  412.622
attent3 ~ attention (standardized)        0  421.403
attent4 ~ attention (standardized)        0  192.074
attent5 ~ attention (standardized)        0  236.472
attent6 ~ attention (standardized)        0  496.867
attent7 ~ attention (standardized)        0  397.741
attent8 ~ attention (standardized)        0  501.000
attent9 ~ attention (standardized)        0  306.931
Cor( attent2, attent8 )                   0 3389.055
Cor( attent7, attent9 )                   0 3392.019

ITERATION HISTORY:

  Chain 1 burn-in started on Aug 15 18:16:18 2026
  Chain 2 burn-in started on Aug 15 18:16:18 2026
  Chain 3 burn-in started on Aug 15 18:16:18 2026
  Chain 4 burn-in started on Aug 15 18:16:18 2026
  Chain 2 burn-in iteration 12500 completed on Aug 15 18:16:48 2026
  Chain 1 burn-in iteration 12500 completed on Aug 15 18:16:48 2026
  Chain 4 burn-in iteration 12500 completed on Aug 15 18:16:48 2026
  Chain 3 burn-in iteration 12500 completed on Aug 15 18:16:48 2026
  Chain 2 burn-in iteration 25000 completed on Aug 15 18:17:20 2026
  Chain 1 burn-in iteration 25000 completed on Aug 15 18:17:20 2026
  Chain 4 burn-in iteration 25000 completed on Aug 15 18:17:21 2026
  Chain 3 burn-in iteration 25000 completed on Aug 15 18:17:21 2026
  Chain 2 burn-in iteration 37500 completed on Aug 15 18:17:51 2026
  Chain 1 burn-in iteration 37500 completed on Aug 15 18:17:51 2026
  Chain 3 burn-in iteration 37500 completed on Aug 15 18:17:51 2026
  Chain 4 burn-in iteration 37500 completed on Aug 15 18:17:51 2026
  Chain 2 burn-in iteration 50000 completed on Aug 15 18:18:22 2026
  Chain 2 completed burn-in on Aug 15 18:18:22 2026
  Chain 1 burn-in iteration 50000 completed on Aug 15 18:18:22 2026
  Chain 1 completed burn-in on Aug 15 18:18:22 2026
  Chain 4 burn-in iteration 50000 completed on Aug 15 18:18:22 2026
  Chain 4 completed burn-in on Aug 15 18:18:22 2026
  Chain 3 burn-in iteration 50000 completed on Aug 15 18:18:22 2026
  Chain 3 completed burn-in on Aug 15 18:18:22 2026
  Chain 1 completed iteration 3125 on Aug 15 18:18:38 2026
  Chain 3 completed iteration 3125 on Aug 15 18:18:38 2026
  Chain 2 completed iteration 3125 on Aug 15 18:18:39 2026
  Chain 4 completed iteration 3125 on Aug 15 18:18:39 2026
  Chain 1 completed iteration 6250 on Aug 15 18:18:54 2026
  Chain 3 completed iteration 6250 on Aug 15 18:18:54 2026
  Chain 2 completed iteration 6250 on Aug 15 18:18:55 2026
  Chain 4 completed iteration 6250 on Aug 15 18:18:55 2026
  Chain 1 completed iteration 9375 on Aug 15 18:19:09 2026
  Chain 3 completed iteration 9375 on Aug 15 18:19:10 2026
  Chain 2 completed iteration 9375 on Aug 15 18:19:11 2026
  Chain 4 completed iteration 9375 on Aug 15 18:19:11 2026
  Chain 1 completed iteration 12500 on Aug 15 18:19:26 2026
  Chain 1 finished on Aug 15 18:19:26 2026
  Chain 3 completed iteration 12500 on Aug 15 18:19:26 2026
  Chain 3 finished on Aug 15 18:19:26 2026
  Chain 2 completed iteration 12500 on Aug 15 18:19:27 2026
  Chain 2 finished on Aug 15 18:19:27 2026
  Chain 4 completed iteration 12500 on Aug 15 18:19:27 2026
  Chain 4 finished on Aug 15 18:19:27 2026


---------------------------------------------------------------------------

                                   Blimp
                                 4.1.0.b11

             Blimp was developed with funding from Institute of
           Education Sciences awards R305D150056 and R305D190002.

            Craig K. Enders, P.I. Email: cenders@psych.ucla.edu
           Brian T. Keller, Co-P.I. Email: btkeller@missouri.edu
                 Han Du, Co-P.I. Email: hdu@psych.ucla.edu
                 Roy Levy, Co-P.I. Email: roy.levy@asu.edu

              Programming and Blimp Studio by Brian T. Keller

                   There is no expressed license given.

---------------------------------------------------------------------------


ALGORITHMIC OPTIONS SPECIFIED:

  Imputation method:                 Fully Bayesian model-based
  MCMC algorithm:                    Full conditional Metropolis sampler with
                                       Auto-Derived Conditional Distributions
  Default Priors:
    Multilevel covariance matrices:  Not applicable, single-level imputation
    Outcome covariance matrices:     Zero matrix, df = -(p + 1) (PRIOR2)
    Predictor model variances:       Unit sum of squares, df = 2 (XPRIOR1)
  Chain Starting Values:             Random starting values


  NOTE: The default prior for regression coefficients 
        in categorical models is 'normal( 0.0, 5.0)'

  NOTE: For complete list of priors include 'pinfo' in the options.


BURN-IN POTENTIAL SCALE REDUCTION (PSR) OUTPUT:

  NOTE: Rank-normalized Rhat (Vehtari et al., 2021) is being used.
        This applies rank normalization and chain folding for robust
        convergence detection across all chains.

  Comparing iterations across 4 chains     Highest Rhat   Parameter #  
                         1251 to 2500            1.303            77  
                         2501 to 5000            1.325           121  
                         3751 to 7500            1.254            99  
                         5001 to 10000           1.106            44  
                         6251 to 12500           1.069            55  
                         7501 to 15000           1.030           120  
                         8751 to 17500           1.051            66  
                        10001 to 20000           1.084            88  
                        11251 to 22500           1.065            66  
                        12501 to 25000           1.037             9  
                        13751 to 27500           1.035            66  
                        15001 to 30000           1.064            66  
                        16251 to 32500           1.057            66  
                        17501 to 35000           1.037            66  
                        18751 to 37500           1.027           110  
                        20001 to 40000           1.018           110  
                        21251 to 42500           1.028            88  
                        22501 to 45000           1.026            88  
                        23751 to 47500           1.038            88  
                        25001 to 50000           1.033            44  


METROPOLIS-HASTINGS ACCEPTANCE RATES:

  Chain 1:

    Variable                            Type    Probability   Target Value 
    var(attention)                 parameter          0.501          0.500 
    var(attention)                 parameter          0.477          0.500 
    var(attention)                 parameter          0.501          0.500 
    var(attention)                 parameter          0.475          0.500 
    var(attention)                 parameter          0.467          0.500 
    attent1                        threshold          0.352          0.350 
    attent2                        threshold          0.338          0.350 
    attent3                        threshold          0.353          0.350 
    attent4                        threshold          0.358          0.350 
    attent5                        threshold          0.386          0.350 
    attent6                        threshold          0.358          0.350 
    attent7                        threshold          0.318          0.350 
    attent8                        threshold          0.377          0.350 
    attent9                        threshold          0.333          0.350 
    alphaeeg                      imputation          0.499          0.500 
    alphaeeg                       parameter          0.498          0.500 
    age                           imputation          0.503          0.500 
    age                            parameter          0.472          0.500 
    male                          imputation          0.490          0.500 
    adhd                          imputation          0.502          0.500 

  NOTE: Suppressing printing of 3 chains.
        Use keyword 'tuneinfo' in options to override.


DATA INFORMATION:

  Sample Size:              939
  Missing Data Info:

                      Pattern #:       1     2     3     4     5     6     7     8     9    10
                          miss % --------------------------------------------------------------
                  attent1 =  0.6       -     -     -     -     -     -     -     -     -     -  
                  attent2 =  1.0       -     -     -     -     -     -     -     -     -     -  
                  attent3 =  0.3       -     -     -     -     -     -     -     -     -     -  
                  attent4 =  0.5       -     -     -     -     -     -     -     -     -     -  
                  attent5 =  0.5       -     -     -     -     -     -     -     -     -     -  
                  attent6 =  1.6       -     -     -     -     -     M     -     -     -     -  
                  attent7 =  1.2       -     -     -     -     -     -     -     M     -     -  
                  attent8 =  2.1       -     -     -     -     M     -     M     -     -     -  
                  attent9 =  1.2       -     -     -     -     -     -     -     -     M     M  
                 alphaeeg = 38.1       -     M     M     -     -     -     M     -     -     M  
                    study =  0.0       -     -     -     -     -     -     -     -     -     -  
                      age =  6.4       -     -     M     M     -     -     -     -     -     -  
                     male =  6.5       -     -     M     M     -     -     -     -     -     -  
                     adhd =  6.6       -     -     M     M     -     -     -     -     -     -  
                                 --------------------------------------------------------------
                                 %  55.1  32.7   3.4   2.4   1.1   0.6   0.4   0.3   0.3   0.2

  NOTE: Suppressing printing of 27 missing data patterns.
        These patterns consist of 3.4% of the data.
        Use keyword 'allpatterns' in options to print all patterns.


MODEL INFORMATION:

  NUMBER OF PARAMETERS
    Outcome Models:         59
    Predictor Models:       27

  PREDICTORS
    Complete ordinal:       study
    Incomplete continuous:  alphaeeg age
    Incomplete ordinal:     male adhd

  FACTORS
    Level-1:                attention

  CENTERED PREDICTORS
    Grand Mean Centered:    alphaeeg age

  MODELS

   structural:
    [1]  attention ~ alphaeeg age study male adhd alphaeeg^2 age^2
    [2]  var(attention) ~ alphaeeg age study male adhd

   measurement:
    [3]  attent1 ~ Intercept attention@load1
    [4]  attent2 ~ Intercept attention
    [5]  attent3 ~ Intercept attention
    [6]  attent4 ~ Intercept attention
    [7]  attent5 ~ Intercept attention
    [8]  attent6 ~ Intercept attention
    [9]  attent7 ~ Intercept attention
   [10]  attent8 ~ Intercept attention
   [11]  attent9 ~ Intercept attention
   [12]  attent2 <-> attent8
   [13]  attent7 <-> attent9


 WARNING MESSAGES:

  No warning messages.


MODEL FIT:


  INFORMATION CRITERIA

    Conditional Likelihood
      DIC2                  29039.853
      WAIC                  30875.128


IMPUTED DATA SUMMARIES:

  NOTE: Imputed data summaries are averaged across 50000 data sets.


Variables                              Mean     StdDev        25%        50%        75%        Min        Max 
                                ------------------------------------------------------------------------------

  attention                          -1.382      1.859     -2.665     -1.548     -0.205     -7.221      5.658 
  attent1                             2.725      1.233      2.000      3.000      4.000      1.000      5.000 
  attent2                             2.858      1.302      2.000      3.000      4.000      1.000      5.000 
  attent3                             3.169      1.320      2.000      3.000      4.000      1.000      5.000 
  attent4                             2.710      1.371      2.000      2.210      4.000      1.000      5.000 
  attent5                             2.732      1.360      2.000      3.000      4.000      1.000      5.000 
  attent6                             3.039      1.374      2.000      3.000      4.000      1.000      5.000 
  attent7                             3.109      1.380      2.000      3.000      4.000      1.000      5.000 
  attent8                             2.742      1.366      2.000      3.000      4.000      1.000      5.000 
  attent9                             3.130      1.344      2.000      3.000      4.000      1.000      5.000 
  alphaeeg                           -1.037      2.046     -2.265     -0.837      0.327     -8.488      6.943 
  study                               0.554      0.497      0.000      1.000      1.000      0.000      1.000 
  age                                10.149      2.935      7.987      9.801     12.087      3.081     18.690 
  male                                0.641      0.480      0.000      1.000      1.000      0.000      1.000 
  adhd                                0.772      0.420      1.000      1.000      1.000      0.000      1.000 

                                ------------------------------------------------------------------------------



CORRELATIONS AMONG RESIDUALS:

  Summaries based on 50000 iterations using 4 chains.
  NOTE: Estimate column based on posterior median.


Correlations                       Estimate     StdDev       2.5%      97.5%      ChiSq     PValue      N_Eff 
                                ------------------------------------------------------------------------------

  attention, attent1                 -0.038      0.045     -0.126      0.049      0.724      0.395  44992.078 
  attention, attent2                 -0.002      0.045     -0.090      0.087      0.001      0.971  41888.527 
  attention, attent3                  0.022      0.045     -0.066      0.111      0.234      0.628  44821.408 
  attention, attent4                 -0.022      0.045     -0.109      0.068      0.231      0.631  46468.687 
  attention, attent5                  0.005      0.045     -0.084      0.094      0.012      0.912  45035.921 
  attention, attent6                  0.018      0.045     -0.072      0.107      0.152      0.697  44500.416 
  attention, attent7                  0.010      0.045     -0.078      0.098      0.052      0.820  40320.026 
  attention, attent8                 -0.009      0.045     -0.096      0.080      0.038      0.846  43152.064 
  attention, attent9                  0.026      0.045     -0.062      0.114      0.336      0.562  40098.676 
  attent1, attent2                    0.112      0.040      0.033      0.190      7.792      0.005  16117.469 
  attent1, attent3                   -0.029      0.040     -0.107      0.049      0.527      0.468  20772.859 
  attent1, attent4                   -0.006      0.041     -0.088      0.075      0.019      0.890  14826.927 
  attent1, attent5                    0.009      0.041     -0.072      0.090      0.049      0.825  17151.207 
  attent1, attent6                    0.016      0.041     -0.064      0.095      0.156      0.693  21012.206 
  attent1, attent7                   -0.069      0.041     -0.149      0.010      2.945      0.086  21684.133 
  attent1, attent8                   -0.002      0.041     -0.082      0.078      0.003      0.960  16750.048 
  attent1, attent9                   -0.036      0.041     -0.117      0.044      0.790      0.374  19316.444 
  attent2, attent3                    0.109      0.040      0.030      0.186      7.340      0.007  15238.760 
  attent2, attent4                   -0.041      0.042     -0.123      0.041      0.932      0.334  15126.492 
  attent2, attent5                   -0.065      0.041     -0.146      0.016      2.517      0.113  18072.354 
  attent2, attent6                    0.007      0.041     -0.072      0.087      0.030      0.863  14674.320 
  attent2, attent7                   -0.119      0.041     -0.198     -0.038      8.472      0.004  17438.928 
  attent2, attent9                   -0.026      0.041     -0.107      0.056      0.380      0.538  12929.845 
  attent3, attent4                   -0.001      0.041     -0.082      0.080      0.001      0.976  17687.489 
  attent3, attent5                   -0.077      0.041     -0.158      0.004      3.510      0.061  21194.255 
  attent3, attent6                   -0.033      0.040     -0.112      0.046      0.669      0.413  13903.977 
  attent3, attent7                   -0.054      0.041     -0.134      0.025      1.797      0.180  17393.842 
  attent3, attent8                    0.062      0.041     -0.018      0.141      2.348      0.125  14241.261 
  attent3, attent9                    0.044      0.040     -0.036      0.123      1.189      0.275  16997.645 
  attent4, attent5                    0.036      0.042     -0.048      0.118      0.700      0.403   7371.220 
  attent4, attent6                    0.003      0.042     -0.078      0.086      0.006      0.937  13935.894 
  attent4, attent7                    0.044      0.042     -0.039      0.127      1.076      0.300  10100.246 
  attent4, attent8                   -0.054      0.041     -0.135      0.027      1.707      0.191  15578.072 
  attent4, attent9                    0.000      0.042     -0.083      0.082      0.000      0.995  11498.269 
  attent5, attent6                    0.010      0.042     -0.072      0.092      0.062      0.804  14870.941 
  attent5, attent7                    0.110      0.041      0.027      0.190      6.990      0.008  10557.622 
  attent5, attent8                   -0.061      0.041     -0.141      0.020      2.155      0.142  22429.302 
  attent5, attent9                    0.025      0.042     -0.057      0.107      0.358      0.550  10959.501 
  attent6, attent7                    0.017      0.041     -0.065      0.098      0.162      0.688  16068.740 
  attent6, attent8                    0.055      0.041     -0.025      0.135      1.822      0.177  18282.749 
  attent6, attent9                   -0.052      0.041     -0.133      0.028      1.631      0.202  19576.942 
  attent7, attent8                   -0.055      0.041     -0.135      0.026      1.791      0.181  18594.845 
  attent8, attent9                    0.008      0.041     -0.073      0.088      0.034      0.854  18065.292 

                                ------------------------------------------------------------------------------



OUTCOME MODEL ESTIMATES:

  Summaries based on 50000 iterations using 4 chains.
  NOTE: Estimate column based on posterior median.

  structural block:

Latent Variable:   attention  

Grand Mean Centered: age alphaeeg


Parameters                         Estimate     StdDev       2.5%      97.5%      ChiSq     PValue      N_Eff 
                                ------------------------------------------------------------------------------
Variances:                      
  Q25% Residual Var.                  0.937      0.162      0.677      1.319        ---        ---    135.075 
  Q50% Residual Var.                  3.034      0.621      1.963      4.348        ---        ---    142.595 
  Mean Residual Var.                  2.576      0.463      1.851      3.675        ---        ---    113.877 
  Q75% Residual Var.                  3.800      0.791      2.566      5.702        ---        ---    115.697 

Coefficients:                   
  alphaeeg                            0.010      0.030     -0.048      0.068      0.118      0.731   9228.613 
  age                                -0.011      0.021     -0.053      0.030      0.293      0.588  12283.221 
  study                               0.062      0.118     -0.162      0.300      0.287      0.592   3191.387 
  male                               -0.173      0.108     -0.385      0.038      2.544      0.111    700.938 
  adhd                               -1.899      0.192     -2.309     -1.549     98.275      0.000    112.648 
  alphaeeg^2                          0.018      0.008      0.002      0.034      4.962      0.026   2567.614 
  age^2                               0.008      0.006     -0.004      0.021      1.844      0.175   4919.536 

Standardized Coefficients:      
  alphaeeg                            0.011      0.033     -0.054      0.076      0.119      0.731   9482.732 
  age                                -0.018      0.034     -0.085      0.048      0.299      0.585  11559.229 
  study                               0.017      0.032     -0.046      0.079      0.277      0.598   5084.377 
  male                               -0.046      0.029     -0.102      0.010      2.552      0.110   1023.405 
  adhd                               -0.440      0.024     -0.487     -0.391    323.842      0.000    951.409 
  alphaeeg^2                          0.067      0.029      0.008      0.124      5.133      0.023   2217.958 
  age^2                               0.052      0.038     -0.022      0.128      1.866      0.172   4010.965 

Proportion Variance Explained   
  by Coefficients                     0.215      0.023      0.173      0.261        ---        ---   1011.646 
  by Residual Variation               0.785      0.023      0.739      0.827        ---        ---   1011.646 

                                ------------------------------------------------------------------------------



Outcome Variable:  var(attention)

Grand Mean Centered: age alphaeeg


Parameters                         Estimate     StdDev       2.5%      97.5%      ChiSq     PValue      N_Eff 
                                ------------------------------------------------------------------------------

Coefficients:                   
  alphaeeg                            0.013      0.046     -0.076      0.103      0.086      0.769   1056.812 
  age                                 0.020      0.024     -0.028      0.067      0.640      0.424   1789.692 
  study                               1.372      0.126      1.128      1.619    118.940      0.000    419.578 
  male                               -0.268      0.131     -0.524     -0.013      4.223      0.040    386.635 
  adhd                                0.157      0.153     -0.149      0.456      1.055      0.304    211.128 

Exponentiated Coefficients:     
  alphaeeg                            1.014      0.047      0.927      1.108        ---        ---   1060.858 
  age                                 1.020      0.025      0.972      1.069        ---        ---   1795.119 
  study                               3.942      0.501      3.090      5.046        ---        ---    422.580 
  male                                0.765      0.101      0.592      0.987        ---        ---    382.124 
  adhd                                1.170      0.182      0.862      1.578        ---        ---    208.773 

                                ------------------------------------------------------------------------------


  measurement block:

Outcome Variable:  attent1    

Parameters                         Estimate     StdDev       2.5%      97.5%      ChiSq     PValue      N_Eff 
                                ------------------------------------------------------------------------------
Variances:                      
  Residual Var.                       1.000      0.000      1.000      1.000        ---        ---        --- 

Coefficients:                   
  Intercept                           2.489      0.136      2.226      2.763    335.336      0.000    418.002 
  attention                           0.702      0.068      0.579      0.848    107.141      0.000    126.443 

Thresholds:                     
  Tau 1                               0.000      0.000      0.000      0.000        ---        ---        --- 
  Tau 2                               1.366      0.075      1.221      1.514        ---        ---    898.278 
  Tau 3                               2.516      0.098      2.329      2.710        ---        ---    712.411 
  Tau 4                               3.518      0.122      3.282      3.765        ---        ---    699.144 

Standard Deviations:            
  Residual SD                         1.000      0.000      1.000      1.000        ---        ---        --- 

Standardized Coefficients:      
  attention                           0.793      0.014      0.765      0.818   3441.598      0.000   1158.869 

Proportion Variance Explained   
  by Coefficients                     0.629      0.021      0.585      0.669        ---        ---   1156.151 
  by Residual Variation               0.371      0.021      0.331      0.415        ---        ---   1156.151 

                                ------------------------------------------------------------------------------



Outcome Variable:  attent2    

Parameters                         Estimate     StdDev       2.5%      97.5%      ChiSq     PValue      N_Eff 
                                ------------------------------------------------------------------------------
Variances:                      
  Residual Var.                       1.000      0.000      1.000      1.000        ---        ---        --- 

Coefficients:                   
  Intercept                           2.859      0.151      2.561      3.156    359.503      0.000    418.604 
  attention                           0.830      0.079      0.686      0.995    110.305      0.000    132.028 

Thresholds:                     
  Tau 1                               0.000      0.000      0.000      0.000        ---        ---        --- 
  Tau 2                               1.316      0.075      1.173      1.465        ---        ---   1017.135 
  Tau 3                               2.522      0.098      2.338      2.722        ---        ---    714.786 
  Tau 4                               3.657      0.125      3.420      3.909        ---        ---    692.364 

Standard Deviations:            
  Residual SD                         1.000      0.000      1.000      1.000        ---        ---        --- 

Standardized Coefficients:      
  attention                           0.838      0.011      0.815      0.858   5703.425      0.000    996.663 

Proportion Variance Explained   
  by Coefficients                     0.702      0.019      0.664      0.736        ---        ---    996.042 
  by Residual Variation               0.298      0.019      0.264      0.336        ---        ---    996.042 

                                ------------------------------------------------------------------------------



Outcome Variable:  attent3    

Parameters                         Estimate     StdDev       2.5%      97.5%      ChiSq     PValue      N_Eff 
                                ------------------------------------------------------------------------------
Variances:                      
  Residual Var.                       1.000      0.000      1.000      1.000        ---        ---        --- 

Coefficients:                   
  Intercept                           2.940      0.145      2.667      3.239    412.269      0.000    458.438 
  attention                           0.725      0.070      0.602      0.875    108.519      0.000    136.670 

Thresholds:                     
  Tau 1                               0.000      0.000      0.000      0.000        ---        ---        --- 
  Tau 2                               1.231      0.074      1.091      1.379        ---        ---    879.955 
  Tau 3                               2.257      0.090      2.084      2.435        ---        ---    642.591 
  Tau 4                               3.177      0.108      2.972      3.394        ---        ---    582.579 

Standard Deviations:            
  Residual SD                         1.000      0.000      1.000      1.000        ---        ---        --- 

Standardized Coefficients:      
  attention                           0.802      0.013      0.775      0.827   3653.504      0.000   1044.735 

Proportion Variance Explained   
  by Coefficients                     0.644      0.021      0.601      0.684        ---        ---   1043.175 
  by Residual Variation               0.356      0.021      0.316      0.399        ---        ---   1043.175 

                                ------------------------------------------------------------------------------



Outcome Variable:  attent4    

Parameters                         Estimate     StdDev       2.5%      97.5%      ChiSq     PValue      N_Eff 
                                ------------------------------------------------------------------------------
Variances:                      
  Residual Var.                       1.000      0.000      1.000      1.000        ---        ---        --- 

Coefficients:                   
  Intercept                           3.104      0.198      2.737      3.514    247.288      0.000    305.483 
  attention                           1.061      0.105      0.872      1.285    103.763      0.000    130.252 

Thresholds:                     
  Tau 1                               0.000      0.000      0.000      0.000        ---        ---        --- 
  Tau 2                               1.528      0.091      1.355      1.711        ---        ---    594.420 
  Tau 3                               2.822      0.130      2.585      3.094        ---        ---    421.209 
  Tau 4                               3.791      0.159      3.497      4.123        ---        ---    404.546 

Standard Deviations:            
  Residual SD                         1.000      0.000      1.000      1.000        ---        ---        --- 

Standardized Coefficients:      
  attention                           0.891      0.009      0.873      0.907  10077.637      0.000    504.823 

Proportion Variance Explained   
  by Coefficients                     0.794      0.016      0.762      0.823        ---        ---    503.975 
  by Residual Variation               0.206      0.016      0.177      0.238        ---        ---    503.975 

                                ------------------------------------------------------------------------------



Outcome Variable:  attent5    

Parameters                         Estimate     StdDev       2.5%      97.5%      ChiSq     PValue      N_Eff 
                                ------------------------------------------------------------------------------
Variances:                      
  Residual Var.                       1.000      0.000      1.000      1.000        ---        ---        --- 

Coefficients:                   
  Intercept                           3.094      0.192      2.740      3.496    259.842      0.000    256.417 
  attention                           1.042      0.101      0.854      1.257    107.163      0.000    129.086 

Thresholds:                     
  Tau 1                               0.000      0.000      0.000      0.000        ---        ---        --- 
  Tau 2                               1.489      0.087      1.327      1.670        ---        ---    683.424 
  Tau 3                               2.770      0.120      2.549      3.019        ---        ---    455.448 
  Tau 4                               3.819      0.151      3.541      4.129        ---        ---    434.226 

Standard Deviations:            
  Residual SD                         1.000      0.000      1.000      1.000        ---        ---        --- 

Standardized Coefficients:      
  attention                           0.888      0.009      0.870      0.904  10125.438      0.000    544.120 

Proportion Variance Explained   
  by Coefficients                     0.788      0.016      0.756      0.818        ---        ---    542.655 
  by Residual Variation               0.212      0.016      0.182      0.244        ---        ---    542.655 

                                ------------------------------------------------------------------------------



Outcome Variable:  attent6    

Parameters                         Estimate     StdDev       2.5%      97.5%      ChiSq     PValue      N_Eff 
                                ------------------------------------------------------------------------------
Variances:                      
  Residual Var.                       1.000      0.000      1.000      1.000        ---        ---        --- 

Coefficients:                   
  Intercept                           2.951      0.159      2.647      3.279    344.851      0.000    392.103 
  attention                           0.811      0.079      0.668      0.979    105.506      0.000    130.907 

Thresholds:                     
  Tau 1                               0.000      0.000      0.000      0.000        ---        ---        --- 
  Tau 2                               1.333      0.082      1.179      1.497        ---        ---    549.463 
  Tau 3                               2.314      0.105      2.122      2.534        ---        ---    426.412 
  Tau 4                               3.215      0.125      2.986      3.473        ---        ---    423.829 

Standard Deviations:            
  Residual SD                         1.000      0.000      1.000      1.000        ---        ---        --- 

Standardized Coefficients:      
  attention                           0.832      0.012      0.807      0.855   4531.104      0.000    714.249 

Proportion Variance Explained   
  by Coefficients                     0.693      0.021      0.652      0.732        ---        ---    710.903 
  by Residual Variation               0.307      0.021      0.268      0.348        ---        ---    710.903 

                                ------------------------------------------------------------------------------



Outcome Variable:  attent7    

Parameters                         Estimate     StdDev       2.5%      97.5%      ChiSq     PValue      N_Eff 
                                ------------------------------------------------------------------------------
Variances:                      
  Residual Var.                       1.000      0.000      1.000      1.000        ---        ---        --- 

Coefficients:                   
  Intercept                           3.107      0.159      2.810      3.431    381.365      0.000    397.364 
  attention                           0.841      0.081      0.686      1.007    106.956      0.000    121.537 

Thresholds:                     
  Tau 1                               0.000      0.000      0.000      0.000        ---        ---        --- 
  Tau 2                               1.311      0.075      1.170      1.461        ---        ---    673.948 
  Tau 3                               2.342      0.096      2.156      2.535        ---        ---    520.258 
  Tau 4                               3.291      0.114      3.074      3.518        ---        ---    492.983 

Standard Deviations:            
  Residual SD                         1.000      0.000      1.000      1.000        ---        ---        --- 

Standardized Coefficients:      
  attention                           0.841      0.011      0.817      0.861   5464.634      0.000    728.070 

Proportion Variance Explained   
  by Coefficients                     0.707      0.019      0.667      0.742        ---        ---    728.384 
  by Residual Variation               0.293      0.019      0.258      0.333        ---        ---    728.384 

                                ------------------------------------------------------------------------------



Outcome Variable:  attent8    

Parameters                         Estimate     StdDev       2.5%      97.5%      ChiSq     PValue      N_Eff 
                                ------------------------------------------------------------------------------
Variances:                      
  Residual Var.                       1.000      0.000      1.000      1.000        ---        ---        --- 

Coefficients:                   
  Intercept                           2.416      0.143      2.135      2.699    284.152      0.000    368.576 
  attention                           0.791      0.075      0.658      0.952    113.081      0.000    121.155 

Thresholds:                     
  Tau 1                               0.000      0.000      0.000      0.000        ---        ---        --- 
  Tau 2                               1.168      0.069      1.038      1.307        ---        ---   1039.323 
  Tau 3                               2.111      0.088      1.941      2.287        ---        ---    749.245 
  Tau 4                               3.236      0.115      3.017      3.466        ---        ---    682.290 

Standard Deviations:            
  Residual SD                         1.000      0.000      1.000      1.000        ---        ---        --- 

Standardized Coefficients:      
  attention                           0.826      0.012      0.802      0.848   4831.527      0.000   1069.598 

Proportion Variance Explained   
  by Coefficients                     0.683      0.020      0.643      0.719        ---        ---   1066.931 
  by Residual Variation               0.317      0.020      0.281      0.357        ---        ---   1066.931 

                                ------------------------------------------------------------------------------



Outcome Variable:  attent9    

Parameters                         Estimate     StdDev       2.5%      97.5%      ChiSq     PValue      N_Eff 
                                ------------------------------------------------------------------------------
Variances:                      
  Residual Var.                       1.000      0.000      1.000      1.000        ---        ---        --- 

Coefficients:                   
  Intercept                           3.198      0.168      2.879      3.539    364.647      0.000    354.017 
  attention                           0.873      0.086      0.717      1.056    103.448      0.000    130.596 

Thresholds:                     
  Tau 1                               0.000      0.000      0.000      0.000        ---        ---        --- 
  Tau 2                               1.151      0.076      1.010      1.309        ---        ---    667.172 
  Tau 3                               2.411      0.100      2.221      2.618        ---        ---    509.138 
  Tau 4                               3.433      0.118      3.215      3.674        ---        ---    503.178 

Standard Deviations:            
  Residual SD                         1.000      0.000      1.000      1.000        ---        ---        --- 

Standardized Coefficients:      
  attention                           0.850      0.011      0.828      0.870   6453.227      0.000    832.440 

Proportion Variance Explained   
  by Coefficients                     0.723      0.018      0.686      0.756        ---        ---    831.394 
  by Residual Variation               0.277      0.018      0.244      0.314        ---        ---    831.394 

                                ------------------------------------------------------------------------------



Covariance Matrix: attent2 attent8

Parameters                         Estimate     StdDev       2.5%      97.5%      ChiSq     PValue      N_Eff 
                                ------------------------------------------------------------------------------
Covariances:                    
  Cov(attent2,attent8)                0.305      0.042      0.220      0.383     53.535      0.000   8069.597 

Correlations:                   
  Cor(attent2,attent8)                0.305      0.042      0.220      0.383     53.535      0.000   8069.597 

                                ------------------------------------------------------------------------------



Covariance Matrix: attent7 attent9

Parameters                         Estimate     StdDev       2.5%      97.5%      ChiSq     PValue      N_Eff 
                                ------------------------------------------------------------------------------
Covariances:                    
  Cov(attent7,attent9)                0.306      0.042      0.221      0.385     53.160      0.000   6451.353 

Correlations:                   
  Cor(attent7,attent9)                0.306      0.042      0.221      0.385     53.160      0.000   6451.353 

                                ------------------------------------------------------------------------------




PREDICTOR MODEL ESTIMATES:

  Summaries based on 50000 iterations using 4 chains.
  NOTE: Estimate column based on posterior median.



Missing predictor:  alphaeeg   

Parameters                         Estimate     StdDev       2.5%      97.5%      ChiSq     PValue      N_Eff 
                                ------------------------------------------------------------------------------

Grand Mean                           -1.036      0.084     -1.202     -0.873    150.868      0.000   3399.790 

Level 1:                                                                                                      
  study                              -0.395      0.092     -0.571     -0.210     18.329      0.000   7299.417 
  age                                -0.246      0.029     -0.302     -0.187     70.164      0.000   8008.541 
  male                                0.119      0.101     -0.079      0.317      1.397      0.237   7521.765 
  adhd                                0.263      0.101      0.063      0.459      6.749      0.009   7430.797 
  Residual Var.                       3.302      0.204      2.932      3.732        ---        ---   9772.702 
                                                                                                              
                                ------------------------------------------------------------------------------



Complete predictor: study      

Parameters                         Estimate     StdDev       2.5%      97.5%      ChiSq     PValue      N_Eff 
                                ------------------------------------------------------------------------------

Grand Mean                            0.143      0.044      0.057      0.229     10.781      0.001  17590.412 

Level 1:                                                                                                      
  alphaeeg                           -0.120      0.029     -0.177     -0.062     16.876      0.000   6482.312 
  age                                -0.025      0.017     -0.058      0.008      2.195      0.138  13211.469 
  male                               -0.214      0.053     -0.319     -0.111     16.259      0.000   9690.407 
  adhd                                0.184      0.057      0.073      0.297     10.346      0.001   8011.072 
  Residual Var.                       1.000      0.000      1.000      1.000        ---        ---        --- 
Thresholds:                                                                                                   
  Tau 1                               0.000      0.000      0.000      0.000        ---        ---        --- 
                                                                                                              
                                ------------------------------------------------------------------------------



Missing predictor:  age        

Parameters                         Estimate     StdDev       2.5%      97.5%      ChiSq     PValue      N_Eff 
                                ------------------------------------------------------------------------------

Grand Mean                           10.148      0.099      9.952     10.340  10453.161      0.000   7150.304 

Level 1:                                                                                                      
  alphaeeg                           -0.545      0.061     -0.662     -0.423     80.315      0.000  10349.615 
  study                              -0.182      0.123     -0.419      0.061      2.175      0.140  17343.096 
  male                               -0.156      0.124     -0.399      0.086      1.573      0.210  16911.773 
  adhd                               -0.008      0.136     -0.272      0.261      0.003      0.955  13677.567 
  Residual Var.                       7.334      0.390      6.620      8.152        ---        ---  17150.177 
                                                                                                              
                                ------------------------------------------------------------------------------



Missing predictor:  male       

Parameters                         Estimate     StdDev       2.5%      97.5%      ChiSq     PValue      N_Eff 
                                ------------------------------------------------------------------------------

Grand Mean                            0.386      0.047      0.295      0.477     68.489      0.000  13185.787 

Level 1:                                                                                                      
  alphaeeg                            0.036      0.031     -0.024      0.096      1.392      0.238   7034.763 
  study                              -0.215      0.053     -0.318     -0.111     16.241      0.000   8998.149 
  age                                -0.022      0.017     -0.055      0.012      1.567      0.211  12940.217 
  adhd                                0.235      0.058      0.123      0.349     16.729      0.000   8420.658 
  Residual Var.                       1.000      0.000      1.000      1.000        ---        ---        --- 
Thresholds:                                                                                                   
  Tau 1                               0.000      0.000      0.000      0.000        ---        ---        --- 
                                                                                                              
                                ------------------------------------------------------------------------------



Missing predictor:  adhd       

Parameters                         Estimate     StdDev       2.5%      97.5%      ChiSq     PValue      N_Eff 
                                ------------------------------------------------------------------------------

Grand Mean                            0.786      0.051      0.689      0.887    239.033      0.000   9574.509 

Level 1:                                                                                                      
  alphaeeg                            0.080      0.031      0.019      0.141      6.548      0.011   6715.394 
  study                               0.185      0.058      0.072      0.298     10.296      0.001   7244.993 
  age                                -0.001      0.019     -0.037      0.036      0.003      0.956  10980.306 
  male                                0.235      0.058      0.122      0.349     16.443      0.000   7197.974 
  Residual Var.                       1.000      0.000      1.000      1.000        ---        ---        --- 
Thresholds:                                                                                                   
  Tau 1                               0.000      0.000      0.000      0.000        ---        ---        --- 
                                                                                                              
                                ------------------------------------------------------------------------------


                                      Estimate   StdDev     2.5%    97.5%
attention ~ alphaeeg (standardized)      0.011    0.033   -0.054    0.076
attention ~ age (standardized)          -0.018    0.034   -0.085    0.048
attention ~ study (standardized)         0.017    0.032   -0.046    0.079
attention ~ male (standardized)         -0.046    0.029   -0.102    0.010
attention ~ adhd (standardized)         -0.440    0.024   -0.487   -0.391
attention ~ alphaeeg^2 (standardized)    0.067    0.029    0.009    0.124
attention ~ age^2 (standardized)         0.052    0.038   -0.022    0.128
attent1 ~ attention (standardized)       0.793    0.014    0.765    0.818
attent2 ~ attention (standardized)       0.838    0.011    0.815    0.858
attent3 ~ attention (standardized)       0.802    0.013    0.775    0.827
attent4 ~ attention (standardized)       0.891    0.009    0.873    0.907
attent5 ~ attention (standardized)       0.888    0.009    0.870    0.904
attent6 ~ attention (standardized)       0.832    0.012    0.807    0.856
attent7 ~ attention (standardized)       0.841    0.011    0.817    0.861
attent8 ~ attention (standardized)       0.827    0.012    0.802    0.848
attent9 ~ attention (standardized)       0.850    0.011    0.828    0.870
Cor( attent2, attent8 )                  0.305    0.042    0.220    0.384
Cor( attent7, attent9 )                  0.306    0.042    0.221    0.385
                                          ChiSq   PValue     N_Eff
attention ~ alphaeeg (standardized)       0.119    0.731  9482.732
attention ~ age (standardized)            0.299    0.585 11559.229
attention ~ study (standardized)          0.277    0.598  5084.377
attention ~ male (standardized)           2.552    0.110  1023.405
attention ~ adhd (standardized)         323.842    0.000   951.409
attention ~ alphaeeg^2 (standardized)     5.133    0.024  2217.958
attention ~ age^2 (standardized)          1.866    0.172  4010.965
attent1 ~ attention (standardized)     3441.598    0.000  1158.869
attent2 ~ attention (standardized)     5703.425    0.000   996.662
attent3 ~ attention (standardized)     3653.504    0.000  1044.735
attent4 ~ attention (standardized)    10077.637    0.000   504.823
attent5 ~ attention (standardized)    10125.438    0.000   544.120
attent6 ~ attention (standardized)     4531.104    0.000   714.249
attent7 ~ attention (standardized)     5464.634    0.000   728.070
attent8 ~ attention (standardized)     4831.527    0.000  1069.599
attent9 ~ attention (standardized)     6453.227    0.000   832.440
Cor( attent2, attent8 )                  53.535    0.000  8069.597
Cor( attent7, attent9 )                  53.160    0.000  6451.353

ITERATION HISTORY:

  Chain 1 burn-in started on Aug 15 18:21:36 2026
  Chain 3 burn-in started on Aug 15 18:21:36 2026
  Chain 2 burn-in started on Aug 15 18:21:36 2026
  Chain 4 burn-in started on Aug 15 18:21:36 2026
  Chain 4 burn-in iteration 25000 completed on Aug 15 18:24:03 2026
  Chain 2 burn-in iteration 25000 completed on Aug 15 18:24:03 2026
  Chain 1 burn-in iteration 25000 completed on Aug 15 18:24:03 2026
  Chain 3 burn-in iteration 25000 completed on Aug 15 18:24:06 2026
  Chain 4 burn-in iteration 50000 completed on Aug 15 18:26:25 2026
  Chain 2 burn-in iteration 50000 completed on Aug 15 18:26:26 2026
  Chain 1 burn-in iteration 50000 completed on Aug 15 18:26:26 2026
  Chain 3 burn-in iteration 50000 completed on Aug 15 18:26:27 2026
  Chain 4 burn-in iteration 75000 completed on Aug 15 18:28:49 2026
  Chain 2 burn-in iteration 75000 completed on Aug 15 18:28:49 2026
  Chain 1 burn-in iteration 75000 completed on Aug 15 18:28:50 2026
  Chain 3 burn-in iteration 75000 completed on Aug 15 18:28:51 2026
  Chain 2 burn-in iteration 100000 completed on Aug 15 18:31:09 2026
  Chain 2 completed burn-in on Aug 15 18:31:09 2026
  Chain 4 burn-in iteration 100000 completed on Aug 15 18:31:09 2026
  Chain 4 completed burn-in on Aug 15 18:31:09 2026
  Chain 1 burn-in iteration 100000 completed on Aug 15 18:31:11 2026
  Chain 1 completed burn-in on Aug 15 18:31:11 2026
  Chain 3 burn-in iteration 100000 completed on Aug 15 18:31:11 2026
  Chain 3 completed burn-in on Aug 15 18:31:11 2026
  Chain 4 completed iteration 6250 on Aug 15 18:32:00 2026
  Chain 2 completed iteration 6250 on Aug 15 18:32:01 2026
  Chain 1 completed iteration 6250 on Aug 15 18:32:03 2026
  Chain 3 completed iteration 6250 on Aug 15 18:32:04 2026
  Chain 4 completed iteration 12500 on Aug 15 18:32:51 2026
  Chain 2 completed iteration 12500 on Aug 15 18:32:52 2026
  Chain 1 completed iteration 12500 on Aug 15 18:32:54 2026
  Chain 3 completed iteration 12500 on Aug 15 18:32:54 2026
  Chain 4 completed iteration 18750 on Aug 15 18:33:42 2026
  Chain 2 completed iteration 18750 on Aug 15 18:33:44 2026
  Chain 1 completed iteration 18750 on Aug 15 18:33:46 2026
  Chain 3 completed iteration 18750 on Aug 15 18:33:46 2026
  Chain 4 completed iteration 25000 on Aug 15 18:34:33 2026
  Chain 4 finished on Aug 15 18:34:33 2026
  Chain 2 completed iteration 25000 on Aug 15 18:34:35 2026
  Chain 2 finished on Aug 15 18:34:35 2026
  Chain 1 completed iteration 25000 on Aug 15 18:34:37 2026
  Chain 1 finished on Aug 15 18:34:37 2026
  Chain 3 completed iteration 25000 on Aug 15 18:34:38 2026
  Chain 3 finished on Aug 15 18:34:38 2026


---------------------------------------------------------------------------

                                   Blimp
                                 4.1.0.b11

             Blimp was developed with funding from Institute of
           Education Sciences awards R305D150056 and R305D190002.

            Craig K. Enders, P.I. Email: cenders@psych.ucla.edu
           Brian T. Keller, Co-P.I. Email: btkeller@missouri.edu
                 Han Du, Co-P.I. Email: hdu@psych.ucla.edu
                 Roy Levy, Co-P.I. Email: roy.levy@asu.edu

              Programming and Blimp Studio by Brian T. Keller

                   There is no expressed license given.

---------------------------------------------------------------------------


ALGORITHMIC OPTIONS SPECIFIED:

  Imputation method:                 Fully Bayesian model-based
  MCMC algorithm:                    Full conditional Metropolis sampler with
                                       Auto-Derived Conditional Distributions
  Default Priors:
    Multilevel covariance matrices:  Not applicable, single-level imputation
    Outcome covariance matrices:     Zero matrix, df = -(p + 1) (PRIOR2)
    Predictor model variances:       Unit sum of squares, df = 2 (XPRIOR1)
  Chain Starting Values:             Random starting values


  NOTE: The default prior for regression coefficients 
        in categorical models is 'normal( 0.0, 5.0)'

  NOTE: For complete list of priors include 'pinfo' in the options.


BURN-IN POTENTIAL SCALE REDUCTION (PSR) OUTPUT:

  NOTE: Rank-normalized Rhat (Vehtari et al., 2021) is being used.
        This applies rank normalization and chain folding for robust
        convergence detection across all chains.

  Comparing iterations across 4 chains     Highest Rhat   Parameter #  
                         2501 to 5000            1.147           113  
                         5001 to 10000           1.137           152  
                         7501 to 15000           1.204           152  
                        10001 to 20000           1.046             3  
                        12501 to 25000           1.043             9  
                        15001 to 30000           1.077             9  
                        17501 to 35000           1.079             9  
                        20001 to 40000           1.068             9  
                        22501 to 45000           1.074             9  
                        25001 to 50000           1.049             9  
                        27501 to 55000           1.024             9  
                        30001 to 60000           1.026             9  
                        32501 to 65000           1.031             9  
                        35001 to 70000           1.030           114  
                        37501 to 75000           1.032             9  
                        40001 to 80000           1.024           152  
                        42501 to 85000           1.016           152  
                        45001 to 90000           1.024           152  
                        47501 to 95000           1.014           152  
                        50001 to 100000          1.012           152  


METROPOLIS-HASTINGS ACCEPTANCE RATES:

  Chain 1:

    Variable                            Type    Probability   Target Value 
    var(attention)                 parameter          0.487          0.500 
    var(attention)                 parameter          0.517          0.500 
    var(attention)                 parameter          0.490          0.500 
    var(attention)                 parameter          0.515          0.500 
    var(attention)                 parameter          0.421          0.500 
    attent1                        threshold          0.392          0.350 
    attent2                        threshold          0.394          0.350 
    attent3                        threshold          0.402          0.350 
    attent4                        threshold          0.324          0.350 
    attent5                        threshold          0.364          0.350 
    attent6                        threshold          0.410          0.350 
    attent7                        threshold          0.382          0.350 
    attent8                        threshold          0.330          0.350 
    attent9                        threshold          0.360          0.350 
    alphaeeg                      imputation          0.501          0.500 
    alphaeeg                       parameter          0.477          0.500 
    age                           imputation          0.497          0.500 
    age                            parameter          0.500          0.500 
    male                          imputation          0.503          0.500 
    adhd                          imputation          0.493          0.500 

  NOTE: Suppressing printing of 3 chains.
        Use keyword 'tuneinfo' in options to override.


DATA INFORMATION:

  Sample Size:              939
  Missing Data Info:

                      Pattern #:       1     2     3     4     5     6     7     8     9    10
                          miss % --------------------------------------------------------------
                  attent1 =  0.6       -     -     -     -     -     -     -     -     -     -  
                  attent2 =  1.0       -     -     -     -     -     -     -     -     -     -  
                  attent3 =  0.3       -     -     -     -     -     -     -     -     -     -  
                  attent4 =  0.5       -     -     -     -     -     -     -     -     -     -  
                  attent5 =  0.5       -     -     -     -     -     -     -     -     -     -  
                  attent6 =  1.6       -     -     -     -     -     M     -     -     -     -  
                  attent7 =  1.2       -     -     -     -     -     -     -     M     -     -  
                  attent8 =  2.1       -     -     -     -     M     -     M     -     -     -  
                  attent9 =  1.2       -     -     -     -     -     -     -     -     M     M  
                 alphaeeg = 38.1       -     M     M     -     -     -     M     -     -     M  
                    study =  0.0       -     -     -     -     -     -     -     -     -     -  
                      age =  6.4       -     -     M     M     -     -     -     -     -     -  
                     male =  6.5       -     -     M     M     -     -     -     -     -     -  
                     adhd =  6.6       -     -     M     M     -     -     -     -     -     -  
                                 --------------------------------------------------------------
                                 %  55.1  32.7   3.4   2.4   1.1   0.6   0.4   0.3   0.3   0.2

  NOTE: Suppressing printing of 27 missing data patterns.
        These patterns consist of 3.4% of the data.
        Use keyword 'allpatterns' in options to print all patterns.


MODEL INFORMATION:

  NUMBER OF PARAMETERS
    Outcome Models:         115
    Predictor Models:       27

  PREDICTORS
    Complete ordinal:       study
    Incomplete continuous:  alphaeeg age
    Incomplete ordinal:     male adhd

  FACTORS
    Level-1:                attention

  CENTERED PREDICTORS
    Grand Mean Centered:    alphaeeg age

  MODELS

   structural:
    [1]  attention ~ alphaeeg age study male adhd alphaeeg^2 age^2
    [2]  var(attention) ~ alphaeeg age study male adhd

   measurement:
    [3]  attent1 ~ Intercept attention@load1 age study male adhd age*attention 
                 study*attention male*attention adhd*attention
    [4]  attent2 ~ Intercept attention age study male adhd age*attention study*attention 
                 male*attention adhd*attention
    [5]  attent3 ~ Intercept attention age study male adhd age*attention study*attention 
                 male*attention adhd*attention
    [6]  attent4 ~ Intercept attention
    [7]  attent5 ~ Intercept attention age study male adhd age*attention study*attention 
                 male*attention adhd*attention
    [8]  attent6 ~ Intercept attention
    [9]  attent7 ~ Intercept attention age study male adhd age*attention study*attention 
                 male*attention adhd*attention
   [10]  attent8 ~ Intercept attention age study male adhd age*attention study*attention 
                 male*attention adhd*attention
   [11]  attent9 ~ Intercept attention age study male adhd age*attention study*attention 
                 male*attention adhd*attention
   [12]  attent2 <-> attent8
   [13]  attent7 <-> attent9


 WARNING MESSAGES:

  No warning messages.


MODEL FIT:


  INFORMATION CRITERIA

    Conditional Likelihood
      DIC2                  28530.414
      WAIC                  30371.357


IMPUTED DATA SUMMARIES:

  NOTE: Imputed data summaries are averaged across 100000 data sets.


Variables                              Mean     StdDev        25%        50%        75%        Min        Max 
                                ------------------------------------------------------------------------------

  attention                          -0.988      1.328     -1.912     -1.143     -0.169     -4.941      4.548 
  attent1                             2.724      1.233      2.000      3.000      4.000      1.000      5.000 
  attent2                             2.859      1.302      2.000      3.000      4.000      1.000      5.000 
  attent3                             3.169      1.320      2.000      3.000      4.000      1.000      5.000 
  attent4                             2.710      1.371      2.000      2.233      4.000      1.000      5.000 
  attent5                             2.732      1.360      2.000      3.000      4.000      1.000      5.000 
  attent6                             3.039      1.374      2.000      3.000      4.000      1.000      5.000 
  attent7                             3.110      1.380      2.000      3.000      4.000      1.000      5.000 
  attent8                             2.744      1.366      2.000      3.000      4.000      1.000      5.000 
  attent9                             3.130      1.344      2.000      3.000      4.000      1.000      5.000 
  alphaeeg                           -1.040      2.045     -2.268     -0.839      0.325     -8.483      6.943 
  study                               0.554      0.497      0.000      1.000      1.000      0.000      1.000 
  age                                10.158      2.937      7.992      9.809     12.098      3.129     18.711 
  male                                0.640      0.480      0.000      1.000      1.000      0.000      1.000 
  adhd                                0.770      0.421      1.000      1.000      1.000      0.000      1.000 

                                ------------------------------------------------------------------------------



CORRELATIONS AMONG RESIDUALS:

  Summaries based on 100000 iterations using 4 chains.
  NOTE: Estimate column based on posterior median.


Correlations                       Estimate     StdDev       2.5%      97.5%      ChiSq     PValue      N_Eff 
                                ------------------------------------------------------------------------------

  attention, attent1                 -0.000      0.046     -0.091      0.090      0.000      0.999  97765.152 
  attention, attent2                  0.000      0.046     -0.090      0.090      0.000      0.997  95612.857 
  attention, attent3                  0.007      0.046     -0.084      0.098      0.024      0.876  96278.028 
  attention, attent4                 -0.016      0.046     -0.106      0.073      0.129      0.719  70802.573 
  attention, attent5                 -0.001      0.046     -0.091      0.090      0.000      0.992  95622.312 
  attention, attent6                  0.021      0.045     -0.067      0.110      0.225      0.636  60369.228 
  attention, attent7                 -0.002      0.046     -0.092      0.088      0.003      0.957  93691.841 
  attention, attent8                 -0.002      0.046     -0.091      0.088      0.001      0.977  93067.476 
  attention, attent9                 -0.002      0.046     -0.091      0.089      0.001      0.974  92484.749 
  attent1, attent2                    0.090      0.040      0.010      0.168      4.945      0.026  28619.370 
  attent1, attent3                   -0.014      0.040     -0.094      0.064      0.123      0.726  39030.095 
  attent1, attent4                   -0.008      0.041     -0.090      0.073      0.037      0.847  30041.820 
  attent1, attent5                    0.013      0.042     -0.068      0.095      0.102      0.750  28771.591 
  attent1, attent6                    0.033      0.041     -0.046      0.113      0.676      0.411  38501.006 
  attent1, attent7                   -0.056      0.041     -0.136      0.024      1.837      0.175  39090.961 
  attent1, attent8                   -0.025      0.041     -0.105      0.054      0.377      0.539  39000.791 
  attent1, attent9                   -0.026      0.041     -0.107      0.054      0.409      0.523  38814.280 
  attent2, attent3                    0.091      0.041      0.010      0.170      4.949      0.026  23060.665 
  attent2, attent4                   -0.037      0.042     -0.119      0.046      0.768      0.381  28627.931 
  attent2, attent5                   -0.062      0.041     -0.143      0.019      2.251      0.134  30503.655 
  attent2, attent6                    0.030      0.041     -0.051      0.111      0.528      0.467  26884.281 
  attent2, attent7                   -0.088      0.041     -0.169     -0.007      4.555      0.033  34383.715 
  attent2, attent9                   -0.013      0.041     -0.094      0.068      0.098      0.755  34416.231 
  attent3, attent4                    0.007      0.042     -0.075      0.088      0.025      0.875  36647.756 
  attent3, attent5                   -0.078      0.041     -0.159      0.003      3.586      0.058  32857.130 
  attent3, attent6                   -0.031      0.041     -0.111      0.050      0.556      0.456  29148.249 
  attent3, attent7                   -0.062      0.041     -0.142      0.019      2.240      0.134  33923.476 
  attent3, attent8                    0.043      0.041     -0.037      0.123      1.125      0.289  31870.475 
  attent3, attent9                    0.041      0.041     -0.040      0.120      0.987      0.320  30900.911 
  attent4, attent5                    0.035      0.043     -0.049      0.118      0.651      0.420  17387.910 
  attent4, attent6                    0.007      0.042     -0.075      0.089      0.030      0.862  23641.329 
  attent4, attent7                    0.039      0.042     -0.044      0.120      0.834      0.361  21132.942 
  attent4, attent8                   -0.049      0.041     -0.129      0.033      1.378      0.240  28172.550 
  attent4, attent9                    0.002      0.042     -0.081      0.084      0.001      0.970  24385.365 
  attent5, attent6                    0.002      0.042     -0.081      0.084      0.002      0.969  27365.016 
  attent5, attent7                    0.089      0.042      0.006      0.171      4.429      0.035  17534.444 
  attent5, attent8                   -0.055      0.041     -0.137      0.026      1.807      0.179  34798.681 
  attent5, attent9                    0.008      0.042     -0.074      0.090      0.035      0.851  19441.166 
  attent6, attent7                   -0.010      0.042     -0.091      0.071      0.063      0.802  36300.867 
  attent6, attent8                    0.074      0.041     -0.007      0.154      3.252      0.071  30836.682 
  attent6, attent9                   -0.069      0.041     -0.150      0.012      2.823      0.093  44328.534 
  attent7, attent8                   -0.030      0.041     -0.111      0.052      0.517      0.472  38893.378 
  attent8, attent9                    0.019      0.041     -0.062      0.100      0.205      0.650  37419.725 

                                ------------------------------------------------------------------------------



OUTCOME MODEL ESTIMATES:

  Summaries based on 100000 iterations using 4 chains.
  NOTE: Estimate column based on posterior median.

  structural block:

Latent Variable:   attention  

Grand Mean Centered: age alphaeeg


Parameters                         Estimate     StdDev       2.5%      97.5%      ChiSq     PValue      N_Eff 
                                ------------------------------------------------------------------------------
Variances:                      
  Q25% Residual Var.                  0.617      0.120      0.439      0.914        ---        ---    185.409 
  Q50% Residual Var.                  1.246      0.372      0.772      2.208        ---        ---    160.986 
  Mean Residual Var.                  1.289      0.271      0.911      1.958        ---        ---    155.355 
  Q75% Residual Var.                  1.706      0.419      1.149      2.774        ---        ---    173.051 

Coefficients:                   
  alphaeeg                            0.009      0.023     -0.036      0.054      0.147      0.702  19934.760 
  age                                -0.018      0.017     -0.052      0.015      1.156      0.282  14377.574 
  study                               0.127      0.093     -0.045      0.321      1.951      0.162   2375.838 
  male                               -0.128      0.094     -0.316      0.055      1.860      0.173    797.667 
  adhd                               -1.441      0.188     -1.853     -1.118     59.662      0.000    132.577 
  alphaeeg^2                          0.014      0.006      0.002      0.027      5.371      0.020   5418.331 
  age^2                               0.007      0.004     -0.002      0.016      2.276      0.131   9066.028 

Standardized Coefficients:      
  alphaeeg                            0.013      0.035     -0.055      0.082      0.148      0.701  20355.000 
  age                                -0.040      0.037     -0.113      0.033      1.184      0.277  15168.214 
  study                               0.048      0.034     -0.018      0.114      2.077      0.150   6626.093 
  male                               -0.047      0.034     -0.114      0.020      1.893      0.169   1424.856 
  adhd                               -0.464      0.030     -0.522     -0.403    234.817      0.000    606.851 
  alphaeeg^2                          0.074      0.031      0.013      0.135      5.621      0.018   4885.307 
  age^2                               0.058      0.038     -0.016      0.131      2.341      0.126   8035.750 

Proportion Variance Explained   
  by Coefficients                     0.241      0.029      0.185      0.299        ---        ---    602.389 
  by Residual Variation               0.759      0.029      0.701      0.815        ---        ---    602.389 

                                ------------------------------------------------------------------------------



Outcome Variable:  var(attention)

Grand Mean Centered: age alphaeeg


Parameters                         Estimate     StdDev       2.5%      97.5%      ChiSq     PValue      N_Eff 
                                ------------------------------------------------------------------------------

Coefficients:                   
  alphaeeg                            0.025      0.049     -0.071      0.121      0.263      0.608   2014.128 
  age                                 0.016      0.028     -0.039      0.071      0.340      0.560   2797.997 
  study                               0.986      0.147      0.701      1.277     45.023      0.000    861.257 
  male                               -0.431      0.158     -0.744     -0.125      7.475      0.006    498.167 
  adhd                               -0.222      0.201     -0.605      0.176      1.180      0.277    181.341 

Exponentiated Coefficients:     
  alphaeeg                            1.025      0.050      0.931      1.128        ---        ---   2022.992 
  age                                 1.017      0.028      0.962      1.074        ---        ---   2800.182 
  study                               2.681      0.403      2.016      3.584        ---        ---    857.789 
  male                                0.650      0.104      0.475      0.882        ---        ---    518.878 
  adhd                                0.801      0.167      0.546      1.192        ---        ---    180.361 

                                ------------------------------------------------------------------------------


  measurement block:

Outcome Variable:  attent1    

Grand Mean Centered: age


Parameters                         Estimate     StdDev       2.5%      97.5%      ChiSq     PValue      N_Eff 
                                ------------------------------------------------------------------------------
Variances:                      
  Residual Var.                       1.000      0.000      1.000      1.000        ---        ---        --- 

Coefficients:                   
  Intercept                           3.031      0.186      2.674      3.404    266.065      0.000   1269.998 
  attention                           0.983      0.148      0.717      1.299     44.598      0.000    635.273 
  age                                -0.003      0.020     -0.042      0.037      0.016      0.898   6464.337 
  study                              -0.489      0.133     -0.751     -0.230     13.554      0.000   6964.436 
  male                               -0.039      0.130     -0.292      0.218      0.084      0.771   6238.882 
  adhd                               -0.245      0.136     -0.508      0.027      3.205      0.073   7209.339 
  age*attention                      -0.000      0.014     -0.028      0.028      0.000      0.994   4737.754 
  study*attention                    -0.059      0.091     -0.243      0.118      0.428      0.513   6632.722 
  male*attention                      0.053      0.090     -0.118      0.234      0.365      0.545   2539.461 
  adhd*attention                      0.008      0.123     -0.228      0.254      0.006      0.941   1189.498 

Thresholds:                     
  Tau 1                               0.000      0.000      0.000      0.000        ---        ---        --- 
  Tau 2                               1.392      0.076      1.246      1.546        ---        ---   1605.148 
  Tau 3                               2.610      0.101      2.415      2.815        ---        ---   1224.896 
  Tau 4                               3.647      0.126      3.404      3.899        ---        ---   1178.945 

Standard Deviations:            
  Residual SD                         1.000      0.000      1.000      1.000        ---        ---        --- 

Standardized Coefficients:      
  attention                           0.773      0.100      0.580      0.972     60.154      0.000   1558.108 
  age                                -0.005      0.035     -0.073      0.064      0.016      0.899   6473.698 
  study                              -0.144      0.039     -0.220     -0.068     13.885      0.000   7838.688 
  male                               -0.011      0.037     -0.083      0.062      0.084      0.772   6246.037 
  adhd                               -0.061      0.034     -0.127      0.007      3.209      0.073   7102.385 
  age*attention                      -0.001      0.040     -0.079      0.079      0.000      0.991   4742.505 
  study*attention                    -0.043      0.067     -0.178      0.083      0.445      0.505   5757.257 
  male*attention                      0.034      0.056     -0.079      0.141      0.352      0.553   4647.036 
  adhd*attention                      0.005      0.081     -0.160      0.157      0.002      0.967   1214.356 

Proportion Variance Explained   
  by Coefficients                     0.647      0.021      0.605      0.686        ---        ---   1794.431 
  by Residual Variation               0.353      0.021      0.314      0.395        ---        ---   1794.431 

                                ------------------------------------------------------------------------------



Outcome Variable:  attent2    

Grand Mean Centered: age


Parameters                         Estimate     StdDev       2.5%      97.5%      ChiSq     PValue      N_Eff 
                                ------------------------------------------------------------------------------
Variances:                      
  Residual Var.                       1.000      0.000      1.000      1.000        ---        ---        --- 

Coefficients:                   
  Intercept                           3.235      0.194      2.865      3.627    277.974      0.000   1312.410 
  attention                           0.971      0.156      0.690      1.304     39.079      0.000    922.937 
  age                                 0.035      0.023     -0.010      0.078      2.317      0.128   5610.795 
  study                              -0.428      0.148     -0.708     -0.130      8.301      0.004   2810.396 
  male                                0.014      0.141     -0.263      0.293      0.010      0.921   6333.939 
  adhd                               -0.032      0.149     -0.317      0.265      0.041      0.839   4483.093 
  age*attention                      -0.025      0.016     -0.057      0.005      2.605      0.107   3527.494 
  study*attention                     0.275      0.103      0.085      0.491      7.318      0.007   1050.861 
  male*attention                     -0.065      0.100     -0.258      0.135      0.412      0.521   4761.411 
  adhd*attention                      0.127      0.144     -0.148      0.421      0.800      0.371    726.817 

Thresholds:                     
  Tau 1                               0.000      0.000      0.000      0.000        ---        ---        --- 
  Tau 2                               1.400      0.081      1.249      1.568        ---        ---   1460.818 
  Tau 3                               2.686      0.109      2.482      2.908        ---        ---   1044.692 
  Tau 4                               3.839      0.135      3.584      4.116        ---        ---   1006.863 

Standard Deviations:            
  Residual SD                         1.000      0.000      1.000      1.000        ---        ---        --- 

Standardized Coefficients:      
  attention                           0.658      0.095      0.476      0.847     48.689      0.000   1181.807 
  age                                 0.052      0.034     -0.015      0.117      2.322      0.128   5775.790 
  study                              -0.109      0.037     -0.180     -0.033      8.382      0.004   2960.347 
  male                                0.003      0.035     -0.065      0.072      0.010      0.921   6360.077 
  adhd                               -0.007      0.032     -0.069      0.057      0.042      0.838   4471.024 
  age*attention                      -0.063      0.038     -0.138      0.012      2.684      0.101   4368.247 
  study*attention                     0.174      0.058      0.057      0.286      8.837      0.003   5183.018 
  male*attention                     -0.036      0.055     -0.145      0.071      0.438      0.508   3821.991 
  adhd*attention                      0.073      0.080     -0.090      0.222      0.799      0.371   1314.291 

Proportion Variance Explained   
  by Coefficients                     0.738      0.018      0.702      0.771        ---        ---   1306.401 
  by Residual Variation               0.262      0.018      0.229      0.298        ---        ---   1306.401 

                                ------------------------------------------------------------------------------



Outcome Variable:  attent3    

Grand Mean Centered: age


Parameters                         Estimate     StdDev       2.5%      97.5%      ChiSq     PValue      N_Eff 
                                ------------------------------------------------------------------------------
Variances:                      
  Residual Var.                       1.000      0.000      1.000      1.000        ---        ---        --- 

Coefficients:                   
  Intercept                           2.799      0.187      2.445      3.180    223.954      0.000    931.573 
  attention                           0.757      0.148      0.490      1.071     26.551      0.000   1870.899 
  age                                 0.057      0.025      0.008      0.106      5.253      0.022   5373.949 
  study                               0.402      0.152      0.117      0.712      7.138      0.008   2405.952 
  male                               -0.090      0.146     -0.378      0.195      0.383      0.536   7489.498 
  adhd                                0.101      0.151     -0.189      0.403      0.462      0.497   4467.660 
  age*attention                      -0.014      0.016     -0.046      0.018      0.720      0.396   5231.583 
  study*attention                     0.415      0.108      0.222      0.645     15.097      0.000    545.951 
  male*attention                     -0.042      0.098     -0.236      0.153      0.178      0.673   5816.632 
  adhd*attention                      0.090      0.146     -0.191      0.384      0.392      0.531   1132.706 

Thresholds:                     
  Tau 1                               0.000      0.000      0.000      0.000        ---        ---        --- 
  Tau 2                               1.270      0.081      1.119      1.437        ---        ---   1179.430 
  Tau 3                               2.301      0.101      2.110      2.506        ---        ---    934.854 
  Tau 4                               3.249      0.120      3.022      3.490        ---        ---    858.993 

Standard Deviations:            
  Residual SD                         1.000      0.000      1.000      1.000        ---        ---        --- 

Standardized Coefficients:      
  attention                           0.556      0.100      0.363      0.755     30.928      0.000   1524.558 
  age                                 0.093      0.040      0.014      0.171      5.320      0.021   5644.813 
  study                               0.111      0.041      0.033      0.192      7.436      0.006   2486.637 
  male                               -0.024      0.039     -0.100      0.052      0.382      0.537   7623.343 
  adhd                                0.024      0.035     -0.044      0.093      0.463      0.496   4564.527 
  age*attention                      -0.037      0.043     -0.122      0.048      0.739      0.390   5164.008 
  study*attention                     0.284      0.059      0.165      0.397     22.892      0.000   5537.622 
  male*attention                     -0.025      0.058     -0.143      0.087      0.193      0.661   5048.793 
  adhd*attention                      0.056      0.088     -0.124      0.222      0.378      0.539   1645.576 

Proportion Variance Explained   
  by Coefficients                     0.693      0.023      0.647      0.737        ---        ---   1319.552 
  by Residual Variation               0.307      0.023      0.263      0.353        ---        ---   1319.552 

                                ------------------------------------------------------------------------------



Outcome Variable:  attent4    

Parameters                         Estimate     StdDev       2.5%      97.5%      ChiSq     PValue      N_Eff 
                                ------------------------------------------------------------------------------
Variances:                      
  Residual Var.                       1.000      0.000      1.000      1.000        ---        ---        --- 

Coefficients:                   
  Intercept                           3.137      0.219      2.722      3.583    204.970      0.000    490.838 
  attention                           1.505      0.175      1.196      1.885     74.535      0.000    144.882 

Thresholds:                     
  Tau 1                               0.000      0.000      0.000      0.000        ---        ---        --- 
  Tau 2                               1.512      0.090      1.338      1.694        ---        ---   1084.167 
  Tau 3                               2.818      0.128      2.566      3.071        ---        ---    845.774 
  Tau 4                               3.800      0.156      3.494      4.110        ---        ---    816.782 

Standard Deviations:            
  Residual SD                         1.000      0.000      1.000      1.000        ---        ---        --- 

Standardized Coefficients:      
  attention                           0.893      0.009      0.875      0.909  10340.977      0.000    860.579 

Proportion Variance Explained   
  by Coefficients                     0.798      0.016      0.765      0.827        ---        ---    860.756 
  by Residual Variation               0.202      0.016      0.173      0.235        ---        ---    860.756 

                                ------------------------------------------------------------------------------



Outcome Variable:  attent5    

Grand Mean Centered: age


Parameters                         Estimate     StdDev       2.5%      97.5%      ChiSq     PValue      N_Eff 
                                ------------------------------------------------------------------------------
Variances:                      
  Residual Var.                       1.000      0.000      1.000      1.000        ---        ---        --- 

Coefficients:                   
  Intercept                           3.154      0.225      2.727      3.612    197.789      0.000    853.795 
  attention                           1.227      0.178      0.909      1.603     48.252      0.000    587.359 
  age                                -0.020      0.026     -0.072      0.032      0.579      0.447   4741.172 
  study                               0.135      0.159     -0.169      0.453      0.747      0.388   3396.189 
  male                               -0.197      0.158     -0.507      0.113      1.567      0.211   5618.916 
  adhd                                0.155      0.170     -0.165      0.503      0.865      0.352   2932.644 
  age*attention                      -0.001      0.019     -0.039      0.036      0.005      0.942   3755.441 
  study*attention                     0.197      0.116     -0.025      0.433      2.920      0.088   1437.259 
  male*attention                     -0.116      0.115     -0.343      0.112      1.001      0.317   4330.197 
  adhd*attention                      0.293      0.166     -0.017      0.634      3.204      0.073    646.005 

Thresholds:                     
  Tau 1                               0.000      0.000      0.000      0.000        ---        ---        --- 
  Tau 2                               1.519      0.090      1.349      1.700        ---        ---   1250.705 
  Tau 3                               2.803      0.127      2.559      3.057        ---        ---    901.338 
  Tau 4                               3.868      0.155      3.571      4.184        ---        ---    897.069 

Standard Deviations:            
  Residual SD                         1.000      0.000      1.000      1.000        ---        ---        --- 

Standardized Coefficients:      
  attention                           0.722      0.089      0.551      0.901     65.712      0.000   1339.738 
  age                                -0.026      0.034     -0.093      0.042      0.578      0.447   4808.171 
  study                               0.030      0.035     -0.037      0.100      0.747      0.388   3352.726 
  male                               -0.042      0.033     -0.107      0.024      1.578      0.209   5797.065 
  adhd                                0.029      0.032     -0.031      0.093      0.865      0.352   2982.601 
  age*attention                      -0.003      0.041     -0.083      0.076      0.006      0.940   3789.324 
  study*attention                     0.108      0.060     -0.015      0.221      3.186      0.074   3751.827 
  male*attention                     -0.056      0.055     -0.165      0.052      1.028      0.311   3748.268 
  adhd*attention                      0.147      0.076     -0.009      0.289      3.633      0.057   2349.409 

Proportion Variance Explained   
  by Coefficients                     0.802      0.015      0.770      0.830        ---        ---   1073.902 
  by Residual Variation               0.198      0.015      0.170      0.230        ---        ---   1073.902 

                                ------------------------------------------------------------------------------



Outcome Variable:  attent6    

Parameters                         Estimate     StdDev       2.5%      97.5%      ChiSq     PValue      N_Eff 
                                ------------------------------------------------------------------------------
Variances:                      
  Residual Var.                       1.000      0.000      1.000      1.000        ---        ---        --- 

Coefficients:                   
  Intercept                           2.964      0.176      2.618      3.317    283.922      0.000    549.270 
  attention                           1.153      0.135      0.909      1.434     73.423      0.000    156.453 

Thresholds:                     
  Tau 1                               0.000      0.000      0.000      0.000        ---        ---        --- 
  Tau 2                               1.315      0.077      1.168      1.472        ---        ---   1342.394 
  Tau 3                               2.296      0.099      2.111      2.497        ---        ---    999.362 
  Tau 4                               3.205      0.116      2.984      3.442        ---        ---    991.209 

Standard Deviations:            
  Residual SD                         1.000      0.000      1.000      1.000        ---        ---        --- 

Standardized Coefficients:      
  attention                           0.835      0.012      0.810      0.858   4633.480      0.000   1380.957 

Proportion Variance Explained   
  by Coefficients                     0.698      0.020      0.656      0.736        ---        ---   1375.145 
  by Residual Variation               0.302      0.020      0.264      0.344        ---        ---   1375.145 

                                ------------------------------------------------------------------------------



Outcome Variable:  attent7    

Grand Mean Centered: age


Parameters                         Estimate     StdDev       2.5%      97.5%      ChiSq     PValue      N_Eff 
                                ------------------------------------------------------------------------------
Variances:                      
  Residual Var.                       1.000      0.000      1.000      1.000        ---        ---        --- 

Coefficients:                   
  Intercept                           2.753      0.185      2.405      3.136    221.173      0.000    974.802 
  attention                           0.822      0.148      0.551      1.134     31.031      0.000   1584.442 
  age                                 0.051      0.027     -0.001      0.106      3.569      0.059   2717.728 
  study                               0.572      0.157      0.273      0.892     13.399      0.000   3022.271 
  male                                0.176      0.156     -0.121      0.489      1.307      0.253   4067.996 
  adhd                                0.240      0.162     -0.065      0.568      2.248      0.134   3169.096 
  age*attention                       0.051      0.019      0.016      0.091      7.386      0.007   1455.170 
  study*attention                     0.213      0.109      0.011      0.441      3.924      0.048   1271.997 
  male*attention                      0.215      0.110      0.013      0.446      3.958      0.047    936.183 
  adhd*attention                      0.258      0.155     -0.034      0.577      2.847      0.092    619.723 

Thresholds:                     
  Tau 1                               0.000      0.000      0.000      0.000        ---        ---        --- 
  Tau 2                               1.347      0.080      1.196      1.507        ---        ---   1170.436 
  Tau 3                               2.389      0.102      2.194      2.594        ---        ---    860.726 
  Tau 4                               3.393      0.122      3.163      3.638        ---        ---    749.539 

Standard Deviations:            
  Residual SD                         1.000      0.000      1.000      1.000        ---        ---        --- 

Standardized Coefficients:      
  attention                           0.545      0.094      0.367      0.733     34.059      0.000   1202.754 
  age                                 0.075      0.039     -0.001      0.153      3.656      0.056   2880.343 
  study                               0.143      0.038      0.069      0.218     14.252      0.000   3370.594 
  male                                0.042      0.037     -0.029      0.117      1.310      0.252   4195.927 
  adhd                                0.051      0.034     -0.014      0.119      2.264      0.132   3291.844 
  age*attention                       0.124      0.042      0.041      0.206      8.597      0.003   3428.926 
  study*attention                     0.132      0.062      0.007      0.249      4.534      0.033   3797.480 
  male*attention                      0.117      0.055      0.007      0.223      4.488      0.034   4646.980 
  adhd*attention                      0.146      0.081     -0.020      0.297      3.185      0.074   1770.782 

Proportion Variance Explained   
  by Coefficients                     0.749      0.019      0.711      0.784        ---        ---   1168.143 
  by Residual Variation               0.251      0.019      0.216      0.289        ---        ---   1168.143 

                                ------------------------------------------------------------------------------



Outcome Variable:  attent8    

Grand Mean Centered: age


Parameters                         Estimate     StdDev       2.5%      97.5%      ChiSq     PValue      N_Eff 
                                ------------------------------------------------------------------------------
Variances:                      
  Residual Var.                       1.000      0.000      1.000      1.000        ---        ---        --- 

Coefficients:                   
  Intercept                           2.635      0.181      2.291      3.001    212.225      0.000   1142.625 
  attention                           0.876      0.148      0.608      1.188     35.544      0.000   1704.109 
  age                                 0.058      0.023      0.015      0.103      6.657      0.010   5815.162 
  study                              -0.205      0.144     -0.481      0.084      2.002      0.157   2955.654 
  male                               -0.045      0.138     -0.313      0.227      0.104      0.748   6902.241 
  adhd                               -0.109      0.144     -0.389      0.177      0.564      0.453   5792.775 
  age*attention                       0.005      0.016     -0.026      0.036      0.090      0.764   4845.552 
  study*attention                     0.325      0.105      0.133      0.543      9.842      0.002    671.098 
  male*attention                     -0.029      0.098     -0.220      0.168      0.083      0.773   4793.263 
  adhd*attention                      0.049      0.140     -0.219      0.329      0.130      0.718   1125.918 

Thresholds:                     
  Tau 1                               0.000      0.000      0.000      0.000        ---        ---        --- 
  Tau 2                               1.195      0.070      1.061      1.335        ---        ---   1723.182 
  Tau 3                               2.163      0.090      1.985      2.338        ---        ---   1311.705 
  Tau 4                               3.309      0.117      3.078      3.538        ---        ---   1251.889 

Standard Deviations:            
  Residual SD                         1.000      0.000      1.000      1.000        ---        ---        --- 

Standardized Coefficients:      
  attention                           0.622      0.099      0.432      0.819     39.834      0.000   1127.442 
  age                                 0.092      0.035      0.023      0.161      6.763      0.009   5909.844 
  study                              -0.055      0.038     -0.128      0.022      2.001      0.157   3002.840 
  male                               -0.011      0.035     -0.080      0.059      0.103      0.748   6877.595 
  adhd                               -0.024      0.033     -0.088      0.040      0.565      0.452   5714.064 
  age*attention                       0.012      0.040     -0.067      0.091      0.087      0.768   4983.454 
  study*attention                     0.215      0.060      0.094      0.329     12.799      0.000   5366.535 
  male*attention                     -0.017      0.056     -0.129      0.092      0.095      0.758   4407.075 
  adhd*attention                      0.030      0.083     -0.140      0.184      0.110      0.740   1406.045 

Proportion Variance Explained   
  by Coefficients                     0.713      0.019      0.674      0.748        ---        ---   1964.581 
  by Residual Variation               0.287      0.019      0.252      0.326        ---        ---   1964.581 

                                ------------------------------------------------------------------------------



Outcome Variable:  attent9    

Grand Mean Centered: age


Parameters                         Estimate     StdDev       2.5%      97.5%      ChiSq     PValue      N_Eff 
                                ------------------------------------------------------------------------------
Variances:                      
  Residual Var.                       1.000      0.000      1.000      1.000        ---        ---        --- 

Coefficients:                   
  Intercept                           3.069      0.213      2.661      3.496    207.926      0.000    672.295 
  attention                           1.167      0.172      0.861      1.533     46.725      0.000    744.125 
  age                                 0.007      0.027     -0.045      0.061      0.072      0.788   4140.616 
  study                               0.279      0.160     -0.025      0.607      3.091      0.079   3207.694 
  male                               -0.174      0.159     -0.487      0.140      1.189      0.276   5758.476 
  adhd                                0.258      0.163     -0.057      0.582      2.537      0.111   4397.054 
  age*attention                       0.022      0.019     -0.012      0.061      1.507      0.220   3099.476 
  study*attention                     0.242      0.112      0.035      0.474      4.792      0.029   1053.712 
  male*attention                     -0.075      0.109     -0.290      0.139      0.485      0.486   4556.128 
  adhd*attention                      0.053      0.157     -0.251      0.363      0.115      0.735   1146.410 

Thresholds:                     
  Tau 1                               0.000      0.000      0.000      0.000        ---        ---        --- 
  Tau 2                               1.161      0.077      1.014      1.318        ---        ---   1386.502 
  Tau 3                               2.421      0.104      2.226      2.628        ---        ---    861.101 
  Tau 4                               3.463      0.122      3.229      3.709        ---        ---    811.578 

Standard Deviations:            
  Residual SD                         1.000      0.000      1.000      1.000        ---        ---        --- 

Standardized Coefficients:      
  attention                           0.762      0.097      0.576      0.956     62.341      0.000   1099.772 
  age                                 0.010      0.039     -0.065      0.088      0.071      0.789   4188.102 
  study                               0.068      0.039     -0.006      0.147      3.148      0.076   3289.077 
  male                               -0.041      0.037     -0.114      0.033      1.194      0.275   5875.685 
  adhd                                0.054      0.034     -0.012      0.121      2.549      0.110   4534.647 
  age*attention                       0.053      0.043     -0.030      0.138      1.562      0.211   3889.451 
  study*attention                     0.148      0.062      0.023      0.265      5.622      0.018   4017.305 
  male*attention                     -0.041      0.058     -0.156      0.070      0.510      0.475   3717.032 
  adhd*attention                      0.029      0.085     -0.147      0.187      0.099      0.753   1457.939 

Proportion Variance Explained   
  by Coefficients                     0.757      0.018      0.719      0.791        ---        ---   1132.173 
  by Residual Variation               0.243      0.018      0.209      0.281        ---        ---   1132.173 

                                ------------------------------------------------------------------------------



Covariance Matrix: attent2 attent8

Parameters                         Estimate     StdDev       2.5%      97.5%      ChiSq     PValue      N_Eff 
                                ------------------------------------------------------------------------------
Covariances:                    
  Cov(attent2,attent8)                0.237      0.044      0.149      0.320     29.230      0.000  13786.806 

Correlations:                   
  Cor(attent2,attent8)                0.237      0.044      0.149      0.320     29.230      0.000  13786.806 

                                ------------------------------------------------------------------------------



Covariance Matrix: attent7 attent9

Parameters                         Estimate     StdDev       2.5%      97.5%      ChiSq     PValue      N_Eff 
                                ------------------------------------------------------------------------------
Covariances:                    
  Cov(attent7,attent9)                0.277      0.044      0.187      0.361     38.676      0.000   9779.264 

Correlations:                   
  Cor(attent7,attent9)                0.277      0.044      0.187      0.361     38.676      0.000   9779.264 

                                ------------------------------------------------------------------------------




PREDICTOR MODEL ESTIMATES:

  Summaries based on 100000 iterations using 4 chains.
  NOTE: Estimate column based on posterior median.



Missing predictor:  alphaeeg   

Parameters                         Estimate     StdDev       2.5%      97.5%      ChiSq     PValue      N_Eff 
                                ------------------------------------------------------------------------------

Grand Mean                           -1.039      0.083     -1.204     -0.876    156.290      0.000   7915.419 

Level 1:                                                                                                      
  study                              -0.394      0.092     -0.571     -0.209     18.190      0.000  14611.112 
  age                                -0.244      0.029     -0.301     -0.186     69.049      0.000  15248.131 
  male                                0.116      0.101     -0.082      0.312      1.325      0.250  14395.148 
  adhd                                0.263      0.100      0.065      0.457      6.868      0.009  13978.185 
  Residual Var.                       3.303      0.205      2.934      3.735        ---        ---  21322.904 
                                                                                                              
                                ------------------------------------------------------------------------------



Complete predictor: study      

Parameters                         Estimate     StdDev       2.5%      97.5%      ChiSq     PValue      N_Eff 
                                ------------------------------------------------------------------------------

Grand Mean                            0.143      0.044      0.058      0.229     10.785      0.001  38701.781 

Level 1:                                                                                                      
  alphaeeg                           -0.120      0.029     -0.177     -0.063     16.810      0.000  13308.749 
  age                                -0.024      0.017     -0.057      0.009      1.972      0.160  25235.399 
  male                               -0.217      0.053     -0.320     -0.112     16.701      0.000  20162.149 
  adhd                                0.180      0.058      0.067      0.293      9.675      0.002  15764.024 
  Residual Var.                       1.000      0.000      1.000      1.000        ---        ---        --- 
Thresholds:                                                                                                   
  Tau 1                               0.000      0.000      0.000      0.000        ---        ---        --- 
                                                                                                              
                                ------------------------------------------------------------------------------



Missing predictor:  age        

Parameters                         Estimate     StdDev       2.5%      97.5%      ChiSq     PValue      N_Eff 
                                ------------------------------------------------------------------------------

Grand Mean                           10.161      0.099      9.967     10.355  10517.074      0.000  12033.503 

Level 1:                                                                                                      
  alphaeeg                           -0.544      0.061     -0.661     -0.421     79.065      0.000  20698.157 
  study                              -0.174      0.123     -0.415      0.069      1.983      0.159  32295.791 
  male                               -0.155      0.125     -0.398      0.090      1.547      0.214  34122.804 
  adhd                               -0.011      0.136     -0.279      0.256      0.007      0.935  25728.251 
  Residual Var.                       7.358      0.391      6.641      8.173        ---        ---  33057.918 
                                                                                                              
                                ------------------------------------------------------------------------------



Missing predictor:  male       

Parameters                         Estimate     StdDev       2.5%      97.5%      ChiSq     PValue      N_Eff 
                                ------------------------------------------------------------------------------

Grand Mean                            0.382      0.046      0.292      0.474     68.111      0.000  27476.608 

Level 1:                                                                                                      
  alphaeeg                            0.035      0.031     -0.025      0.095      1.316      0.251  13421.160 
  study                              -0.216      0.053     -0.320     -0.111     16.653      0.000  17900.273 
  age                                -0.021      0.017     -0.055      0.012      1.543      0.214  26252.591 
  adhd                                0.236      0.058      0.122      0.349     16.662      0.000  15192.354 
  Residual Var.                       1.000      0.000      1.000      1.000        ---        ---        --- 
Thresholds:                                                                                                   
  Tau 1                               0.000      0.000      0.000      0.000        ---        ---        --- 
                                                                                                              
                                ------------------------------------------------------------------------------



Missing predictor:  adhd       

Parameters                         Estimate     StdDev       2.5%      97.5%      ChiSq     PValue      N_Eff 
                                ------------------------------------------------------------------------------

Grand Mean                            0.780      0.051      0.683      0.883    234.307      0.000  18367.116 

Level 1:                                                                                                      
  alphaeeg                            0.080      0.031      0.020      0.141      6.601      0.010  12491.376 
  study                               0.179      0.058      0.066      0.294      9.635      0.002  13569.602 
  age                                -0.002      0.019     -0.038      0.035      0.006      0.936  20444.336 
  male                                0.236      0.058      0.123      0.350     16.514      0.000  13718.456 
  Residual Var.                       1.000      0.000      1.000      1.000        ---        ---        --- 
Thresholds:                                                                                                   
  Tau 1                               0.000      0.000      0.000      0.000        ---        ---        --- 
                                                                                                              
                                ------------------------------------------------------------------------------


                                         Estimate   StdDev     2.5%    97.5%
attention ~ alphaeeg (standardized)         0.013    0.035   -0.055    0.082
attention ~ age (standardized)             -0.040    0.037   -0.113    0.033
attention ~ study (standardized)            0.048    0.034   -0.018    0.114
attention ~ male (standardized)            -0.047    0.034   -0.114    0.020
attention ~ adhd (standardized)            -0.464    0.030   -0.521   -0.403
attention ~ alphaeeg^2 (standardized)       0.074    0.031    0.013    0.134
attention ~ age^2 (standardized)            0.058    0.038   -0.016    0.131
attent1 ~ attention (standardized)          0.773    0.100    0.580    0.972
attent1 ~ age (standardized)               -0.004    0.035   -0.073    0.064
attent1 ~ study (standardized)             -0.144    0.039   -0.220   -0.068
attent1 ~ male (standardized)              -0.011    0.037   -0.083    0.062
attent1 ~ adhd (standardized)              -0.061    0.034   -0.127    0.007
attent1 ~ age*attention (standardized)      0.000    0.040   -0.079    0.079
attent1 ~ study*attention (standardized)   -0.043    0.067   -0.178    0.083
attent1 ~ male*attention (standardized)     0.034    0.056   -0.079    0.141
attent1 ~ adhd*attention (standardized)     0.005    0.081   -0.160    0.157
attent2 ~ attention (standardized)          0.658    0.094    0.476    0.847
attent2 ~ age (standardized)                0.052    0.034   -0.016    0.117
attent2 ~ study (standardized)             -0.109    0.037   -0.180   -0.033
attent2 ~ male (standardized)               0.003    0.035   -0.065    0.072
attent2 ~ adhd (standardized)              -0.007    0.032   -0.069    0.057
attent2 ~ age*attention (standardized)     -0.063    0.038   -0.138    0.012
attent2 ~ study*attention (standardized)    0.174    0.058    0.057    0.286
attent2 ~ male*attention (standardized)    -0.036    0.055   -0.144    0.070
attent2 ~ adhd*attention (standardized)     0.073    0.080   -0.090    0.222
attent3 ~ attention (standardized)          0.556    0.100    0.363    0.755
attent3 ~ age (standardized)                0.092    0.040    0.014    0.171
attent3 ~ study (standardized)              0.111    0.041    0.033    0.192
attent3 ~ male (standardized)              -0.024    0.039   -0.100    0.052
attent3 ~ adhd (standardized)               0.024    0.035   -0.044    0.093
attent3 ~ age*attention (standardized)     -0.037    0.043   -0.122    0.048
attent3 ~ study*attention (standardized)    0.284    0.059    0.165    0.397
attent3 ~ male*attention (standardized)    -0.025    0.059   -0.143    0.087
attent3 ~ adhd*attention (standardized)     0.056    0.088   -0.124    0.222
attent4 ~ attention (standardized)          0.893    0.009    0.875    0.909
attent5 ~ attention (standardized)          0.722    0.089    0.551    0.901
attent5 ~ age (standardized)               -0.026    0.034   -0.094    0.042
attent5 ~ study (standardized)              0.030    0.035   -0.037    0.100
attent5 ~ male (standardized)              -0.042    0.034   -0.107    0.024
attent5 ~ adhd (standardized)               0.029    0.032   -0.031    0.093
attent5 ~ age*attention (standardized)     -0.003    0.041   -0.083    0.076
attent5 ~ study*attention (standardized)    0.108    0.060   -0.015    0.221
attent5 ~ male*attention (standardized)    -0.056    0.055   -0.165    0.052
attent5 ~ adhd*attention (standardized)     0.147    0.076   -0.009    0.289
attent6 ~ attention (standardized)          0.835    0.012    0.810    0.858
attent7 ~ attention (standardized)          0.545    0.094    0.367    0.733
attent7 ~ age (standardized)                0.075    0.039   -0.001    0.153
attent7 ~ study (standardized)              0.143    0.038    0.069    0.218
attent7 ~ male (standardized)               0.042    0.038   -0.029    0.117
attent7 ~ adhd (standardized)               0.051    0.034   -0.014    0.119
attent7 ~ age*attention (standardized)      0.124    0.042    0.041    0.206
attent7 ~ study*attention (standardized)    0.132    0.062    0.007    0.249
attent7 ~ male*attention (standardized)     0.117    0.055    0.007    0.223
attent7 ~ adhd*attention (standardized)     0.146    0.081   -0.020    0.297
attent8 ~ attention (standardized)          0.622    0.099    0.432    0.819
attent8 ~ age (standardized)                0.092    0.035    0.023    0.161
attent8 ~ study (standardized)             -0.055    0.038   -0.128    0.022
attent8 ~ male (standardized)              -0.012    0.035   -0.080    0.059
attent8 ~ adhd (standardized)              -0.024    0.032   -0.088    0.040
attent8 ~ age*attention (standardized)      0.012    0.040   -0.068    0.091
attent8 ~ study*attention (standardized)    0.215    0.060    0.094    0.329
attent8 ~ male*attention (standardized)    -0.017    0.056   -0.129    0.092
attent8 ~ adhd*attention (standardized)     0.030    0.083   -0.140    0.184
attent9 ~ attention (standardized)          0.762    0.097    0.576    0.956
attent9 ~ age (standardized)                0.010    0.039   -0.065    0.088
attent9 ~ study (standardized)              0.068    0.039   -0.006    0.147
attent9 ~ male (standardized)              -0.041    0.037   -0.114    0.033
attent9 ~ adhd (standardized)               0.054    0.034   -0.012    0.121
attent9 ~ age*attention (standardized)      0.053    0.043   -0.030    0.138
attent9 ~ study*attention (standardized)    0.148    0.062    0.022    0.265
attent9 ~ male*attention (standardized)    -0.040    0.058   -0.156    0.070
attent9 ~ adhd*attention (standardized)     0.029    0.085   -0.147    0.187
Cor( attent2, attent8 )                     0.237    0.044    0.149    0.320
Cor( attent7, attent9 )                     0.277    0.044    0.187    0.361
                                             ChiSq   PValue     N_Eff
attention ~ alphaeeg (standardized)          0.148    0.701 20355.000
attention ~ age (standardized)               1.184    0.277 15168.214
attention ~ study (standardized)             2.077    0.150  6626.093
attention ~ male (standardized)              1.893    0.169  1424.856
attention ~ adhd (standardized)            234.817    0.000   606.851
attention ~ alphaeeg^2 (standardized)        5.621    0.018  4885.307
attention ~ age^2 (standardized)             2.341    0.126  8035.750
attent1 ~ attention (standardized)          60.154    0.000  1558.108
attent1 ~ age (standardized)                 0.016    0.899  6473.698
attent1 ~ study (standardized)              13.885    0.000  7838.688
attent1 ~ male (standardized)                0.084    0.772  6246.037
attent1 ~ adhd (standardized)                3.209    0.073  7102.385
attent1 ~ age*attention (standardized)       0.000    0.991  4742.505
attent1 ~ study*attention (standardized)     0.445    0.505  5757.257
attent1 ~ male*attention (standardized)      0.352    0.553  4647.036
attent1 ~ adhd*attention (standardized)      0.002    0.967  1214.356
attent2 ~ attention (standardized)          48.689    0.000  1181.807
attent2 ~ age (standardized)                 2.322    0.128  5775.790
attent2 ~ study (standardized)               8.382    0.004  2960.347
attent2 ~ male (standardized)                0.010    0.921  6360.077
attent2 ~ adhd (standardized)                0.042    0.838  4471.024
attent2 ~ age*attention (standardized)       2.684    0.101  4368.246
attent2 ~ study*attention (standardized)     8.837    0.003  5183.018
attent2 ~ male*attention (standardized)      0.438    0.508  3821.990
attent2 ~ adhd*attention (standardized)      0.799    0.371  1314.291
attent3 ~ attention (standardized)          30.928    0.000  1524.558
attent3 ~ age (standardized)                 5.320    0.021  5644.813
attent3 ~ study (standardized)               7.436    0.006  2486.637
attent3 ~ male (standardized)                0.382    0.537  7623.343
attent3 ~ adhd (standardized)                0.463    0.496  4564.527
attent3 ~ age*attention (standardized)       0.739    0.390  5164.008
attent3 ~ study*attention (standardized)    22.892    0.000  5537.622
attent3 ~ male*attention (standardized)      0.193    0.661  5048.793
attent3 ~ adhd*attention (standardized)      0.378    0.539  1645.576
attent4 ~ attention (standardized)       10340.977    0.000   860.579
attent5 ~ attention (standardized)          65.712    0.000  1339.738
attent5 ~ age (standardized)                 0.578    0.447  4808.171
attent5 ~ study (standardized)               0.747    0.388  3352.726
attent5 ~ male (standardized)                1.578    0.209  5797.065
attent5 ~ adhd (standardized)                0.865    0.352  2982.601
attent5 ~ age*attention (standardized)       0.006    0.940  3789.324
attent5 ~ study*attention (standardized)     3.186    0.074  3751.827
attent5 ~ male*attention (standardized)      1.028    0.311  3748.268
attent5 ~ adhd*attention (standardized)      3.633    0.057  2349.409
attent6 ~ attention (standardized)        4633.480    0.000  1380.957
attent7 ~ attention (standardized)          34.059    0.000  1202.754
attent7 ~ age (standardized)                 3.656    0.056  2880.343
attent7 ~ study (standardized)              14.252    0.000  3370.594
attent7 ~ male (standardized)                1.310    0.252  4195.927
attent7 ~ adhd (standardized)                2.264    0.132  3291.844
attent7 ~ age*attention (standardized)       8.597    0.003  3428.926
attent7 ~ study*attention (standardized)     4.534    0.033  3797.480
attent7 ~ male*attention (standardized)      4.488    0.034  4646.980
attent7 ~ adhd*attention (standardized)      3.185    0.074  1770.782
attent8 ~ attention (standardized)          39.834    0.000  1127.442
attent8 ~ age (standardized)                 6.763    0.009  5909.844
attent8 ~ study (standardized)               2.001    0.157  3002.840
attent8 ~ male (standardized)                0.103    0.748  6877.595
attent8 ~ adhd (standardized)                0.565    0.452  5714.064
attent8 ~ age*attention (standardized)       0.087    0.768  4983.454
attent8 ~ study*attention (standardized)    12.799    0.000  5366.535
attent8 ~ male*attention (standardized)      0.095    0.757  4407.075
attent8 ~ adhd*attention (standardized)      0.110    0.740  1406.045
attent9 ~ attention (standardized)          62.341    0.000  1099.772
attent9 ~ age (standardized)                 0.071    0.789  4188.102
attent9 ~ study (standardized)               3.148    0.076  3289.077
attent9 ~ male (standardized)                1.194    0.275  5875.684
attent9 ~ adhd (standardized)                2.549    0.110  4534.647
attent9 ~ age*attention (standardized)       1.562    0.211  3889.451
attent9 ~ study*attention (standardized)     5.622    0.018  4017.306
attent9 ~ male*attention (standardized)      0.510    0.475  3717.032
attent9 ~ adhd*attention (standardized)      0.099    0.753  1457.939
Cor( attent2, attent8 )                     29.230    0.000 13786.806
Cor( attent7, attent9 )                     38.676    0.000  9779.264

ITERATION HISTORY:

  Chain 1 burn-in started on Aug 15 18:42:16 2026
  Chain 3 burn-in started on Aug 15 18:42:16 2026
  Chain 4 burn-in started on Aug 15 18:42:16 2026
  Chain 2 burn-in started on Aug 15 18:42:16 2026
  Chain 2 burn-in iteration 25000 completed on Aug 15 18:43:45 2026
  Chain 1 burn-in iteration 25000 completed on Aug 15 18:43:45 2026
  Chain 4 burn-in iteration 25000 completed on Aug 15 18:43:45 2026
  Chain 3 burn-in iteration 25000 completed on Aug 15 18:43:46 2026
  Chain 1 burn-in iteration 50000 completed on Aug 15 18:45:14 2026
  Chain 4 burn-in iteration 50000 completed on Aug 15 18:45:14 2026
  Chain 2 burn-in iteration 50000 completed on Aug 15 18:45:14 2026
  Chain 3 burn-in iteration 50000 completed on Aug 15 18:45:15 2026
  Chain 1 burn-in iteration 75000 completed on Aug 15 18:46:45 2026
  Chain 4 burn-in iteration 75000 completed on Aug 15 18:46:45 2026
  Chain 2 burn-in iteration 75000 completed on Aug 15 18:46:46 2026
  Chain 3 burn-in iteration 75000 completed on Aug 15 18:46:46 2026
  Chain 1 burn-in iteration 100000 completed on Aug 15 18:48:14 2026
  Chain 1 completed burn-in on Aug 15 18:48:14 2026
  Chain 4 burn-in iteration 100000 completed on Aug 15 18:48:15 2026
  Chain 4 completed burn-in on Aug 15 18:48:15 2026
  Chain 2 burn-in iteration 100000 completed on Aug 15 18:48:15 2026
  Chain 2 completed burn-in on Aug 15 18:48:15 2026
  Chain 3 burn-in iteration 100000 completed on Aug 15 18:48:15 2026
  Chain 3 completed burn-in on Aug 15 18:48:15 2026
  Chain 2 completed iteration 6250 on Aug 15 18:48:51 2026
  Chain 4 completed iteration 6250 on Aug 15 18:48:51 2026
  Chain 1 completed iteration 6250 on Aug 15 18:48:51 2026
  Chain 3 completed iteration 6250 on Aug 15 18:48:52 2026
  Chain 2 completed iteration 12500 on Aug 15 18:49:27 2026
  Chain 4 completed iteration 12500 on Aug 15 18:49:27 2026
  Chain 1 completed iteration 12500 on Aug 15 18:49:28 2026
  Chain 3 completed iteration 12500 on Aug 15 18:49:28 2026
  Chain 2 completed iteration 18750 on Aug 15 18:50:03 2026
  Chain 4 completed iteration 18750 on Aug 15 18:50:03 2026
  Chain 1 completed iteration 18750 on Aug 15 18:50:04 2026
  Chain 3 completed iteration 18750 on Aug 15 18:50:05 2026
  Chain 2 completed iteration 25000 on Aug 15 18:50:39 2026
  Chain 2 finished on Aug 15 18:50:39 2026
  Chain 4 completed iteration 25000 on Aug 15 18:50:40 2026
  Chain 4 finished on Aug 15 18:50:40 2026
  Chain 1 completed iteration 25000 on Aug 15 18:50:41 2026
  Chain 1 finished on Aug 15 18:50:41 2026
  Chain 3 completed iteration 25000 on Aug 15 18:50:41 2026
  Chain 3 finished on Aug 15 18:50:41 2026


---------------------------------------------------------------------------

                                   Blimp
                                 4.1.0.b11

             Blimp was developed with funding from Institute of
           Education Sciences awards R305D150056 and R305D190002.

            Craig K. Enders, P.I. Email: cenders@psych.ucla.edu
           Brian T. Keller, Co-P.I. Email: btkeller@missouri.edu
                 Han Du, Co-P.I. Email: hdu@psych.ucla.edu
                 Roy Levy, Co-P.I. Email: roy.levy@asu.edu

              Programming and Blimp Studio by Brian T. Keller

                   There is no expressed license given.

---------------------------------------------------------------------------


ALGORITHMIC OPTIONS SPECIFIED:

  Imputation method:                 Fully Bayesian model-based
  MCMC algorithm:                    Full conditional Metropolis sampler with
                                       Auto-Derived Conditional Distributions
  Default Priors:
    Multilevel covariance matrices:  Not applicable, single-level imputation
    Outcome covariance matrices:     Zero matrix, df = -(p + 1) (PRIOR2)
    Predictor model variances:       Unit sum of squares, df = 2 (XPRIOR1)
  Chain Starting Values:             Random starting values


  NOTE: The default prior for regression coefficients 
        in categorical models is 'normal( 0.0, 5.0)'

  NOTE: For complete list of priors include 'pinfo' in the options.


BURN-IN POTENTIAL SCALE REDUCTION (PSR) OUTPUT:

  NOTE: Rank-normalized Rhat (Vehtari et al., 2021) is being used.
        This applies rank normalization and chain folding for robust
        convergence detection across all chains.

  Comparing iterations across 4 chains     Highest Rhat   Parameter #  
                         2501 to 5000            1.279            94  
                         5001 to 10000           1.078            94  
                         7501 to 15000           1.040             9  
                        10001 to 20000           1.057             9  
                        12501 to 25000           1.026             9  
                        15001 to 30000           1.057           124  
                        17501 to 35000           1.027             9  
                        20001 to 40000           1.012            33  
                        22501 to 45000           1.025             9  
                        25001 to 50000           1.023             9  
                        27501 to 55000           1.010             3  
                        30001 to 60000           1.011             9  
                        32501 to 65000           1.017             9  
                        35001 to 70000           1.016             9  
                        37501 to 75000           1.019           124  
                        40001 to 80000           1.024           124  
                        42501 to 85000           1.025           105  
                        45001 to 90000           1.021           105  
                        47501 to 95000           1.020             3  
                        50001 to 100000          1.016             3  


METROPOLIS-HASTINGS ACCEPTANCE RATES:

  Chain 1:

    Variable                            Type    Probability   Target Value 
    var(attention)                 parameter          0.455          0.500 
    var(attention)                 parameter          0.492          0.500 
    var(attention)                 parameter          0.519          0.500 
    var(attention)                 parameter          0.531          0.500 
    var(attention)                 parameter          0.545          0.500 
    attent1                        threshold          0.321          0.350 
    attent2                        threshold          0.349          0.350 
    attent3                        threshold          0.355          0.350 
    attent4                        threshold          0.398          0.350 
    attent5                        threshold          0.408          0.350 
    attent6                        threshold          0.369          0.350 
    attent7                        threshold          0.350          0.350 
    attent8                        threshold          0.383          0.350 
    attent9                        threshold          0.365          0.350 
    alphaeeg                      imputation          0.504          0.500 
    alphaeeg                       parameter          0.486          0.500 
    age                           imputation          0.498          0.500 
    age                            parameter          0.513          0.500 
    male                          imputation          0.505          0.500 
    adhd                          imputation          0.498          0.500 

  NOTE: Suppressing printing of 3 chains.
        Use keyword 'tuneinfo' in options to override.


DATA INFORMATION:

  Sample Size:              939
  Missing Data Info:

                      Pattern #:       1     2     3     4     5     6     7     8     9    10
                          miss % --------------------------------------------------------------
                  attent1 =  0.6       -     -     -     -     -     -     -     -     -     -  
                  attent2 =  1.0       -     -     -     -     -     -     -     -     -     -  
                  attent3 =  0.3       -     -     -     -     -     -     -     -     -     -  
                  attent4 =  0.5       -     -     -     -     -     -     -     -     -     -  
                  attent5 =  0.5       -     -     -     -     -     -     -     -     -     -  
                  attent6 =  1.6       -     -     -     -     -     M     -     -     -     -  
                  attent7 =  1.2       -     -     -     -     -     -     -     M     -     -  
                  attent8 =  2.1       -     -     -     -     M     -     M     -     -     -  
                  attent9 =  1.2       -     -     -     -     -     -     -     -     M     M  
                 alphaeeg = 38.1       -     M     M     -     -     -     M     -     -     M  
                    study =  0.0       -     -     -     -     -     -     -     -     -     -  
                      age =  6.4       -     -     M     M     -     -     -     -     -     -  
                     male =  6.5       -     -     M     M     -     -     -     -     -     -  
                     adhd =  6.6       -     -     M     M     -     -     -     -     -     -  
                                 --------------------------------------------------------------
                                 %  55.1  32.7   3.4   2.4   1.1   0.6   0.4   0.3   0.3   0.2

  NOTE: Suppressing printing of 27 missing data patterns.
        These patterns consist of 3.4% of the data.
        Use keyword 'allpatterns' in options to print all patterns.


MODEL INFORMATION:

  NUMBER OF PARAMETERS
    Outcome Models:         94
    Predictor Models:       27

  PREDICTORS
    Complete ordinal:       study
    Incomplete continuous:  alphaeeg age
    Incomplete ordinal:     male adhd

  FACTORS
    Level-1:                attention

  CENTERED PREDICTORS
    Grand Mean Centered:    alphaeeg age

  MODELS

   structural:
    [1]  attention ~ alphaeeg age study male adhd alphaeeg^2 age^2
    [2]  var(attention) ~ alphaeeg age study male adhd

   measurement:
    [3]  attent1 ~ Intercept attention@load1 age study male adhd
    [4]  attent2 ~ Intercept attention age study male adhd study*attention
    [5]  attent3 ~ Intercept attention age study male adhd study*attention
    [6]  attent4 ~ Intercept attention
    [7]  attent5 ~ Intercept attention age study male adhd
    [8]  attent6 ~ Intercept attention
    [9]  attent7 ~ Intercept attention age study male adhd study*attention 
                 age*attention male*attention
   [10]  attent8 ~ Intercept attention age study male adhd study*attention
   [11]  attent9 ~ Intercept attention age study male adhd study*attention
   [12]  attent2 <-> attent8
   [13]  attent7 <-> attent9


 WARNING MESSAGES:

  No warning messages.


MODEL FIT:


  INFORMATION CRITERIA

    Conditional Likelihood
      DIC2                  28891.302
      WAIC                  30728.476


IMPUTED DATA SUMMARIES:

  NOTE: Imputed data summaries are averaged across 100000 data sets.


Variables                              Mean     StdDev        25%        50%        75%        Min        Max 
                                ------------------------------------------------------------------------------

  attention                          -1.204      1.642     -2.355     -1.380     -0.159     -6.213      5.141 
  attent1                             2.724      1.233      2.000      3.000      4.000      1.000      5.000 
  attent2                             2.859      1.302      2.000      3.000      4.000      1.000      5.000 
  attent3                             3.169      1.320      2.000      3.000      4.000      1.000      5.000 
  attent4                             2.710      1.371      2.000      2.229      4.000      1.000      5.000 
  attent5                             2.732      1.360      2.000      3.000      4.000      1.000      5.000 
  attent6                             3.039      1.375      2.000      3.000      4.000      1.000      5.000 
  attent7                             3.110      1.380      2.000      3.000      4.000      1.000      5.000 
  attent8                             2.744      1.366      2.000      3.000      4.000      1.000      5.000 
  attent9                             3.130      1.344      2.000      3.000      4.000      1.000      5.000 
  alphaeeg                           -1.037      2.045     -2.264     -0.837      0.327     -8.480      6.943 
  study                               0.554      0.497      0.000      1.000      1.000      0.000      1.000 
  age                                10.157      2.936      7.992      9.808     12.097      3.138     18.694 
  male                                0.641      0.480      0.000      1.000      1.000      0.000      1.000 
  adhd                                0.770      0.421      1.000      1.000      1.000      0.000      1.000 

                                ------------------------------------------------------------------------------



CORRELATIONS AMONG RESIDUALS:

  Summaries based on 100000 iterations using 4 chains.
  NOTE: Estimate column based on posterior median.


Correlations                       Estimate     StdDev       2.5%      97.5%      ChiSq     PValue      N_Eff 
                                ------------------------------------------------------------------------------

  attention, attent1                 -0.001      0.046     -0.092      0.089      0.000      0.986  97750.608 
  attention, attent2                  0.000      0.046     -0.090      0.090      0.000      0.997  96168.424 
  attention, attent3                  0.007      0.046     -0.084      0.097      0.020      0.886  1.000e+05 
  attention, attent4                 -0.015      0.046     -0.104      0.074      0.108      0.742  67016.554 
  attention, attent5                 -0.000      0.046     -0.091      0.091      0.000      0.995  98643.982 
  attention, attent6                  0.023      0.045     -0.066      0.111      0.254      0.615  61410.548 
  attention, attent7                 -0.002      0.046     -0.092      0.088      0.002      0.961  92828.239 
  attention, attent8                 -0.001      0.046     -0.092      0.089      0.001      0.980  92806.553 
  attention, attent9                 -0.002      0.046     -0.091      0.089      0.001      0.976  93207.141 
  attent1, attent2                    0.091      0.040      0.012      0.170      5.134      0.023  32593.977 
  attent1, attent3                   -0.013      0.040     -0.093      0.066      0.111      0.739  39789.325 
  attent1, attent4                   -0.005      0.041     -0.086      0.077      0.014      0.906  31027.610 
  attent1, attent5                    0.014      0.041     -0.068      0.094      0.110      0.740  33162.218 
  attent1, attent6                    0.034      0.041     -0.046      0.113      0.707      0.401  42048.940 
  attent1, attent7                   -0.054      0.041     -0.133      0.026      1.740      0.187  38263.826 
  attent1, attent8                   -0.023      0.041     -0.103      0.057      0.317      0.573  38139.665 
  attent1, attent9                   -0.025      0.041     -0.105      0.055      0.367      0.544  33785.154 
  attent2, attent3                    0.092      0.041      0.011      0.170      5.063      0.024  27942.124 
  attent2, attent4                   -0.036      0.042     -0.118      0.046      0.741      0.389  25793.724 
  attent2, attent5                   -0.061      0.042     -0.142      0.021      2.161      0.142  30064.479 
  attent2, attent6                    0.028      0.041     -0.051      0.109      0.486      0.486  27989.364 
  attent2, attent7                   -0.089      0.041     -0.169     -0.008      4.638      0.031  35066.188 
  attent2, attent9                   -0.015      0.041     -0.097      0.066      0.136      0.712  32745.796 
  attent3, attent4                    0.007      0.042     -0.075      0.088      0.028      0.868  35178.579 
  attent3, attent5                   -0.077      0.041     -0.157      0.004      3.440      0.064  34814.962 
  attent3, attent6                   -0.030      0.041     -0.111      0.049      0.559      0.454  32857.283 
  attent3, attent7                   -0.061      0.041     -0.141      0.020      2.210      0.137  32615.484 
  attent3, attent8                    0.043      0.041     -0.037      0.123      1.134      0.287  31142.876 
  attent3, attent9                    0.039      0.041     -0.041      0.119      0.928      0.336  36054.955 
  attent4, attent5                    0.034      0.043     -0.049      0.117      0.637      0.425  19003.375 
  attent4, attent6                    0.004      0.042     -0.077      0.086      0.010      0.919  24539.266 
  attent4, attent7                    0.037      0.042     -0.046      0.119      0.766      0.381  20875.501 
  attent4, attent8                   -0.048      0.042     -0.129      0.033      1.346      0.246  30834.005 
  attent4, attent9                   -0.000      0.042     -0.083      0.082      0.000      0.991  24188.212 
  attent5, attent6                    0.005      0.042     -0.077      0.088      0.015      0.902  22506.528 
  attent5, attent7                    0.092      0.042      0.009      0.174      4.822      0.028  18120.573 
  attent5, attent8                   -0.056      0.042     -0.137      0.026      1.811      0.178  30514.531 
  attent5, attent9                    0.007      0.042     -0.076      0.089      0.028      0.867  18138.642 
  attent6, attent7                   -0.011      0.042     -0.092      0.070      0.066      0.797  34408.142 
  attent6, attent8                    0.075      0.041     -0.006      0.154      3.373      0.066  33266.793 
  attent6, attent9                   -0.070      0.041     -0.151      0.011      2.862      0.091  36880.804 
  attent7, attent8                   -0.030      0.041     -0.111      0.051      0.535      0.464  41269.120 
  attent8, attent9                    0.019      0.041     -0.062      0.099      0.218      0.640  38500.913 

                                ------------------------------------------------------------------------------



OUTCOME MODEL ESTIMATES:

  Summaries based on 100000 iterations using 4 chains.
  NOTE: Estimate column based on posterior median.

  structural block:

Latent Variable:   attention  

Grand Mean Centered: age alphaeeg


Parameters                         Estimate     StdDev       2.5%      97.5%      ChiSq     PValue      N_Eff 
                                ------------------------------------------------------------------------------
Variances:                      
  Q25% Residual Var.                  0.837      0.152      0.593      1.187        ---        ---    247.613 
  Q50% Residual Var.                  2.170      0.495      1.350      3.260        ---        ---    235.799 
  Mean Residual Var.                  1.980      0.357      1.392      2.787        ---        ---    223.629 
  Q75% Residual Var.                  2.760      0.600      1.755      4.109        ---        ---    235.103 

Coefficients:                   
  alphaeeg                            0.009      0.027     -0.044      0.063      0.119      0.731  18278.825 
  age                                -0.024      0.021     -0.065      0.015      1.432      0.231  16840.592 
  study                               0.191      0.116     -0.023      0.431      2.834      0.092   2810.677 
  male                               -0.133      0.112     -0.353      0.087      1.400      0.237   1064.435 
  adhd                               -1.789      0.201     -2.208     -1.415     80.004      0.000    197.260 
  alphaeeg^2                          0.017      0.007      0.002      0.032      5.125      0.024   5088.373 
  age^2                               0.008      0.005     -0.003      0.019      2.070      0.150   7272.210 

Standardized Coefficients:      
  alphaeeg                            0.012      0.034     -0.056      0.079      0.119      0.730  18523.503 
  age                                -0.045      0.037     -0.117      0.028      1.459      0.227  17869.277 
  study                               0.059      0.034     -0.007      0.126      3.030      0.082   6238.117 
  male                               -0.039      0.033     -0.104      0.026      1.412      0.235   1281.289 
  adhd                               -0.466      0.028     -0.519     -0.409    273.786      0.000    847.022 
  alphaeeg^2                          0.070      0.030      0.010      0.129      5.289      0.021   4136.303 
  age^2                               0.055      0.038     -0.019      0.129      2.105      0.147   5404.667 

Proportion Variance Explained   
  by Coefficients                     0.241      0.027      0.190      0.295        ---        ---    869.540 
  by Residual Variation               0.759      0.027      0.705      0.810        ---        ---    869.540 

                                ------------------------------------------------------------------------------



Outcome Variable:  var(attention)

Grand Mean Centered: age alphaeeg


Parameters                         Estimate     StdDev       2.5%      97.5%      ChiSq     PValue      N_Eff 
                                ------------------------------------------------------------------------------

Coefficients:                   
  alphaeeg                            0.021      0.048     -0.073      0.117      0.188      0.665   2198.762 
  age                                 0.011      0.025     -0.037      0.060      0.221      0.638   3295.521 
  study                               1.147      0.131      0.885      1.405     76.320      0.000    959.327 
  male                               -0.363      0.134     -0.624     -0.095      7.261      0.007    624.250 
  adhd                                0.121      0.157     -0.194      0.424      0.579      0.447    375.794 

Exponentiated Coefficients:     
  alphaeeg                            1.021      0.049      0.929      1.124        ---        ---   2193.277 
  age                                 1.011      0.025      0.964      1.062        ---        ---   3296.449 
  study                               3.150      0.418      2.423      4.074        ---        ---    968.054 
  male                                0.695      0.095      0.536      0.910        ---        ---    626.530 
  adhd                                1.129      0.179      0.824      1.527        ---        ---    385.945 

                                ------------------------------------------------------------------------------


  measurement block:

Outcome Variable:  attent1    

Grand Mean Centered: age


Parameters                         Estimate     StdDev       2.5%      97.5%      ChiSq     PValue      N_Eff 
                                ------------------------------------------------------------------------------
Variances:                      
  Residual Var.                       1.000      0.000      1.000      1.000        ---        ---        --- 

Coefficients:                   
  Intercept                           2.983      0.166      2.663      3.313    324.876      0.000    897.194 
  attention                           0.768      0.080      0.630      0.948     92.987      0.000    230.468 
  age                                -0.000      0.015     -0.029      0.028      0.001      0.980  17035.300 
  study                              -0.429      0.086     -0.598     -0.263     25.005      0.000  11262.969 
  male                               -0.089      0.092     -0.267      0.091      0.931      0.335  13012.626 
  adhd                               -0.275      0.122     -0.512     -0.033      5.042      0.025  10144.757 

Thresholds:                     
  Tau 1                               0.000      0.000      0.000      0.000        ---        ---        --- 
  Tau 2                               1.386      0.076      1.244      1.540        ---        ---   1561.448 
  Tau 3                               2.594      0.101      2.404      2.799        ---        ---   1062.624 
  Tau 4                               3.619      0.124      3.378      3.867        ---        ---   1033.436 

Standard Deviations:            
  Residual SD                         1.000      0.000      1.000      1.000        ---        ---        --- 

Standardized Coefficients:      
  attention                           0.755      0.023      0.709      0.798   1101.272      0.000   3820.421 
  age                                -0.001      0.026     -0.051      0.050      0.001      0.980  17020.267 
  study                              -0.128      0.025     -0.177     -0.079     25.935      0.000  15362.369 
  male                               -0.026      0.026     -0.077      0.026      0.931      0.335  12758.293 
  adhd                               -0.069      0.031     -0.129     -0.008      5.031      0.025  10227.254 

Proportion Variance Explained   
  by Coefficients                     0.641      0.020      0.599      0.679        ---        ---   1713.865 
  by Residual Variation               0.359      0.020      0.321      0.401        ---        ---   1713.865 

                                ------------------------------------------------------------------------------



Outcome Variable:  attent2    

Grand Mean Centered: age


Parameters                         Estimate     StdDev       2.5%      97.5%      ChiSq     PValue      N_Eff 
                                ------------------------------------------------------------------------------
Variances:                      
  Residual Var.                       1.000      0.000      1.000      1.000        ---        ---        --- 

Coefficients:                   
  Intercept                           3.171      0.182      2.827      3.539    303.890      0.000   1123.329 
  attention                           0.840      0.100      0.664      1.055     71.783      0.000    351.076 
  age                                 0.062      0.016      0.030      0.094     14.726      0.000  11531.544 
  study                              -0.472      0.138     -0.741     -0.198     11.673      0.001   4134.445 
  male                                0.070      0.099     -0.124      0.265      0.500      0.480  10171.653 
  adhd                               -0.050      0.137     -0.314      0.222      0.130      0.718   6575.642 
  study*attention                     0.187      0.076      0.044      0.342      6.177      0.013   2020.019 

Thresholds:                     
  Tau 1                               0.000      0.000      0.000      0.000        ---        ---        --- 
  Tau 2                               1.392      0.080      1.241      1.556        ---        ---   1555.449 
  Tau 3                               2.675      0.107      2.473      2.889        ---        ---   1155.496 
  Tau 4                               3.830      0.134      3.575      4.101        ---        ---   1098.521 

Standard Deviations:            
  Residual SD                         1.000      0.000      1.000      1.000        ---        ---        --- 

Standardized Coefficients:      
  attention                           0.711      0.053      0.609      0.817    179.570      0.000   8650.978 
  age                                 0.095      0.024      0.046      0.142     15.011      0.000  12799.302 
  study                              -0.122      0.035     -0.190     -0.051     11.747      0.001   4207.784 
  male                                0.017      0.025     -0.031      0.065      0.499      0.480  10377.489 
  adhd                               -0.011      0.030     -0.069      0.048      0.132      0.717   6574.130 
  study*attention                     0.148      0.056      0.036      0.255      7.001      0.008   9885.379 

Proportion Variance Explained   
  by Coefficients                     0.733      0.017      0.698      0.764        ---        ---   1606.419 
  by Residual Variation               0.267      0.017      0.236      0.302        ---        ---   1606.419 

                                ------------------------------------------------------------------------------



Outcome Variable:  attent3    

Grand Mean Centered: age


Parameters                         Estimate     StdDev       2.5%      97.5%      ChiSq     PValue      N_Eff 
                                ------------------------------------------------------------------------------
Variances:                      
  Residual Var.                       1.000      0.000      1.000      1.000        ---        ---        --- 

Coefficients:                   
  Intercept                           2.753      0.162      2.441      3.074    290.067      0.000   1312.833 
  attention                           0.657      0.085      0.508      0.840     60.801      0.000    418.191 
  age                                 0.076      0.016      0.045      0.107     22.914      0.000  11263.833 
  study                               0.348      0.141      0.080      0.636      6.163      0.013   2957.901 
  male                               -0.051      0.095     -0.237      0.136      0.287      0.592  13630.415 
  adhd                                0.096      0.134     -0.160      0.363      0.535      0.465   7491.302 
  study*attention                     0.299      0.078      0.157      0.465     14.834      0.000    908.529 

Thresholds:                     
  Tau 1                               0.000      0.000      0.000      0.000        ---        ---        --- 
  Tau 2                               1.266      0.076      1.122      1.419        ---        ---   1380.522 
  Tau 3                               2.296      0.094      2.117      2.484        ---        ---   1042.491 
  Tau 4                               3.244      0.112      3.031      3.469        ---        ---    956.311 

Standard Deviations:            
  Residual SD                         1.000      0.000      1.000      1.000        ---        ---        --- 

Standardized Coefficients:      
  attention                           0.603      0.055      0.496      0.712    118.962      0.000   8998.881 
  age                                 0.124      0.026      0.074      0.174     23.730      0.000  13538.233 
  study                               0.097      0.039      0.023      0.175      6.357      0.012   2865.965 
  male                               -0.014      0.026     -0.064      0.037      0.287      0.592  13710.849 
  adhd                                0.023      0.031     -0.038      0.085      0.534      0.465   7505.008 
  study*attention                     0.257      0.057      0.142      0.367     20.060      0.000   9804.270 

Proportion Variance Explained   
  by Coefficients                     0.686      0.021      0.644      0.725        ---        ---   1916.124 
  by Residual Variation               0.314      0.021      0.275      0.356        ---        ---   1916.124 

                                ------------------------------------------------------------------------------



Outcome Variable:  attent4    

Parameters                         Estimate     StdDev       2.5%      97.5%      ChiSq     PValue      N_Eff 
                                ------------------------------------------------------------------------------
Variances:                      
  Residual Var.                       1.000      0.000      1.000      1.000        ---        ---        --- 

Coefficients:                   
  Intercept                           3.093      0.209      2.688      3.513    220.215      0.000    488.692 
  attention                           1.195      0.124      0.994      1.470     94.164      0.000    228.945 

Thresholds:                     
  Tau 1                               0.000      0.000      0.000      0.000        ---        ---        --- 
  Tau 2                               1.522      0.088      1.354      1.698        ---        ---   1275.805 
  Tau 3                               2.826      0.125      2.584      3.074        ---        ---    874.875 
  Tau 4                               3.800      0.153      3.507      4.106        ---        ---    825.294 

Standard Deviations:            
  Residual SD                         1.000      0.000      1.000      1.000        ---        ---        --- 

Standardized Coefficients:      
  attention                           0.891      0.009      0.873      0.907  10625.358      0.000    997.981 

Proportion Variance Explained   
  by Coefficients                     0.794      0.015      0.762      0.822        ---        ---    996.702 
  by Residual Variation               0.206      0.015      0.178      0.238        ---        ---    996.702 

                                ------------------------------------------------------------------------------



Outcome Variable:  attent5    

Grand Mean Centered: age


Parameters                         Estimate     StdDev       2.5%      97.5%      ChiSq     PValue      N_Eff 
                                ------------------------------------------------------------------------------
Variances:                      
  Residual Var.                       1.000      0.000      1.000      1.000        ---        ---        --- 

Coefficients:                   
  Intercept                           3.151      0.210      2.750      3.574    224.822      0.000    685.652 
  attention                           1.213      0.125      0.993      1.493     95.046      0.000    238.166 
  age                                -0.015      0.018     -0.049      0.020      0.720      0.396  11615.056 
  study                              -0.060      0.100     -0.256      0.136      0.363      0.547  10778.136 
  male                               -0.108      0.108     -0.320      0.107      0.983      0.321   8332.864 
  adhd                                0.131      0.146     -0.149      0.423      0.828      0.363   4257.838 

Thresholds:                     
  Tau 1                               0.000      0.000      0.000      0.000        ---        ---        --- 
  Tau 2                               1.512      0.089      1.343      1.692        ---        ---   1260.819 
  Tau 3                               2.810      0.124      2.574      3.059        ---        ---    861.779 
  Tau 4                               3.871      0.155      3.579      4.189        ---        ---    819.526 

Standard Deviations:            
  Residual SD                         1.000      0.000      1.000      1.000        ---        ---        --- 

Standardized Coefficients:      
  attention                           0.901      0.018      0.866      0.935   2625.661      0.000   2107.090 
  age                                -0.020      0.023     -0.065      0.026      0.720      0.396  11760.814 
  study                              -0.014      0.023     -0.058      0.031      0.363      0.547  10949.629 
  male                               -0.023      0.024     -0.070      0.023      0.984      0.321   8410.991 
  adhd                                0.025      0.028     -0.029      0.080      0.828      0.363   4296.927 

Proportion Variance Explained   
  by Coefficients                     0.794      0.016      0.762      0.823        ---        ---   1095.619 
  by Residual Variation               0.206      0.016      0.177      0.238        ---        ---   1095.619 

                                ------------------------------------------------------------------------------



Outcome Variable:  attent6    

Parameters                         Estimate     StdDev       2.5%      97.5%      ChiSq     PValue      N_Eff 
                                ------------------------------------------------------------------------------
Variances:                      
  Residual Var.                       1.000      0.000      1.000      1.000        ---        ---        --- 

Coefficients:                   
  Intercept                           2.936      0.164      2.620      3.262    322.000      0.000    564.165 
  attention                           0.918      0.096      0.755      1.130     92.170      0.000    206.080 

Thresholds:                     
  Tau 1                               0.000      0.000      0.000      0.000        ---        ---        --- 
  Tau 2                               1.321      0.078      1.175      1.480        ---        ---   1309.887 
  Tau 3                               2.303      0.099      2.117      2.506        ---        ---   1019.225 
  Tau 4                               3.212      0.119      2.985      3.457        ---        ---    963.867 

Standard Deviations:            
  Residual SD                         1.000      0.000      1.000      1.000        ---        ---        --- 

Standardized Coefficients:      
  attention                           0.833      0.012      0.807      0.855   4678.357      0.000   1548.252 

Proportion Variance Explained   
  by Coefficients                     0.694      0.020      0.652      0.731        ---        ---   1547.103 
  by Residual Variation               0.306      0.020      0.269      0.348        ---        ---   1547.103 

                                ------------------------------------------------------------------------------



Outcome Variable:  attent7    

Grand Mean Centered: age


Parameters                         Estimate     StdDev       2.5%      97.5%      ChiSq     PValue      N_Eff 
                                ------------------------------------------------------------------------------
Variances:                      
  Residual Var.                       1.000      0.000      1.000      1.000        ---        ---        --- 

Coefficients:                   
  Intercept                           2.736      0.188      2.378      3.113    211.799      0.000   1244.320 
  attention                           0.825      0.108      0.633      1.059     59.029      0.000    437.848 
  age                                 0.048      0.026     -0.001      0.100      3.542      0.060   4028.678 
  study                               0.520      0.151      0.229      0.823     11.856      0.001   4472.659 
  male                                0.209      0.150     -0.079      0.511      1.970      0.160   4240.390 
  adhd                                0.169      0.145     -0.109      0.459      1.379      0.240   5090.533 
  study*attention                     0.130      0.082     -0.025      0.298      2.584      0.108   2292.710 
  age*attention                       0.038      0.014      0.012      0.066      7.837      0.005   1764.754 
  male*attention                      0.209      0.078      0.065      0.371      7.394      0.007   1983.912 

Thresholds:                     
  Tau 1                               0.000      0.000      0.000      0.000        ---        ---        --- 
  Tau 2                               1.340      0.079      1.190      1.498        ---        ---   1371.722 
  Tau 3                               2.381      0.100      2.191      2.582        ---        ---   1040.332 
  Tau 4                               3.388      0.118      3.165      3.627        ---        ---    981.636 

Standard Deviations:            
  Residual SD                         1.000      0.000      1.000      1.000        ---        ---        --- 

Standardized Coefficients:      
  attention                           0.680      0.068      0.548      0.813    101.415      0.000   6908.655 
  age                                 0.071      0.037     -0.002      0.145      3.627      0.057   4314.548 
  study                               0.130      0.037      0.058      0.202     12.498      0.000   4941.576 
  male                                0.050      0.036     -0.019      0.123      1.976      0.160   4219.373 
  adhd                                0.036      0.030     -0.023      0.096      1.384      0.239   5301.815 
  study*attention                     0.100      0.060     -0.020      0.214      2.786      0.095   5839.054 
  age*attention                       0.112      0.038      0.038      0.186      8.894      0.003   4929.030 
  male*attention                      0.142      0.049      0.045      0.238      8.304      0.004   6984.047 

Proportion Variance Explained   
  by Coefficients                     0.747      0.018      0.710      0.782        ---        ---   1155.062 
  by Residual Variation               0.253      0.018      0.218      0.290        ---        ---   1155.062 

                                ------------------------------------------------------------------------------



Outcome Variable:  attent8    

Grand Mean Centered: age


Parameters                         Estimate     StdDev       2.5%      97.5%      ChiSq     PValue      N_Eff 
                                ------------------------------------------------------------------------------
Variances:                      
  Residual Var.                       1.000      0.000      1.000      1.000        ---        ---        --- 

Coefficients:                   
  Intercept                           2.610      0.166      2.290      2.940    247.081      0.000   1516.268 
  attention                           0.738      0.092      0.577      0.940     64.603      0.000    419.694 
  age                                 0.057      0.016      0.026      0.088     12.924      0.000  13064.229 
  study                              -0.264      0.135     -0.525      0.007      3.769      0.052   3829.714 
  male                               -0.026      0.097     -0.215      0.165      0.071      0.790  10657.612 
  adhd                               -0.102      0.134     -0.361      0.164      0.563      0.453   6447.344 
  study*attention                     0.223      0.077      0.081      0.384      8.558      0.003   1396.596 

Thresholds:                     
  Tau 1                               0.000      0.000      0.000      0.000        ---        ---        --- 
  Tau 2                               1.195      0.070      1.062      1.337        ---        ---   1889.039 
  Tau 3                               2.161      0.091      1.985      2.341        ---        ---   1518.680 
  Tau 4                               3.297      0.117      3.073      3.534        ---        ---   1411.517 

Standard Deviations:            
  Residual SD                         1.000      0.000      1.000      1.000        ---        ---        --- 

Standardized Coefficients:      
  attention                           0.657      0.056      0.548      0.768    137.341      0.000   8774.935 
  age                                 0.090      0.025      0.041      0.139     13.127      0.000  14142.762 
  study                              -0.071      0.037     -0.142      0.002      3.768      0.052   3889.288 
  male                               -0.007      0.025     -0.056      0.043      0.071      0.789  10729.675 
  adhd                               -0.023      0.031     -0.083      0.037      0.565      0.452   6506.333 
  study*attention                     0.186      0.058      0.070      0.297     10.216      0.001   9805.628 

Proportion Variance Explained   
  by Coefficients                     0.705      0.018      0.667      0.739        ---        ---   2140.738 
  by Residual Variation               0.295      0.018      0.261      0.333        ---        ---   2140.738 

                                ------------------------------------------------------------------------------



Outcome Variable:  attent9    

Grand Mean Centered: age


Parameters                         Estimate     StdDev       2.5%      97.5%      ChiSq     PValue      N_Eff 
                                ------------------------------------------------------------------------------
Variances:                      
  Residual Var.                       1.000      0.000      1.000      1.000        ---        ---        --- 

Coefficients:                   
  Intercept                           3.001      0.188      2.639      3.376    254.484      0.000   1233.527 
  attention                           0.955      0.110      0.761      1.194     76.455      0.000    340.457 
  age                                -0.016      0.017     -0.049      0.018      0.839      0.360  11157.370 
  study                               0.214      0.149     -0.074      0.511      2.081      0.149   4096.106 
  male                               -0.102      0.104     -0.307      0.102      0.965      0.326   8214.440 
  adhd                                0.276      0.148     -0.007      0.575      3.527      0.060   4092.828 
  study*attention                     0.146      0.081     -0.007      0.313      3.337      0.068   2591.900 

Thresholds:                     
  Tau 1                               0.000      0.000      0.000      0.000        ---        ---        --- 
  Tau 2                               1.159      0.077      1.013      1.315        ---        ---   1580.483 
  Tau 3                               2.419      0.103      2.224      2.624        ---        ---   1130.483 
  Tau 4                               3.455      0.123      3.219      3.696        ---        ---   1044.153 

Standard Deviations:            
  Residual SD                         1.000      0.000      1.000      1.000        ---        ---        --- 

Standardized Coefficients:      
  attention                           0.791      0.056      0.683      0.902    200.725      0.000   6139.371 
  age                                -0.023      0.025     -0.072      0.026      0.840      0.359  11358.896 
  study                               0.054      0.037     -0.019      0.127      2.104      0.147   4155.169 
  male                               -0.025      0.025     -0.075      0.025      0.965      0.326   8268.105 
  adhd                                0.059      0.031     -0.001      0.121      3.576      0.059   4292.780 
  study*attention                     0.114      0.059     -0.006      0.227      3.639      0.056   6816.876 

Proportion Variance Explained   
  by Coefficients                     0.744      0.018      0.707      0.778        ---        ---   1328.980 
  by Residual Variation               0.256      0.018      0.222      0.293        ---        ---   1328.980 

                                ------------------------------------------------------------------------------



Covariance Matrix: attent2 attent8

Parameters                         Estimate     StdDev       2.5%      97.5%      ChiSq     PValue      N_Eff 
                                ------------------------------------------------------------------------------
Covariances:                    
  Cov(attent2,attent8)                0.235      0.044      0.147      0.319     28.631      0.000  14839.824 

Correlations:                   
  Cor(attent2,attent8)                0.235      0.044      0.147      0.319     28.631      0.000  14839.824 

                                ------------------------------------------------------------------------------



Covariance Matrix: attent7 attent9

Parameters                         Estimate     StdDev       2.5%      97.5%      ChiSq     PValue      N_Eff 
                                ------------------------------------------------------------------------------
Covariances:                    
  Cov(attent7,attent9)                0.275      0.045      0.184      0.360     37.438      0.000  10221.166 

Correlations:                   
  Cor(attent7,attent9)                0.275      0.045      0.184      0.360     37.438      0.000  10221.166 

                                ------------------------------------------------------------------------------




PREDICTOR MODEL ESTIMATES:

  Summaries based on 100000 iterations using 4 chains.
  NOTE: Estimate column based on posterior median.



Missing predictor:  alphaeeg   

Parameters                         Estimate     StdDev       2.5%      97.5%      ChiSq     PValue      N_Eff 
                                ------------------------------------------------------------------------------

Grand Mean                           -1.035      0.084     -1.199     -0.873    153.559      0.000   6991.905 

Level 1:                                                                                                      
  study                              -0.393      0.092     -0.570     -0.210     18.293      0.000  14348.519 
  age                                -0.244      0.029     -0.301     -0.187     70.540      0.000  16104.209 
  male                                0.118      0.101     -0.081      0.314      1.375      0.241  13791.131 
  adhd                                0.262      0.101      0.063      0.458      6.711      0.010  15238.117 
  Residual Var.                       3.303      0.204      2.931      3.733        ---        ---  20665.598 
                                                                                                              
                                ------------------------------------------------------------------------------



Complete predictor: study      

Parameters                         Estimate     StdDev       2.5%      97.5%      ChiSq     PValue      N_Eff 
                                ------------------------------------------------------------------------------

Grand Mean                            0.143      0.043      0.058      0.228     10.787      0.001  39224.928 

Level 1:                                                                                                      
  alphaeeg                           -0.119      0.029     -0.176     -0.063     17.068      0.000  12345.799 
  age                                -0.024      0.017     -0.057      0.009      2.006      0.157  26275.995 
  male                               -0.216      0.053     -0.320     -0.111     16.499      0.000  19455.751 
  adhd                                0.181      0.057      0.069      0.293      9.887      0.002  15774.069 
  Residual Var.                       1.000      0.000      1.000      1.000        ---        ---        --- 
Thresholds:                                                                                                   
  Tau 1                               0.000      0.000      0.000      0.000        ---        ---        --- 
                                                                                                              
                                ------------------------------------------------------------------------------



Missing predictor:  age        

Parameters                         Estimate     StdDev       2.5%      97.5%      ChiSq     PValue      N_Eff 
                                ------------------------------------------------------------------------------

Grand Mean                           10.156      0.098      9.965     10.351  10664.054      0.000  13079.460 

Level 1:                                                                                                      
  alphaeeg                           -0.544      0.061     -0.660     -0.422     79.431      0.000  20952.499 
  study                              -0.174      0.122     -0.411      0.067      2.014      0.156  34723.637 
  male                               -0.154      0.125     -0.399      0.090      1.527      0.217  34146.785 
  adhd                               -0.011      0.136     -0.276      0.256      0.007      0.935  27368.697 
  Residual Var.                       7.354      0.389      6.639      8.164        ---        ---  33805.582 
                                                                                                              
                                ------------------------------------------------------------------------------



Missing predictor:  male       

Parameters                         Estimate     StdDev       2.5%      97.5%      ChiSq     PValue      N_Eff 
                                ------------------------------------------------------------------------------

Grand Mean                            0.383      0.046      0.293      0.474     68.407      0.000  27932.619 

Level 1:                                                                                                      
  alphaeeg                            0.036      0.031     -0.025      0.096      1.357      0.244  13183.371 
  study                              -0.216      0.053     -0.320     -0.112     16.599      0.000  17521.721 
  age                                -0.021      0.017     -0.054      0.012      1.534      0.215  25116.606 
  adhd                                0.235      0.058      0.122      0.347     16.621      0.000  16237.308 
  Residual Var.                       1.000      0.000      1.000      1.000        ---        ---        --- 
Thresholds:                                                                                                   
  Tau 1                               0.000      0.000      0.000      0.000        ---        ---        --- 
                                                                                                              
                                ------------------------------------------------------------------------------



Missing predictor:  adhd       

Parameters                         Estimate     StdDev       2.5%      97.5%      ChiSq     PValue      N_Eff 
                                ------------------------------------------------------------------------------

Grand Mean                            0.783      0.051      0.684      0.884    237.027      0.000  19576.763 

Level 1:                                                                                                      
  alphaeeg                            0.080      0.031      0.018      0.142      6.444      0.011  12878.633 
  study                               0.180      0.058      0.068      0.294      9.822      0.002  13594.994 
  age                                -0.001      0.019     -0.038      0.035      0.006      0.940  21168.213 
  male                                0.235      0.058      0.120      0.349     16.255      0.000  14244.066 
  Residual Var.                       1.000      0.000      1.000      1.000        ---        ---        --- 
Thresholds:                                                                                                   
  Tau 1                               0.000      0.000      0.000      0.000        ---        ---        --- 
                                                                                                              
                                ------------------------------------------------------------------------------


   Min. 1st Qu.  Median    Mean 3rd Qu.    Max.     NAs 
  197.3  1155.1  4096.1  6814.4 10863.9 39224.9      33 
                                                   Estimate StdDev    2.5%
attention Variance Q25%                              0.8367 0.1515  0.5928
attention Variance Q50%                              2.1702 0.4950  1.3499
attention Variance Mean                              1.9799 0.3574  1.3925
attention Variance Q75%                              2.7605 0.5998  1.7552
attention ~ alphaeeg                                 0.0093 0.0272 -0.0442
attention ~ age                                     -0.0245 0.0206 -0.0653
attention ~ study                                    0.1915 0.1157 -0.0229
attention ~ male                                    -0.1329 0.1123 -0.3532
attention ~ adhd                                    -1.7889 0.2005 -2.2080
attention ~ alphaeeg^2                               0.0168 0.0075  0.0024
attention ~ age^2                                    0.0078 0.0054 -0.0027
attention ~ alphaeeg (standardized)                  0.0118 0.0342 -0.0559
attention ~ age (standardized)                      -0.0447 0.0369 -0.1170
attention ~ study (standardized)                     0.0592 0.0341 -0.0073
attention ~ male (standardized)                     -0.0395 0.0333 -0.1044
attention ~ adhd (standardized)                     -0.4659 0.0281 -0.5195
attention ~ alphaeeg^2 (standardized)                0.0702 0.0305  0.0099
attention ~ age^2 (standardized)                     0.0548 0.0379 -0.0190
attention R2: Coefficients                           0.2409 0.0268  0.1897
attention R2: Residual Variation                     0.7591 0.0268  0.7052
var(attention) ~ alphaeeg                            0.0208 0.0482 -0.0733
var(attention) ~ age                                 0.0114 0.0246 -0.0365
var(attention) ~ study                               1.1473 0.1313  0.8852
var(attention) ~ male                               -0.3631 0.1343 -0.6236
var(attention) ~ adhd                                0.1211 0.1568 -0.1941
var(attention) Exponentiated Coefficients alphaeeg   1.0210 0.0494  0.9293
var(attention) Exponentiated Coefficients age        1.0115 0.0249  0.9641
var(attention) Exponentiated Coefficients study      3.1496 0.4185  2.4235
var(attention) Exponentiated Coefficients male       0.6955 0.0952  0.5360
var(attention) Exponentiated Coefficients adhd       1.1288 0.1792  0.8235
attent1 residual variance                            1.0000 0.0000  1.0000
attent1 ~ Intercept                                  2.9825 0.1655  2.6628
attent1 ~ attention                                  0.7677 0.0802  0.6302
attent1 ~ age                                       -0.0004 0.0146 -0.0290
attent1 ~ study                                     -0.4292 0.0859 -0.5985
attent1 ~ male                                      -0.0887 0.0916 -0.2672
attent1 ~ adhd                                      -0.2750 0.1221 -0.5120
attent1 Threshold 1                                  0.0000 0.0000  0.0000
attent1 Threshold 2                                  1.3860 0.0763  1.2444
attent1 Threshold 3                                  2.5939 0.1014  2.4036
attent1 Threshold 4                                  3.6185 0.1245  3.3781
attent1 residual SD                                  1.0000 0.0000  1.0000
attent1 ~ attention (standardized)                   0.7545 0.0227  0.7086
attent1 ~ age (standardized)                        -0.0008 0.0257 -0.0510
attent1 ~ study (standardized)                      -0.1279 0.0251 -0.1768
attent1 ~ male (standardized)                       -0.0255 0.0263 -0.0768
attent1 ~ adhd (standardized)                       -0.0693 0.0308 -0.1292
attent1 R2: Coefficients                             0.6408 0.0204  0.5989
attent1 R2: Residual Variation                       0.3592 0.0204  0.3207
attent2 residual variance                            1.0000 0.0000  1.0000
attent2 ~ Intercept                                  3.1712 0.1821  2.8268
attent2 ~ attention                                  0.8397 0.0997  0.6636
attent2 ~ age                                        0.0623 0.0162  0.0305
attent2 ~ study                                     -0.4722 0.1380 -0.7408
attent2 ~ male                                       0.0704 0.0992 -0.1236
attent2 ~ adhd                                      -0.0503 0.1370 -0.3142
attent2 ~ study*attention                            0.1866 0.0758  0.0437
attent2 Threshold 1                                  0.0000 0.0000  0.0000
attent2 Threshold 2                                  1.3920 0.0803  1.2405
attent2 Threshold 3                                  2.6754 0.1066  2.4731
attent2 Threshold 4                                  3.8302 0.1339  3.5747
attent2 residual SD                                  1.0000 0.0000  1.0000
attent2 ~ attention (standardized)                   0.7110 0.0531  0.6088
attent2 ~ age (standardized)                         0.0947 0.0244  0.0465
attent2 ~ study (standardized)                      -0.1215 0.0354 -0.1898
attent2 ~ male (standardized)                        0.0175 0.0246 -0.0307
attent2 ~ adhd (standardized)                       -0.0109 0.0298 -0.0688
attent2 ~ study*attention (standardized)             0.1485 0.0558  0.0359
attent2 R2: Coefficients                             0.7326 0.0170  0.6977
attent2 R2: Residual Variation                       0.2674 0.0170  0.2357
attent3 residual variance                            1.0000 0.0000  1.0000
attent3 ~ Intercept                                  2.7534 0.1617  2.4414
attent3 ~ attention                                  0.6568 0.0848  0.5080
attent3 ~ age                                        0.0757 0.0158  0.0446
attent3 ~ study                                      0.3484 0.1414  0.0800
attent3 ~ male                                      -0.0512 0.0950 -0.2370
attent3 ~ adhd                                       0.0963 0.1337 -0.1602
attent3 ~ study*attention                            0.2995 0.0785  0.1566
attent3 Threshold 1                                  0.0000 0.0000  0.0000
attent3 Threshold 2                                  1.2658 0.0757  1.1221
attent3 Threshold 3                                  2.2963 0.0941  2.1168
attent3 Threshold 4                                  3.2438 0.1117  3.0315
attent3 residual SD                                  1.0000 0.0000  1.0000
attent3 ~ attention (standardized)                   0.6027 0.0553  0.4956
attent3 ~ age (standardized)                         0.1243 0.0255  0.0739
attent3 ~ study (standardized)                       0.0970 0.0387  0.0226
attent3 ~ male (standardized)                       -0.0137 0.0255 -0.0637
attent3 ~ adhd (standardized)                        0.0227 0.0314 -0.0378
attent3 ~ study*attention (standardized)             0.2574 0.0573  0.1421
attent3 R2: Coefficients                             0.6864 0.0208  0.6435
attent3 R2: Residual Variation                       0.3136 0.0208  0.2746
attent4 residual variance                            1.0000 0.0000  1.0000
attent4 ~ Intercept                                  3.0928 0.2086  2.6884
attent4 ~ attention                                  1.1952 0.1243  0.9938
attent4 Threshold 1                                  0.0000 0.0000  0.0000
attent4 Threshold 2                                  1.5216 0.0885  1.3541
attent4 Threshold 3                                  2.8255 0.1251  2.5841
attent4 Threshold 4                                  3.8002 0.1527  3.5068
attent4 residual SD                                  1.0000 0.0000  1.0000
attent4 ~ attention (standardized)                   0.8911 0.0086  0.8730
attent4 R2: Coefficients                             0.7941 0.0154  0.7621
attent4 R2: Residual Variation                       0.2059 0.0154  0.1776
attent5 residual variance                            1.0000 0.0000  1.0000
attent5 ~ Intercept                                  3.1508 0.2103  2.7502
attent5 ~ attention                                  1.2132 0.1252  0.9932
attent5 ~ age                                       -0.0148 0.0176 -0.0492
attent5 ~ study                                     -0.0604 0.1004 -0.2564
attent5 ~ male                                      -0.1077 0.1085 -0.3198
attent5 ~ adhd                                       0.1311 0.1458 -0.1495
attent5 Threshold 1                                  0.0000 0.0000  0.0000
attent5 Threshold 2                                  1.5115 0.0893  1.3434
attent5 Threshold 3                                  2.8099 0.1244  2.5740
attent5 Threshold 4                                  3.8714 0.1551  3.5792
attent5 residual SD                                  1.0000 0.0000  1.0000
attent5 ~ attention (standardized)                   0.9006 0.0176  0.8656
attent5 ~ age (standardized)                        -0.0198 0.0234 -0.0654
attent5 ~ study (standardized)                      -0.0136 0.0226 -0.0579
attent5 ~ male (standardized)                       -0.0234 0.0236 -0.0695
attent5 ~ adhd (standardized)                        0.0250 0.0277 -0.0287
attent5 R2: Coefficients                             0.7945 0.0156  0.7622
attent5 R2: Residual Variation                       0.2055 0.0156  0.1766
attent6 residual variance                            1.0000 0.0000  1.0000
attent6 ~ Intercept                                  2.9358 0.1637  2.6196
attent6 ~ attention                                  0.9177 0.0963  0.7546
attent6 Threshold 1                                  0.0000 0.0000  0.0000
attent6 Threshold 2                                  1.3213 0.0781  1.1746
attent6 Threshold 3                                  2.3028 0.0989  2.1167
attent6 Threshold 4                                  3.2121 0.1194  2.9846
attent6 residual SD                                  1.0000 0.0000  1.0000
attent6 ~ attention (standardized)                   0.8329 0.0122  0.8074
attent6 R2: Coefficients                             0.6937 0.0202  0.6519
attent6 R2: Residual Variation                       0.3063 0.0202  0.2686
attent7 residual variance                            1.0000 0.0000  1.0000
attent7 ~ Intercept                                  2.7356 0.1881  2.3775
attent7 ~ attention                                  0.8254 0.1081  0.6330
attent7 ~ age                                        0.0480 0.0257 -0.0011
attent7 ~ study                                      0.5197 0.1513  0.2286
attent7 ~ male                                       0.2090 0.1502 -0.0792
attent7 ~ adhd                                       0.1687 0.1449 -0.1095
attent7 ~ study*attention                            0.1300 0.0818 -0.0247
attent7 ~ age*attention                              0.0376 0.0136  0.0123
attent7 ~ male*attention                             0.2092 0.0778  0.0654
attent7 Threshold 1                                  0.0000 0.0000  0.0000
attent7 Threshold 2                                  1.3397 0.0786  1.1901
attent7 Threshold 3                                  2.3814 0.0998  2.1909
attent7 Threshold 4                                  3.3883 0.1183  3.1654
attent7 residual SD                                  1.0000 0.0000  1.0000
attent7 ~ attention (standardized)                   0.6798 0.0675  0.5480
attent7 ~ age (standardized)                         0.0708 0.0373 -0.0016
attent7 ~ study (standardized)                       0.1299 0.0367  0.0578
attent7 ~ male (standardized)                        0.0504 0.0361 -0.0191
attent7 ~ adhd (standardized)                        0.0357 0.0305 -0.0233
attent7 ~ study*attention (standardized)             0.1002 0.0596 -0.0200
attent7 ~ age*attention (standardized)               0.1125 0.0376  0.0377
attent7 ~ male*attention (standardized)              0.1416 0.0491  0.0451
attent7 R2: Coefficients                             0.7474 0.0184  0.7100
attent7 R2: Residual Variation                       0.2526 0.0184  0.2181
attent8 residual variance                            1.0000 0.0000  1.0000
attent8 ~ Intercept                                  2.6102 0.1661  2.2899
attent8 ~ attention                                  0.7378 0.0925  0.5772
attent8 ~ age                                        0.0568 0.0158  0.0259
attent8 ~ study                                     -0.2642 0.1355 -0.5252
attent8 ~ male                                      -0.0262 0.0970 -0.2152
attent8 ~ adhd                                      -0.1019 0.1343 -0.3607
attent8 ~ study*attention                            0.2229 0.0770  0.0812
attent8 Threshold 1                                  0.0000 0.0000  0.0000
attent8 Threshold 2                                  1.1951 0.0701  1.0620
attent8 Threshold 3                                  2.1615 0.0905  1.9852
attent8 Threshold 4                                  3.2970 0.1170  3.0729
attent8 residual SD                                  1.0000 0.0000  1.0000
attent8 ~ attention (standardized)                   0.6570 0.0561  0.5484
attent8 ~ age (standardized)                         0.0905 0.0250  0.0415
attent8 ~ study (standardized)                      -0.0714 0.0366 -0.1420
attent8 ~ male (standardized)                       -0.0068 0.0253 -0.0561
attent8 ~ adhd (standardized)                       -0.0233 0.0307 -0.0828
attent8 ~ study*attention (standardized)             0.1860 0.0580  0.0702
attent8 R2: Coefficients                             0.7053 0.0185  0.6670
attent8 R2: Residual Variation                       0.2947 0.0185  0.2605
attent9 residual variance                            1.0000 0.0000  1.0000
attent9 ~ Intercept                                  3.0007 0.1882  2.6387
attent9 ~ attention                                  0.9552 0.1099  0.7607
attent9 ~ age                                       -0.0156 0.0169 -0.0486
attent9 ~ study                                      0.2137 0.1490 -0.0739
attent9 ~ male                                      -0.1018 0.1042 -0.3075
attent9 ~ adhd                                       0.2757 0.1482 -0.0070
attent9 ~ study*attention                            0.1464 0.0811 -0.0071
attent9 Threshold 1                                  0.0000 0.0000  0.0000
attent9 Threshold 2                                  1.1591 0.0769  1.0132
attent9 Threshold 3                                  2.4186 0.1033  2.2241
attent9 Threshold 4                                  3.4550 0.1234  3.2185
attent9 residual SD                                  1.0000 0.0000  1.0000
attent9 ~ attention (standardized)                   0.7907 0.0558  0.6829
attent9 ~ age (standardized)                        -0.0231 0.0251 -0.0718
attent9 ~ study (standardized)                       0.0538 0.0371 -0.0187
attent9 ~ male (standardized)                       -0.0247 0.0253 -0.0747
attent9 ~ adhd (standardized)                        0.0587 0.0312 -0.0015
attent9 ~ study*attention (standardized)             0.1139 0.0593 -0.0057
attent9 R2: Coefficients                             0.7443 0.0181  0.7072
attent9 R2: Residual Variation                       0.2557 0.0181  0.2219
Cov( attent2, attent8 )                              0.2354 0.0439  0.1471
Cor( attent2, attent8 )                              0.2354 0.0439  0.1471
Cov( attent7, attent9 )                              0.2749 0.0448  0.1839
Cor( attent7, attent9 )                              0.2749 0.0448  0.1839
alphaeeg Grand Mean                                 -1.0354 0.0836 -1.1993
alphaeeg ~ study                                    -0.3931 0.0917 -0.5696
alphaeeg ~ age                                      -0.2442 0.0291 -0.3008
alphaeeg ~ male                                      0.1185 0.1006 -0.0807
alphaeeg ~ adhd                                      0.2620 0.1009  0.0627
alphaeeg level-1 residual variance                   3.3026 0.2045  2.9307
study Grand Mean                                     0.1429 0.0435  0.0576
study ~ alphaeeg                                    -0.1193 0.0289 -0.1757
study ~ age                                         -0.0237 0.0167 -0.0566
study ~ male                                        -0.2157 0.0531 -0.3200
study ~ adhd                                         0.1807 0.0574  0.0687
study level-1 residual variance                      1.0000 0.0000  1.0000
study Threshold 1                                    0.0000 0.0000  0.0000
age Grand Mean                                      10.1561 0.0984  9.9648
age ~ alphaeeg                                      -0.5443 0.0610 -0.6604
age ~ study                                         -0.1738 0.1222 -0.4113
age ~ male                                          -0.1537 0.1250 -0.3991
age ~ adhd                                          -0.0114 0.1360 -0.2760
age level-1 residual variance                        7.3537 0.3894  6.6388
male Grand Mean                                      0.3828 0.0463  0.2932
male ~ alphaeeg                                      0.0357 0.0307 -0.0246
male ~ study                                        -0.2159 0.0530 -0.3199
male ~ age                                          -0.0211 0.0170 -0.0544
male ~ adhd                                          0.2350 0.0576  0.1219
male level-1 residual variance                       1.0000 0.0000  1.0000
male Threshold 1                                     0.0000 0.0000  0.0000
adhd Grand Mean                                      0.7826 0.0509  0.6842
adhd ~ alphaeeg                                      0.0797 0.0314  0.0185
adhd ~ study                                         0.1803 0.0576  0.0684
adhd ~ age                                          -0.0014 0.0186 -0.0375
adhd ~ male                                          0.2350 0.0583  0.1205
adhd level-1 residual variance                       1.0000 0.0000  1.0000
adhd Threshold 1                                     0.0000 0.0000  0.0000
                                                     97.5%        ChiSq PValue
attention Variance Q25%                             1.1866 3.147981e+01 0.0000
attention Variance Q50%                             3.2603 1.985132e+01 0.0000
attention Variance Mean                             2.7871 3.155906e+01 0.0000
attention Variance Q75%                             4.1088 2.180355e+01 0.0000
attention ~ alphaeeg                                0.0630 1.186327e-01 0.7305
attention ~ age                                     0.0153 1.432324e+00 0.2314
attention ~ study                                   0.4314 2.834039e+00 0.0923
attention ~ male                                    0.0875 1.400315e+00 0.2367
attention ~ adhd                                   -1.4149 8.000426e+01 0.0000
attention ~ alphaeeg^2                              0.0316 5.125225e+00 0.0236
attention ~ age^2                                   0.0187 2.069626e+00 0.1503
attention ~ alphaeeg (standardized)                 0.0787 1.189330e-01 0.7302
attention ~ age (standardized)                      0.0278 1.459104e+00 0.2271
attention ~ study (standardized)                    0.1262 3.029627e+00 0.0818
attention ~ male (standardized)                     0.0257 1.412156e+00 0.2347
attention ~ adhd (standardized)                    -0.4090 2.737857e+02 0.0000
attention ~ alphaeeg^2 (standardized)               0.1295 5.289203e+00 0.0215
attention ~ age^2 (standardized)                    0.1294 2.104627e+00 0.1469
attention R2: Coefficients                          0.2948 8.090128e+01 0.0000
attention R2: Residual Variation                    0.8103 8.013889e+02 0.0000
var(attention) ~ alphaeeg                           0.1169 1.875789e-01 0.6649
var(attention) ~ age                                0.0600 2.214533e-01 0.6379
var(attention) ~ study                              1.4047 7.631975e+01 0.0000
var(attention) ~ male                              -0.0946 7.261286e+00 0.0070
var(attention) ~ adhd                               0.4236 5.790238e-01 0.4467
var(attention) Exponentiated Coefficients alphaeeg  1.1240 4.286908e+02 0.0000
var(attention) Exponentiated Coefficients age       1.0619 1.656784e+03 0.0000
var(attention) Exponentiated Coefficients study     4.0742 5.763818e+01 0.0000
var(attention) Exponentiated Coefficients male      0.9098 5.453386e+01 0.0000
var(attention) Exponentiated Coefficients adhd      1.5274 4.050398e+01 0.0000
attent1 residual variance                           1.0000          Inf 0.0000
attent1 ~ Intercept                                 3.3128 3.248758e+02 0.0000
attent1 ~ attention                                 0.9475 9.298664e+01 0.0000
attent1 ~ age                                       0.0282 6.531120e-04 0.9796
attent1 ~ study                                    -0.2626 2.500549e+01 0.0000
attent1 ~ male                                      0.0915 9.307722e-01 0.3347
attent1 ~ adhd                                     -0.0329 5.042330e+00 0.0247
attent1 Threshold 1                                 0.0000          NaN    NaN
attent1 Threshold 2                                 1.5403 3.306518e+02 0.0000
attent1 Threshold 3                                 2.7994 6.555201e+02 0.0000
attent1 Threshold 4                                 3.8671 8.457708e+02 0.0000
attent1 residual SD                                 1.0000          Inf 0.0000
attent1 ~ attention (standardized)                  0.7981 1.101272e+03 0.0000
attent1 ~ age (standardized)                        0.0497 6.580398e-04 0.9795
attent1 ~ study (standardized)                     -0.0789 2.593507e+01 0.0000
attent1 ~ male (standardized)                       0.0262 9.313736e-01 0.3345
attent1 ~ adhd (standardized)                      -0.0083 5.030654e+00 0.0249
attent1 R2: Coefficients                            0.6793 9.839738e+02 0.0000
attent1 R2: Residual Variation                      0.4011 3.102888e+02 0.0000
attent2 residual variance                           1.0000          Inf 0.0000
attent2 ~ Intercept                                 3.5392 3.038905e+02 0.0000
attent2 ~ attention                                 1.0551 7.178281e+01 0.0000
attent2 ~ age                                       0.0942 1.472624e+01 0.0001
attent2 ~ study                                    -0.1977 1.167296e+01 0.0006
attent2 ~ male                                      0.2649 4.999412e-01 0.4795
attent2 ~ adhd                                      0.2221 1.302029e-01 0.7182
attent2 ~ study*attention                           0.3421 6.176571e+00 0.0129
attent2 Threshold 1                                 0.0000          NaN    NaN
attent2 Threshold 2                                 1.5558 3.015767e+02 0.0000
attent2 Threshold 3                                 2.8891 6.311101e+02 0.0000
attent2 Threshold 4                                 4.1011 8.185540e+02 0.0000
attent2 residual SD                                 1.0000          Inf 0.0000
attent2 ~ attention (standardized)                  0.8167 1.795700e+02 0.0000
attent2 ~ age (standardized)                        0.1422 1.501127e+01 0.0001
attent2 ~ study (standardized)                     -0.0509 1.174691e+01 0.0006
attent2 ~ male (standardized)                       0.0655 4.993605e-01 0.4798
attent2 ~ adhd (standardized)                       0.0481 1.318529e-01 0.7165
attent2 ~ study*attention (standardized)            0.2545 7.001333e+00 0.0081
attent2 R2: Coefficients                            0.7643 1.844544e+03 0.0000
attent2 R2: Residual Variation                      0.3023 2.468567e+02 0.0000
attent3 residual variance                           1.0000          Inf 0.0000
attent3 ~ Intercept                                 3.0743 2.900666e+02 0.0000
attent3 ~ attention                                 0.8400 6.080119e+01 0.0000
attent3 ~ age                                       0.1067 2.291413e+01 0.0000
attent3 ~ study                                     0.6361 6.162823e+00 0.0130
attent3 ~ male                                      0.1363 2.874071e-01 0.5919
attent3 ~ adhd                                      0.3630 5.349950e-01 0.4645
attent3 ~ study*attention                           0.4652 1.483375e+01 0.0001
attent3 Threshold 1                                 0.0000          NaN    NaN
attent3 Threshold 2                                 1.4190 2.805542e+02 0.0000
attent3 Threshold 3                                 2.4844 5.963109e+02 0.0000
attent3 Threshold 4                                 3.4688 8.450541e+02 0.0000
attent3 residual SD                                 1.0000          Inf 0.0000
attent3 ~ attention (standardized)                  0.7123 1.189619e+02 0.0000
attent3 ~ age (standardized)                        0.1741 2.373046e+01 0.0000
attent3 ~ study (standardized)                      0.1746 6.356809e+00 0.0117
attent3 ~ male (standardized)                       0.0366 2.871609e-01 0.5920
attent3 ~ adhd (standardized)                       0.0852 5.335615e-01 0.4651
attent3 ~ study*attention (standardized)            0.3672 2.006001e+01 0.0000
attent3 R2: Coefficients                            0.7254 1.085892e+03 0.0000
attent3 R2: Residual Variation                      0.3565 2.276973e+02 0.0000
attent4 residual variance                           1.0000          Inf 0.0000
attent4 ~ Intercept                                 3.5125 2.202150e+02 0.0000
attent4 ~ attention                                 1.4700 9.416371e+01 0.0000
attent4 Threshold 1                                 0.0000          NaN    NaN
attent4 Threshold 2                                 1.6976 2.962103e+02 0.0000
attent4 Threshold 3                                 3.0743 5.105865e+02 0.0000
attent4 Threshold 4                                 4.1056 6.196403e+02 0.0000
attent4 residual SD                                 1.0000          Inf 0.0000
attent4 ~ attention (standardized)                  0.9069 1.062536e+04 0.0000
attent4 R2: Coefficients                            0.8224 2.662375e+03 0.0000
attent4 R2: Residual Variation                      0.2379 1.802155e+02 0.0000
attent5 residual variance                           1.0000          Inf 0.0000
attent5 ~ Intercept                                 3.5742 2.248215e+02 0.0000
attent5 ~ attention                                 1.4927 9.504553e+01 0.0000
attent5 ~ age                                       0.0198 7.195425e-01 0.3963
attent5 ~ study                                     0.1361 3.628719e-01 0.5469
attent5 ~ male                                      0.1065 9.833102e-01 0.3214
attent5 ~ adhd                                      0.4233 8.280841e-01 0.3628
attent5 Threshold 1                                 0.0000          NaN    NaN
attent5 Threshold 2                                 1.6921 2.871200e+02 0.0000
attent5 Threshold 3                                 3.0593 5.107578e+02 0.0000
attent5 Threshold 4                                 4.1893 6.234432e+02 0.0000
attent5 residual SD                                 1.0000          Inf 0.0000
attent5 ~ attention (standardized)                  0.9345 2.625661e+03 0.0000
attent5 ~ age (standardized)                        0.0263 7.196439e-01 0.3963
attent5 ~ study (standardized)                      0.0307 3.633192e-01 0.5467
attent5 ~ male (standardized)                       0.0232 9.840252e-01 0.3212
attent5 ~ adhd (standardized)                       0.0800 8.278515e-01 0.3629
attent5 R2: Coefficients                            0.8234 2.586764e+03 0.0000
attent5 R2: Residual Variation                      0.2378 1.741492e+02 0.0000
attent6 residual variance                           1.0000          Inf 0.0000
attent6 ~ Intercept                                 3.2624 3.219996e+02 0.0000
attent6 ~ attention                                 1.1295 9.216955e+01 0.0000
attent6 Threshold 1                                 0.0000          NaN    NaN
attent6 Threshold 2                                 1.4798 2.869977e+02 0.0000
attent6 Threshold 3                                 2.5062 5.437752e+02 0.0000
attent6 Threshold 4                                 3.4567 7.245228e+02 0.0000
attent6 residual SD                                 1.0000          Inf 0.0000
attent6 ~ attention (standardized)                  0.8552 4.678357e+03 0.0000
attent6 R2: Coefficients                            0.7314 1.173664e+03 0.0000
attent6 R2: Residual Variation                      0.3481 2.298920e+02 0.0000
attent7 residual variance                           1.0000          Inf 0.0000
attent7 ~ Intercept                                 3.1127 2.117987e+02 0.0000
attent7 ~ attention                                 1.0592 5.902858e+01 0.0000
attent7 ~ age                                       0.0996 3.542340e+00 0.0598
attent7 ~ study                                     0.8231 1.185607e+01 0.0006
attent7 ~ male                                      0.5114 1.969997e+00 0.1604
attent7 ~ adhd                                      0.4585 1.378914e+00 0.2403
attent7 ~ study*attention                           0.2980 2.584260e+00 0.1079
attent7 ~ age*attention                             0.0656 7.836696e+00 0.0051
attent7 ~ male*attention                            0.3712 7.394489e+00 0.0065
attent7 Threshold 1                                 0.0000          NaN    NaN
attent7 Threshold 2                                 1.4975 2.909821e+02 0.0000
attent7 Threshold 3                                 2.5821 5.692220e+02 0.0000
attent7 Threshold 4                                 3.6274 8.215789e+02 0.0000
attent7 residual SD                                 1.0000          Inf 0.0000
attent7 ~ attention (standardized)                  0.8130 1.014145e+02 0.0000
attent7 ~ age (standardized)                        0.1447 3.626638e+00 0.0569
attent7 ~ study (standardized)                      0.2024 1.249849e+01 0.0004
attent7 ~ male (standardized)                       0.1230 1.976235e+00 0.1598
attent7 ~ adhd (standardized)                       0.0959 1.383582e+00 0.2395
attent7 ~ study*attention (standardized)            0.2136 2.786253e+00 0.0951
attent7 ~ age*attention (standardized)              0.1858 8.893543e+00 0.0029
attent7 ~ male*attention (standardized)             0.2378 8.303749e+00 0.0040
attent7 R2: Coefficients                            0.7819 1.649205e+03 0.0000
attent7 R2: Residual Variation                      0.2900 1.891910e+02 0.0000
attent8 residual variance                           1.0000          Inf 0.0000
attent8 ~ Intercept                                 2.9399 2.470808e+02 0.0000
attent8 ~ attention                                 0.9400 6.460253e+01 0.0000
attent8 ~ age                                       0.0879 1.292388e+01 0.0003
attent8 ~ study                                     0.0067 3.769393e+00 0.0522
attent8 ~ male                                      0.1650 7.113349e-02 0.7897
attent8 ~ adhd                                      0.1643 5.629415e-01 0.4531
attent8 ~ study*attention                           0.3836 8.557604e+00 0.0034
attent8 Threshold 1                                 0.0000          NaN    NaN
attent8 Threshold 2                                 1.3373 2.916042e+02 0.0000
attent8 Threshold 3                                 2.3410 5.703879e+02 0.0000
attent8 Threshold 4                                 3.5339 7.950398e+02 0.0000
attent8 residual SD                                 1.0000          Inf 0.0000
attent8 ~ attention (standardized)                  0.7679 1.373415e+02 0.0000
attent8 ~ age (standardized)                        0.1392 1.312735e+01 0.0003
attent8 ~ study (standardized)                      0.0018 3.768390e+00 0.0522
attent8 ~ male (standardized)                       0.0428 7.147636e-02 0.7892
attent8 ~ adhd (standardized)                       0.0373 5.648655e-01 0.4523
attent8 ~ study*attention (standardized)            0.2972 1.021611e+01 0.0014
attent8 R2: Coefficients                            0.7395 1.457580e+03 0.0000
attent8 R2: Residual Variation                      0.3330 2.559422e+02 0.0000
attent9 residual variance                           1.0000          Inf 0.0000
attent9 ~ Intercept                                 3.3758 2.544843e+02 0.0000
attent9 ~ attention                                 1.1937 7.645451e+01 0.0000
attent9 ~ age                                       0.0179 8.393575e-01 0.3596
attent9 ~ study                                     0.5113 2.080865e+00 0.1492
attent9 ~ male                                      0.1017 9.652997e-01 0.3259
attent9 ~ adhd                                      0.5753 3.526527e+00 0.0604
attent9 ~ study*attention                           0.3126 3.336695e+00 0.0678
attent9 Threshold 1                                 0.0000          NaN    NaN
attent9 Threshold 2                                 1.3148 2.279859e+02 0.0000
attent9 Threshold 3                                 2.6242 5.494502e+02 0.0000
attent9 Threshold 4                                 3.6964 7.842582e+02 0.0000
attent9 residual SD                                 1.0000          Inf 0.0000
attent9 ~ attention (standardized)                  0.9020 2.007252e+02 0.0000
attent9 ~ age (standardized)                        0.0265 8.404147e-01 0.3593
attent9 ~ study (standardized)                      0.1270 2.104090e+00 0.1469
attent9 ~ male (standardized)                       0.0246 9.651674e-01 0.3259
attent9 ~ adhd (standardized)                       0.1212 3.575657e+00 0.0586
attent9 ~ study*attention (standardized)            0.2273 3.638736e+00 0.0564
attent9 R2: Coefficients                            0.7781 1.681324e+03 0.0000
attent9 R2: Residual Variation                      0.2928 1.995453e+02 0.0000
Cov( attent2, attent8 )                             0.3188 2.863077e+01 0.0000
Cor( attent2, attent8 )                             0.3188 2.863077e+01 0.0000
Cov( attent7, attent9 )                             0.3599 3.743826e+01 0.0000
Cor( attent7, attent9 )                             0.3599 3.743826e+01 0.0000
alphaeeg Grand Mean                                -0.8727 1.535585e+02 0.0000
alphaeeg ~ study                                   -0.2102 1.829334e+01 0.0000
alphaeeg ~ age                                     -0.1867 7.054002e+01 0.0000
alphaeeg ~ male                                     0.3136 1.375326e+00 0.2409
alphaeeg ~ adhd                                     0.4575 6.711089e+00 0.0096
alphaeeg level-1 residual variance                  3.7328 2.621137e+02 0.0000
study Grand Mean                                    0.2280 1.078708e+01 0.0010
study ~ alphaeeg                                   -0.0626 1.706845e+01 0.0000
study ~ age                                         0.0088 2.006120e+00 0.1567
study ~ male                                       -0.1111 1.649911e+01 0.0000
study ~ adhd                                        0.2929 9.886519e+00 0.0017
study level-1 residual variance                     1.0000          Inf 0.0000
study Threshold 1                                   0.0000          NaN    NaN
age Grand Mean                                     10.3513 1.066405e+04 0.0000
age ~ alphaeeg                                     -0.4222 7.943094e+01 0.0000
age ~ study                                         0.0670 2.014457e+00 0.1558
age ~ male                                          0.0898 1.526891e+00 0.2166
age ~ adhd                                          0.2556 6.566540e-03 0.9354
age level-1 residual variance                       8.1638 3.577518e+02 0.0000
male Grand Mean                                     0.4744 6.840716e+01 0.0000
male ~ alphaeeg                                     0.0959 1.357190e+00 0.2440
male ~ study                                       -0.1116 1.659936e+01 0.0000
male ~ age                                          0.0121 1.534173e+00 0.2155
male ~ adhd                                         0.3470 1.662139e+01 0.0000
male level-1 residual variance                      1.0000          Inf 0.0000
male Threshold 1                                    0.0000          NaN    NaN
adhd Grand Mean                                     0.8838 2.370273e+02 0.0000
adhd ~ alphaeeg                                     0.1417 6.443508e+00 0.0111
adhd ~ study                                        0.2940 9.822024e+00 0.0017
adhd ~ age                                          0.0353 5.740904e-03 0.9396
adhd ~ male                                         0.3488 1.625512e+01 0.0001
adhd level-1 residual variance                      1.0000          Inf 0.0000
adhd Threshold 1                                    0.0000          NaN    NaN
                                                        N_Eff
attention Variance Q25%                              247.6126
attention Variance Q50%                              235.7993
attention Variance Mean                              223.6286
attention Variance Q75%                              235.1028
attention ~ alphaeeg                               18278.8252
attention ~ age                                    16840.5919
attention ~ study                                   2810.6773
attention ~ male                                    1064.4353
attention ~ adhd                                     197.2604
attention ~ alphaeeg^2                              5088.3726
attention ~ age^2                                   7272.2099
attention ~ alphaeeg (standardized)                18523.5027
attention ~ age (standardized)                     17869.2772
attention ~ study (standardized)                    6238.1175
attention ~ male (standardized)                     1281.2890
attention ~ adhd (standardized)                      847.0222
attention ~ alphaeeg^2 (standardized)               4136.3034
attention ~ age^2 (standardized)                    5404.6671
attention R2: Coefficients                           869.5401
attention R2: Residual Variation                     869.5401
var(attention) ~ alphaeeg                           2198.7616
var(attention) ~ age                                3295.5206
var(attention) ~ study                               959.3265
var(attention) ~ male                                624.2502
var(attention) ~ adhd                                375.7942
var(attention) Exponentiated Coefficients alphaeeg  2193.2772
var(attention) Exponentiated Coefficients age       3296.4490
var(attention) Exponentiated Coefficients study      968.0544
var(attention) Exponentiated Coefficients male       626.5295
var(attention) Exponentiated Coefficients adhd       385.9454
attent1 residual variance                                 NaN
attent1 ~ Intercept                                  897.1939
attent1 ~ attention                                  230.4684
attent1 ~ age                                      17035.3004
attent1 ~ study                                    11262.9691
attent1 ~ male                                     13012.6259
attent1 ~ adhd                                     10144.7570
attent1 Threshold 1                                       NaN
attent1 Threshold 2                                 1561.4476
attent1 Threshold 3                                 1062.6241
attent1 Threshold 4                                 1033.4358
attent1 residual SD                                       NaN
attent1 ~ attention (standardized)                  3820.4213
attent1 ~ age (standardized)                       17020.2668
attent1 ~ study (standardized)                     15362.3688
attent1 ~ male (standardized)                      12758.2925
attent1 ~ adhd (standardized)                      10227.2544
attent1 R2: Coefficients                            1713.8654
attent1 R2: Residual Variation                      1713.8654
attent2 residual variance                                 NaN
attent2 ~ Intercept                                 1123.3286
attent2 ~ attention                                  351.0759
attent2 ~ age                                      11531.5441
attent2 ~ study                                     4134.4447
attent2 ~ male                                     10171.6533
attent2 ~ adhd                                      6575.6416
attent2 ~ study*attention                           2020.0194
attent2 Threshold 1                                       NaN
attent2 Threshold 2                                 1555.4493
attent2 Threshold 3                                 1155.4961
attent2 Threshold 4                                 1098.5213
attent2 residual SD                                       NaN
attent2 ~ attention (standardized)                  8650.9776
attent2 ~ age (standardized)                       12799.3018
attent2 ~ study (standardized)                      4207.7844
attent2 ~ male (standardized)                      10377.4890
attent2 ~ adhd (standardized)                       6574.1296
attent2 ~ study*attention (standardized)            9885.3791
attent2 R2: Coefficients                            1606.4188
attent2 R2: Residual Variation                      1606.4188
attent3 residual variance                                 NaN
attent3 ~ Intercept                                 1312.8328
attent3 ~ attention                                  418.1911
attent3 ~ age                                      11263.8334
attent3 ~ study                                     2957.9013
attent3 ~ male                                     13630.4153
attent3 ~ adhd                                      7491.3023
attent3 ~ study*attention                            908.5285
attent3 Threshold 1                                       NaN
attent3 Threshold 2                                 1380.5221
attent3 Threshold 3                                 1042.4906
attent3 Threshold 4                                  956.3110
attent3 residual SD                                       NaN
attent3 ~ attention (standardized)                  8998.8810
attent3 ~ age (standardized)                       13538.2329
attent3 ~ study (standardized)                      2865.9653
attent3 ~ male (standardized)                      13710.8489
attent3 ~ adhd (standardized)                       7505.0085
attent3 ~ study*attention (standardized)            9804.2704
attent3 R2: Coefficients                            1916.1239
attent3 R2: Residual Variation                      1916.1239
attent4 residual variance                                 NaN
attent4 ~ Intercept                                  488.6925
attent4 ~ attention                                  228.9446
attent4 Threshold 1                                       NaN
attent4 Threshold 2                                 1275.8052
attent4 Threshold 3                                  874.8754
attent4 Threshold 4                                  825.2939
attent4 residual SD                                       NaN
attent4 ~ attention (standardized)                   997.9811
attent4 R2: Coefficients                             996.7017
attent4 R2: Residual Variation                       996.7017
attent5 residual variance                                 NaN
attent5 ~ Intercept                                  685.6521
attent5 ~ attention                                  238.1655
attent5 ~ age                                      11615.0555
attent5 ~ study                                    10778.1360
attent5 ~ male                                      8332.8636
attent5 ~ adhd                                      4257.8377
attent5 Threshold 1                                       NaN
attent5 Threshold 2                                 1260.8188
attent5 Threshold 3                                  861.7787
attent5 Threshold 4                                  819.5259
attent5 residual SD                                       NaN
attent5 ~ attention (standardized)                  2107.0897
attent5 ~ age (standardized)                       11760.8140
attent5 ~ study (standardized)                     10949.6290
attent5 ~ male (standardized)                       8410.9909
attent5 ~ adhd (standardized)                       4296.9270
attent5 R2: Coefficients                            1095.6189
attent5 R2: Residual Variation                      1095.6189
attent6 residual variance                                 NaN
attent6 ~ Intercept                                  564.1648
attent6 ~ attention                                  206.0798
attent6 Threshold 1                                       NaN
attent6 Threshold 2                                 1309.8874
attent6 Threshold 3                                 1019.2255
attent6 Threshold 4                                  963.8673
attent6 residual SD                                       NaN
attent6 ~ attention (standardized)                  1548.2517
attent6 R2: Coefficients                            1547.1033
attent6 R2: Residual Variation                      1547.1033
attent7 residual variance                                 NaN
attent7 ~ Intercept                                 1244.3198
attent7 ~ attention                                  437.8476
attent7 ~ age                                       4028.6782
attent7 ~ study                                     4472.6591
attent7 ~ male                                      4240.3900
attent7 ~ adhd                                      5090.5329
attent7 ~ study*attention                           2292.7101
attent7 ~ age*attention                             1764.7537
attent7 ~ male*attention                            1983.9118
attent7 Threshold 1                                       NaN
attent7 Threshold 2                                 1371.7219
attent7 Threshold 3                                 1040.3323
attent7 Threshold 4                                  981.6359
attent7 residual SD                                       NaN
attent7 ~ attention (standardized)                  6908.6546
attent7 ~ age (standardized)                        4314.5479
attent7 ~ study (standardized)                      4941.5755
attent7 ~ male (standardized)                       4219.3733
attent7 ~ adhd (standardized)                       5301.8153
attent7 ~ study*attention (standardized)            5839.0538
attent7 ~ age*attention (standardized)              4929.0296
attent7 ~ male*attention (standardized)             6984.0473
attent7 R2: Coefficients                            1155.0621
attent7 R2: Residual Variation                      1155.0621
attent8 residual variance                                 NaN
attent8 ~ Intercept                                 1516.2683
attent8 ~ attention                                  419.6940
attent8 ~ age                                      13064.2290
attent8 ~ study                                     3829.7140
attent8 ~ male                                     10657.6120
attent8 ~ adhd                                      6447.3443
attent8 ~ study*attention                           1396.5958
attent8 Threshold 1                                       NaN
attent8 Threshold 2                                 1889.0392
attent8 Threshold 3                                 1518.6804
attent8 Threshold 4                                 1411.5171
attent8 residual SD                                       NaN
attent8 ~ attention (standardized)                  8774.9352
attent8 ~ age (standardized)                       14142.7620
attent8 ~ study (standardized)                      3889.2883
attent8 ~ male (standardized)                      10729.6750
attent8 ~ adhd (standardized)                       6506.3332
attent8 ~ study*attention (standardized)            9805.6279
attent8 R2: Coefficients                            2140.7383
attent8 R2: Residual Variation                      2140.7383
attent9 residual variance                                 NaN
attent9 ~ Intercept                                 1233.5271
attent9 ~ attention                                  340.4569
attent9 ~ age                                      11157.3703
attent9 ~ study                                     4096.1064
attent9 ~ male                                      8214.4404
attent9 ~ adhd                                      4092.8283
attent9 ~ study*attention                           2591.8997
attent9 Threshold 1                                       NaN
attent9 Threshold 2                                 1580.4834
attent9 Threshold 3                                 1130.4831
attent9 Threshold 4                                 1044.1531
attent9 residual SD                                       NaN
attent9 ~ attention (standardized)                  6139.3711
attent9 ~ age (standardized)                       11358.8960
attent9 ~ study (standardized)                      4155.1687
attent9 ~ male (standardized)                       8268.1047
attent9 ~ adhd (standardized)                       4292.7795
attent9 ~ study*attention (standardized)            6816.8758
attent9 R2: Coefficients                            1328.9795
attent9 R2: Residual Variation                      1328.9795
Cov( attent2, attent8 )                            14839.8236
Cor( attent2, attent8 )                            14839.8236
Cov( attent7, attent9 )                            10221.1658
Cor( attent7, attent9 )                            10221.1658
alphaeeg Grand Mean                                 6991.9045
alphaeeg ~ study                                   14348.5195
alphaeeg ~ age                                     16104.2087
alphaeeg ~ male                                    13791.1310
alphaeeg ~ adhd                                    15238.1170
alphaeeg level-1 residual variance                 20665.5985
study Grand Mean                                   39224.9285
study ~ alphaeeg                                   12345.7992
study ~ age                                        26275.9952
study ~ male                                       19455.7509
study ~ adhd                                       15774.0692
study level-1 residual variance                           NaN
study Threshold 1                                         NaN
age Grand Mean                                     13079.4600
age ~ alphaeeg                                     20952.4991
age ~ study                                        34723.6367
age ~ male                                         34146.7849
age ~ adhd                                         27368.6966
age level-1 residual variance                      33805.5820
male Grand Mean                                    27932.6189
male ~ alphaeeg                                    13183.3709
male ~ study                                       17521.7210
male ~ age                                         25116.6057
male ~ adhd                                        16237.3077
male level-1 residual variance                            NaN
male Threshold 1                                          NaN
adhd Grand Mean                                    19576.7625
adhd ~ alphaeeg                                    12878.6334
adhd ~ study                                       13594.9937
adhd ~ age                                         21168.2126
adhd ~ male                                        14244.0665
adhd level-1 residual variance                            NaN
adhd Threshold 1                                          NaN

ITERATION HISTORY:

  Chain 1 burn-in started on Aug 15 18:56:40 2026
  Chain 4 burn-in started on Aug 15 18:56:40 2026
  Chain 2 burn-in started on Aug 15 18:56:40 2026
  Chain 3 burn-in started on Aug 15 18:56:40 2026
  Chain 2 burn-in iteration 25000 completed on Aug 15 18:57:54 2026
  Chain 4 burn-in iteration 25000 completed on Aug 15 18:57:54 2026
  Chain 1 burn-in iteration 25000 completed on Aug 15 18:57:54 2026
  Chain 3 burn-in iteration 25000 completed on Aug 15 18:57:54 2026
  Chain 2 burn-in iteration 50000 completed on Aug 15 18:59:07 2026
  Chain 4 burn-in iteration 50000 completed on Aug 15 18:59:07 2026
  Chain 1 burn-in iteration 50000 completed on Aug 15 18:59:07 2026
  Chain 3 burn-in iteration 50000 completed on Aug 15 18:59:07 2026
  Chain 2 burn-in iteration 75000 completed on Aug 15 19:00:19 2026
  Chain 1 burn-in iteration 75000 completed on Aug 15 19:00:20 2026
  Chain 3 burn-in iteration 75000 completed on Aug 15 19:00:20 2026
  Chain 4 burn-in iteration 75000 completed on Aug 15 19:00:20 2026
  Chain 2 burn-in iteration 100000 completed on Aug 15 19:01:32 2026
  Chain 2 completed burn-in on Aug 15 19:01:32 2026
  Chain 3 burn-in iteration 100000 completed on Aug 15 19:01:33 2026
  Chain 3 completed burn-in on Aug 15 19:01:33 2026
  Chain 1 burn-in iteration 100000 completed on Aug 15 19:01:33 2026
  Chain 1 completed burn-in on Aug 15 19:01:33 2026
  Chain 4 burn-in iteration 100000 completed on Aug 15 19:01:33 2026
  Chain 4 completed burn-in on Aug 15 19:01:33 2026
  Chain 3 completed iteration 6250 on Aug 15 19:02:08 2026
  Chain 2 completed iteration 6250 on Aug 15 19:02:08 2026
  Chain 4 completed iteration 6250 on Aug 15 19:02:08 2026
  Chain 1 completed iteration 6250 on Aug 15 19:02:08 2026
  Chain 3 completed iteration 12500 on Aug 15 19:02:42 2026
  Chain 4 completed iteration 12500 on Aug 15 19:02:43 2026
  Chain 1 completed iteration 12500 on Aug 15 19:02:43 2026
  Chain 2 completed iteration 12500 on Aug 15 19:02:43 2026
  Chain 3 completed iteration 18750 on Aug 15 19:03:17 2026
  Chain 4 completed iteration 18750 on Aug 15 19:03:18 2026
  Chain 1 completed iteration 18750 on Aug 15 19:03:19 2026
  Chain 2 completed iteration 18750 on Aug 15 19:03:19 2026
  Chain 3 completed iteration 25000 on Aug 15 19:03:52 2026
  Chain 3 finished on Aug 15 19:03:52 2026
  Chain 4 completed iteration 25000 on Aug 15 19:03:53 2026
  Chain 4 finished on Aug 15 19:03:53 2026
  Chain 1 completed iteration 25000 on Aug 15 19:03:54 2026
  Chain 1 finished on Aug 15 19:03:54 2026
  Chain 2 completed iteration 25000 on Aug 15 19:03:54 2026
  Chain 2 finished on Aug 15 19:03:54 2026


---------------------------------------------------------------------------

                                   Blimp
                                 4.1.0.b11

             Blimp was developed with funding from Institute of
           Education Sciences awards R305D150056 and R305D190002.

            Craig K. Enders, P.I. Email: cenders@psych.ucla.edu
           Brian T. Keller, Co-P.I. Email: btkeller@missouri.edu
                 Han Du, Co-P.I. Email: hdu@psych.ucla.edu
                 Roy Levy, Co-P.I. Email: roy.levy@asu.edu

              Programming and Blimp Studio by Brian T. Keller

                   There is no expressed license given.

---------------------------------------------------------------------------


ALGORITHMIC OPTIONS SPECIFIED:

  Imputation method:                 Fully Bayesian model-based
  MCMC algorithm:                    Full conditional Metropolis sampler with
                                       Auto-Derived Conditional Distributions
  Default Priors:
    Multilevel covariance matrices:  Not applicable, single-level imputation
    Outcome covariance matrices:     Zero matrix, df = -(p + 1) (PRIOR2)
    Predictor model variances:       Unit sum of squares, df = 2 (XPRIOR1)
  Chain Starting Values:             Random starting values


  NOTE: The default prior for regression coefficients 
        in categorical models is 'normal( 0.0, 5.0)'

  NOTE: For complete list of priors include 'pinfo' in the options.


BURN-IN POTENTIAL SCALE REDUCTION (PSR) OUTPUT:

  NOTE: Rank-normalized Rhat (Vehtari et al., 2021) is being used.
        This applies rank normalization and chain folding for robust
        convergence detection across all chains.

  Comparing iterations across 4 chains     Highest Rhat   Parameter #  
                         2501 to 5000            1.189           115  
                         5001 to 10000           1.151             3  
                         7501 to 15000           1.042             9  
                        10001 to 20000           1.071             9  
                        12501 to 25000           1.024            93  
                        15001 to 30000           1.031             9  
                        17501 to 35000           1.027            93  
                        20001 to 40000           1.043            93  
                        22501 to 45000           1.042            93  
                        25001 to 50000           1.035            93  
                        27501 to 55000           1.027            93  
                        30001 to 60000           1.029            93  
                        32501 to 65000           1.019            93  
                        35001 to 70000           1.031             9  
                        37501 to 75000           1.037             9  
                        40001 to 80000           1.024             9  
                        42501 to 85000           1.011             9  
                        45001 to 90000           1.007             9  
                        47501 to 95000           1.016             9  
                        50001 to 100000          1.014             9  


METROPOLIS-HASTINGS ACCEPTANCE RATES:

  Chain 1:

    Variable                            Type    Probability   Target Value 
    var(attention)                 parameter          0.519          0.500 
    var(attention)                 parameter          0.507          0.500 
    var(attention)                 parameter          0.497          0.500 
    var(attention)                 parameter          0.498          0.500 
    var(attention)                 parameter          0.532          0.500 
    adhd                          imputation          0.508          0.500 
    age                           imputation          0.505          0.500 
    attent1                        threshold          0.383          0.350 
    attent2                        threshold          0.390          0.350 
    attent3                        threshold          0.380          0.350 
    attent4                        threshold          0.349          0.350 
    attent5                        threshold          0.359          0.350 
    attent6                        threshold          0.390          0.350 
    attent7                        threshold          0.360          0.350 
    attent8                        threshold          0.341          0.350 
    attent9                        threshold          0.356          0.350 
    alphaeeg                      imputation          0.500          0.500 
    alphaeeg                       parameter          0.470          0.500 
    male                          imputation          0.499          0.500 
    age                            parameter          0.443          0.500 

  NOTE: Suppressing printing of 3 chains.
        Use keyword 'tuneinfo' in options to override.


DATA INFORMATION:

  Sample Size:              939
  Missing Data Info:

                      Pattern #:       1     2     3     4     5     6     7     8     9    10
                          miss % --------------------------------------------------------------
                    study =  0.0       -     -     -     -     -     -     -     -     -     -  
                      age =  6.4       -     -     M     M     -     -     -     -     -     -  
                     adhd =  6.6       -     -     M     M     -     -     -     -     -     -  
                  attent1 =  0.6       -     -     -     -     -     -     -     -     -     -  
                  attent2 =  1.0       -     -     -     -     -     -     -     -     -     M  
                  attent3 =  0.3       -     -     -     -     -     -     -     -     -     -  
                  attent4 =  0.5       -     -     -     -     -     -     -     -     -     -  
                  attent5 =  0.5       -     -     -     -     -     -     -     -     -     -  
                  attent6 =  1.6       -     -     -     -     -     M     -     -     -     -  
                  attent7 =  1.2       -     -     -     -     -     -     -     M     -     -  
                  attent8 =  2.1       -     -     -     -     M     -     M     -     -     -  
                  attent9 =  1.2       -     -     -     -     -     -     -     -     M     -  
                 alphaeeg = 38.1       -     M     M     -     -     -     M     -     -     M  
                     male =  6.5       -     -     M     M     -     -     -     -     -     -  
                                 --------------------------------------------------------------
                                 %  55.1  32.7   3.4   2.4   1.1   0.6   0.4   0.3   0.3   0.2

  NOTE: Suppressing printing of 27 missing data patterns.
        These patterns consist of 3.4% of the data.
        Use keyword 'allpatterns' in options to print all patterns.


MODEL INFORMATION:

  NUMBER OF PARAMETERS
    Outcome Models:         82
    Predictor Models:       7

  PREDICTORS
    Incomplete continuous:  alphaeeg
    Incomplete ordinal:     male

  FACTORS
    Level-1:                attention

  CENTERED PREDICTORS
    Grand Mean Centered:    alphaeeg age

  MODELS

   structural:
    [1]  attention ~ alphaeeg age study male adhd alphaeeg^2 age^2
    [2]  var(attention) ~ alphaeeg age study male adhd

   measurement:
    [3]  adhd ~ Intercept
    [4]  age ~ Intercept
    [5]  attent1 ~ Intercept attention@load1 study adhd
    [6]  attent2 ~ Intercept attention age study study*attention
    [7]  attent3 ~ Intercept attention age study study*attention
    [8]  attent4 ~ Intercept attention
    [9]  attent5 ~ Intercept attention
   [10]  attent6 ~ Intercept attention
   [11]  attent7 ~ Intercept attention study age male study*attention age*attention 
                 male*attention
   [12]  attent8 ~ Intercept attention age study study*attention
   [13]  attent9 ~ Intercept attention study study*attention
   [14]  study ~ Intercept
   [15]  attent2 <-> attent8
   [16]  attent7 <-> attent9


 WARNING MESSAGES:

  No warning messages.


MODEL FIT:


  INFORMATION CRITERIA

    Conditional Likelihood
      DIC2                  39430.253
      WAIC                  41967.420


IMPUTED DATA SUMMARIES:

  NOTE: Imputed data summaries are averaged across 100000 data sets.


Variables                              Mean     StdDev        25%        50%        75%        Min        Max 
                                ------------------------------------------------------------------------------

  attention                          -1.178      1.630     -2.320     -1.339     -0.147     -6.160      5.089 
  adhd                                0.771      0.421      1.000      1.000      1.000      0.000      1.000 
  age                                10.135      2.933      7.978      9.788     12.072      2.936     18.601 
  attent1                             2.724      1.233      2.000      3.000      4.000      1.000      5.000 
  attent2                             2.859      1.302      2.000      3.000      4.000      1.000      5.000 
  attent3                             3.168      1.320      2.000      3.000      4.000      1.000      5.000 
  attent4                             2.710      1.371      2.000      2.235      4.000      1.000      5.000 
  attent5                             2.732      1.360      2.000      3.000      4.000      1.000      5.000 
  attent6                             3.039      1.374      2.000      3.000      4.000      1.000      5.000 
  attent7                             3.110      1.380      2.000      3.000      4.000      1.000      5.000 
  attent8                             2.744      1.366      2.000      3.000      4.000      1.000      5.000 
  attent9                             3.130      1.344      2.000      3.000      4.000      1.000      5.000 
  study                               0.554      0.497      0.000      1.000      1.000      0.000      1.000 
  alphaeeg                           -0.978      2.022     -2.179     -0.788      0.358     -8.452      6.946 
  male                                0.645      0.479      0.000      1.000      1.000      0.000      1.000 

                                ------------------------------------------------------------------------------



CORRELATIONS AMONG RESIDUALS:

  Summaries based on 100000 iterations using 4 chains.
  NOTE: Estimate column based on posterior median.


Correlations                       Estimate     StdDev       2.5%      97.5%      ChiSq     PValue      N_Eff 
                                ------------------------------------------------------------------------------

  attention, adhd                    -0.038      0.045     -0.126      0.049      0.739      0.390   7345.038 
  attention, age                      0.032      0.046     -0.058      0.122      0.483      0.487  75900.283 
  attention, attent1                 -0.001      0.046     -0.091      0.090      0.000      0.986  98789.715 
  attention, attent2                 -0.009      0.045     -0.097      0.079      0.039      0.842  86377.395 
  attention, attent3                  0.010      0.045     -0.078      0.099      0.052      0.820  90937.694 
  attention, attent4                 -0.022      0.045     -0.110      0.067      0.228      0.633  90099.326 
  attention, attent5                  0.005      0.045     -0.084      0.093      0.013      0.910  91180.928 
  attention, attent6                  0.017      0.045     -0.071      0.104      0.138      0.710  84974.935 
  attention, attent7                  0.007      0.045     -0.081      0.096      0.028      0.868  82354.648 
  attention, attent8                 -0.017      0.045     -0.105      0.071      0.147      0.701  90167.330 
  attention, attent9                  0.016      0.045     -0.072      0.104      0.131      0.718  79896.249 
  attention, study                    0.008      0.046     -0.082      0.099      0.034      0.853  24968.370 
  adhd, age                          -0.040      0.041     -0.120      0.040      0.962      0.327  90935.069 
  adhd, attent1                      -0.001      0.046     -0.092      0.090      0.000      0.986  97094.036 
  adhd, attent2                      -0.017      0.044     -0.103      0.070      0.141      0.707  71242.579 
  adhd, attent3                       0.005      0.044     -0.081      0.091      0.011      0.915  73989.529 
  adhd, attent4                      -0.040      0.044     -0.126      0.047      0.804      0.370  61630.613 
  adhd, attent5                       0.007      0.044     -0.079      0.094      0.025      0.874  69384.963 
  adhd, attent6                       0.024      0.044     -0.062      0.110      0.304      0.582  74240.043 
  adhd, attent7                       0.013      0.044     -0.074      0.100      0.089      0.765  74189.713 
  adhd, attent8                      -0.024      0.044     -0.110      0.062      0.299      0.584  71733.895 
  adhd, attent9                       0.025      0.044     -0.061      0.111      0.325      0.569  75356.107 
  adhd, study                         0.031      0.043     -0.052      0.115      0.540      0.463  92601.285 
  age, attent1                        0.010      0.038     -0.065      0.085      0.071      0.790  57813.937 
  age, attent2                       -0.000      0.046     -0.090      0.090      0.000      0.998  95263.693 
  age, attent3                       -0.000      0.046     -0.091      0.090      0.000      0.996  1.003e+05 
  age, attent4                        0.026      0.041     -0.053      0.105      0.414      0.520  57634.011 
  age, attent5                       -0.013      0.040     -0.092      0.066      0.108      0.743  54768.377 
  age, attent6                       -0.013      0.039     -0.089      0.064      0.105      0.746  55524.391 
  age, attent7                       -0.005      0.046     -0.094      0.084      0.013      0.911  99066.247 
  age, attent8                       -0.000      0.046     -0.091      0.090      0.000      0.997  95517.364 
  age, attent9                       -0.018      0.040     -0.096      0.060      0.210      0.647  53576.849 
  age, study                          0.012      0.039     -0.065      0.089      0.096      0.757  89987.173 
  attent1, attent2                    0.089      0.040      0.010      0.166      4.889      0.027  32431.449 
  attent1, attent3                   -0.013      0.041     -0.092      0.067      0.102      0.749  41733.907 
  attent1, attent4                   -0.007      0.042     -0.088      0.074      0.028      0.867  35105.340 
  attent1, attent5                    0.014      0.041     -0.067      0.096      0.121      0.728  28808.117 
  attent1, attent6                    0.032      0.041     -0.049      0.111      0.599      0.439  40757.058 
  attent1, attent7                   -0.052      0.041     -0.132      0.028      1.605      0.205  41724.031 
  attent1, attent8                   -0.027      0.041     -0.106      0.053      0.430      0.512  43141.334 
  attent1, attent9                   -0.021      0.041     -0.101      0.059      0.269      0.604  41053.268 
  attent1, study                     -0.001      0.046     -0.092      0.091      0.000      0.988  99953.664 
  attent2, attent3                    0.091      0.041      0.010      0.170      4.947      0.026  29357.228 
  attent2, attent4                   -0.035      0.042     -0.116      0.047      0.689      0.406  30564.400 
  attent2, attent5                   -0.062      0.042     -0.143      0.020      2.167      0.141  26747.820 
  attent2, attent6                    0.024      0.041     -0.057      0.105      0.345      0.557  32803.395 
  attent2, attent7                   -0.089      0.041     -0.169     -0.007      4.640      0.031  35600.266 
  attent2, attent9                   -0.016      0.041     -0.096      0.065      0.147      0.702  29041.714 
  attent2, study                     -0.001      0.046     -0.091      0.090      0.000      0.984  98154.363 
  attent3, attent4                    0.007      0.042     -0.075      0.089      0.029      0.864  34818.273 
  attent3, attent5                   -0.074      0.041     -0.154      0.008      3.165      0.075  32019.327 
  attent3, attent6                   -0.032      0.041     -0.111      0.049      0.589      0.443  36910.599 
  attent3, attent7                   -0.058      0.041     -0.138      0.023      1.949      0.163  39466.931 
  attent3, attent8                    0.042      0.041     -0.038      0.121      1.049      0.306  34935.000 
  attent3, attent9                    0.044      0.041     -0.036      0.123      1.155      0.282  41093.790 
  attent3, study                     -0.000      0.047     -0.091      0.091      0.000      0.993  99085.141 
  attent4, attent5                    0.034      0.043     -0.050      0.118      0.631      0.427  16709.637 
  attent4, attent6                    0.001      0.042     -0.082      0.083      0.000      0.990  29887.836 
  attent4, attent7                    0.038      0.042     -0.046      0.119      0.786      0.375  23313.148 
  attent4, attent8                   -0.049      0.042     -0.130      0.032      1.402      0.236  29989.936 
  attent4, attent9                    0.001      0.042     -0.082      0.082      0.000      0.995  22791.197 
  attent4, study                     -0.019      0.043     -0.104      0.065      0.199      0.656  59321.601 
  attent5, attent6                    0.005      0.042     -0.077      0.087      0.015      0.903  28622.046 
  attent5, attent7                    0.098      0.042      0.015      0.179      5.477      0.019  21174.990 
  attent5, attent8                   -0.058      0.042     -0.139      0.024      1.928      0.165  33522.459 
  attent5, attent9                    0.015      0.042     -0.067      0.098      0.135      0.713  19257.363 
  attent5, study                     -0.007      0.043     -0.092      0.077      0.029      0.866  57804.680 
  attent6, attent7                   -0.010      0.041     -0.091      0.072      0.054      0.816  34382.236 
  attent6, attent8                    0.069      0.041     -0.011      0.149      2.848      0.091  37406.392 
  attent6, attent9                   -0.067      0.041     -0.146      0.014      2.614      0.106  36370.169 
  attent6, study                      0.028      0.042     -0.055      0.111      0.457      0.499  60148.956 
  attent7, attent8                   -0.032      0.042     -0.113      0.049      0.606      0.436  40030.554 
  attent7, study                     -0.001      0.046     -0.091      0.089      0.000      0.989  94798.689 
  attent8, attent9                    0.017      0.041     -0.063      0.097      0.178      0.673  33047.653 
  attent8, study                     -0.001      0.046     -0.092      0.090      0.001      0.981  97078.818 
  attent9, study                     -0.001      0.046     -0.091      0.090      0.000      0.988  95353.907 

                                ------------------------------------------------------------------------------



OUTCOME MODEL ESTIMATES:

  Summaries based on 100000 iterations using 4 chains.
  NOTE: Estimate column based on posterior median.

  structural block:

Latent Variable:   attention  

Grand Mean Centered: age alphaeeg


Parameters                         Estimate     StdDev       2.5%      97.5%      ChiSq     PValue      N_Eff 
                                ------------------------------------------------------------------------------
Variances:                      
  Q25% Residual Var.                  0.850      0.147      0.605      1.176        ---        ---    348.243 
  Q50% Residual Var.                  2.191      0.493      1.377      3.297        ---        ---    333.422 
  Mean Residual Var.                  1.977      0.351      1.400      2.791        ---        ---    299.389 
  Q75% Residual Var.                  2.750      0.596      1.762      4.132        ---        ---    309.084 

Coefficients:                   
  alphaeeg                            0.002      0.027     -0.051      0.056      0.008      0.931  18962.400 
  age                                -0.035      0.019     -0.073      0.001      3.472      0.062  14351.520 
  study                               0.171      0.110     -0.033      0.397      2.510      0.113   3186.054 
  male                               -0.161      0.101     -0.364      0.033      2.602      0.107   1191.375 
  adhd                               -1.723      0.176     -2.089     -1.396     96.364      0.000    282.516 
  alphaeeg^2                          0.017      0.007      0.003      0.032      5.451      0.020   5242.227 
  age^2                               0.009      0.006     -0.002      0.020      2.551      0.110   7217.335 

Standardized Coefficients:      
  alphaeeg                            0.003      0.034     -0.063      0.069      0.007      0.931  19059.113 
  age                                -0.064      0.034     -0.132      0.003      3.573      0.059  21697.721 
  study                               0.053      0.033     -0.010      0.117      2.666      0.103   6922.881 
  male                               -0.048      0.030     -0.109      0.010      2.612      0.106   1744.896 
  adhd                               -0.452      0.026     -0.501     -0.401    313.673      0.000   1269.910 
  alphaeeg^2                          0.072      0.030      0.012      0.130      5.622      0.018   4808.290 
  age^2                               0.062      0.039     -0.014      0.138      2.586      0.108   5785.137 

Proportion Variance Explained   
  by Coefficients                     0.231      0.024      0.185      0.279        ---        ---   1653.395 
  by Residual Variation               0.769      0.024      0.721      0.815        ---        ---   1653.395 

                                ------------------------------------------------------------------------------



Outcome Variable:  var(attention)

Grand Mean Centered: age alphaeeg


Parameters                         Estimate     StdDev       2.5%      97.5%      ChiSq     PValue      N_Eff 
                                ------------------------------------------------------------------------------

Coefficients:                   
  alphaeeg                            0.011      0.045     -0.075      0.099      0.061      0.805   2521.543 
  age                                 0.005      0.022     -0.038      0.048      0.049      0.825   4616.636 
  study                               1.132      0.132      0.871      1.387     73.372      0.000    879.251 
  male                               -0.340      0.134     -0.603     -0.079      6.450      0.011    740.909 
  adhd                                0.121      0.146     -0.163      0.406      0.694      0.405    533.266 

Exponentiated Coefficients:     
  alphaeeg                            1.011      0.045      0.927      1.104        ---        ---   2497.306 
  age                                 1.005      0.022      0.963      1.050        ---        ---   4609.755 
  study                               3.101      0.414      2.390      4.001        ---        ---    891.155 
  male                                0.711      0.097      0.547      0.924        ---        ---    746.500 
  adhd                                1.129      0.167      0.850      1.501        ---        ---    534.957 

                                ------------------------------------------------------------------------------


  measurement block:

Outcome Variable:  adhd       

Parameters                         Estimate     StdDev       2.5%      97.5%      ChiSq     PValue      N_Eff 
                                ------------------------------------------------------------------------------
Variances:                      
  Residual Var.                       1.000      0.000      1.000      1.000        ---        ---        --- 

Coefficients:                   
  Intercept                           0.740      0.047      0.649      0.832    252.671      0.000  28133.650 

Thresholds:                     
  Tau 1                               0.000      0.000      0.000      0.000        ---        ---        --- 

Standard Deviations:            
  Residual SD                         1.000      0.000      1.000      1.000        ---        ---        --- 

Proportion Variance Explained   
  by Coefficients                     0.000      0.000      0.000      0.000        ---        ---        --- 
  by Residual Variation               1.000      0.000      1.000      1.000        ---        ---        --- 

                                ------------------------------------------------------------------------------



Outcome Variable:  age        

Parameters                         Estimate     StdDev       2.5%      97.5%      ChiSq     PValue      N_Eff 
                                ------------------------------------------------------------------------------
Variances:                      
  Residual Var.                       8.627      0.418      7.862      9.498        ---        ---  67391.310 

Coefficients:                   
  Intercept                          10.135      0.100      9.939     10.329  10372.701      0.000  66246.583 

Standard Deviations:            
  Residual SD                         2.937      0.071      2.804      3.082        ---        ---  67467.898 

Proportion Variance Explained   
  by Coefficients                     0.000      0.000      0.000      0.000        ---        ---        --- 
  by Residual Variation               1.000      0.000      1.000      1.000        ---        ---        --- 

                                ------------------------------------------------------------------------------



Outcome Variable:  attent1    

Parameters                         Estimate     StdDev       2.5%      97.5%      ChiSq     PValue      N_Eff 
                                ------------------------------------------------------------------------------
Variances:                      
  Residual Var.                       1.000      0.000      1.000      1.000        ---        ---        --- 

Coefficients:                   
  Intercept                           2.941      0.156      2.644      3.255    354.072      0.000   1079.082 
  attention                           0.773      0.079      0.635      0.948     97.051      0.000    328.262 
  study                              -0.407      0.081     -0.566     -0.250     25.335      0.000  15796.201 
  adhd                               -0.327      0.112     -0.546     -0.106      8.488      0.004  22019.194 

Thresholds:                     
  Tau 1                               0.000      0.000      0.000      0.000        ---        ---        --- 
  Tau 2                               1.391      0.075      1.250      1.542        ---        ---   1785.152 
  Tau 3                               2.599      0.099      2.408      2.801        ---        ---   1274.109 
  Tau 4                               3.625      0.123      3.388      3.874        ---        ---   1217.257 

Standard Deviations:            
  Residual SD                         1.000      0.000      1.000      1.000        ---        ---        --- 

Standardized Coefficients:      
  attention                           0.753      0.021      0.709      0.793   1236.011      0.000   4435.612 
  study                              -0.121      0.024     -0.168     -0.075     26.282      0.000  21456.325 
  adhd                               -0.082      0.028     -0.138     -0.027      8.460      0.004  21279.184 

Proportion Variance Explained   
  by Coefficients                     0.641      0.020      0.599      0.679        ---        ---   2090.331 
  by Residual Variation               0.359      0.020      0.321      0.401        ---        ---   2090.331 

                                ------------------------------------------------------------------------------



Outcome Variable:  attent2    

Grand Mean Centered: age


Parameters                         Estimate     StdDev       2.5%      97.5%      ChiSq     PValue      N_Eff 
                                ------------------------------------------------------------------------------
Variances:                      
  Residual Var.                       1.000      0.000      1.000      1.000        ---        ---        --- 

Coefficients:                   
  Intercept                           3.175      0.173      2.856      3.529    339.541      0.000    703.142 
  attention                           0.858      0.095      0.695      1.064     83.477      0.000    397.532 
  age                                 0.068      0.015      0.039      0.097     21.256      0.000  18346.639 
  study                              -0.494      0.126     -0.738     -0.242     15.210      0.000   3698.550 
  study*attention                     0.171      0.073      0.034      0.321      5.617      0.018   2714.608 

Thresholds:                     
  Tau 1                               0.000      0.000      0.000      0.000        ---        ---        --- 
  Tau 2                               1.395      0.079      1.246      1.557        ---        ---   1142.133 
  Tau 3                               2.673      0.107      2.472      2.889        ---        ---    867.054 
  Tau 4                               3.817      0.132      3.571      4.087        ---        ---    793.749 

Standard Deviations:            
  Residual SD                         1.000      0.000      1.000      1.000        ---        ---        --- 

Standardized Coefficients:      
  attention                           0.724      0.046      0.636      0.815    252.242      0.000   7981.058 
  age                                 0.103      0.022      0.060      0.146     21.858      0.000  22252.680 
  study                              -0.127      0.032     -0.190     -0.062     15.299      0.000   4065.384 
  study*attention                     0.136      0.054      0.028      0.239      6.241      0.012   9071.563 

Proportion Variance Explained   
  by Coefficients                     0.731      0.017      0.697      0.763        ---        ---   1155.822 
  by Residual Variation               0.269      0.017      0.237      0.303        ---        ---   1155.822 

                                ------------------------------------------------------------------------------



Outcome Variable:  attent3    

Grand Mean Centered: age


Parameters                         Estimate     StdDev       2.5%      97.5%      ChiSq     PValue      N_Eff 
                                ------------------------------------------------------------------------------
Variances:                      
  Residual Var.                       1.000      0.000      1.000      1.000        ---        ---        --- 

Coefficients:                   
  Intercept                           2.731      0.147      2.453      3.027    346.525      0.000    772.294 
  attention                           0.637      0.076      0.503      0.803     70.336      0.000    481.502 
  age                                 0.081      0.015      0.053      0.110     31.036      0.000  14793.946 
  study                               0.386      0.131      0.137      0.653      8.777      0.003   3025.509 
  study*attention                     0.314      0.076      0.177      0.473     17.578      0.000   1227.154 

Thresholds:                     
  Tau 1                               0.000      0.000      0.000      0.000        ---        ---        --- 
  Tau 2                               1.257      0.077      1.111      1.412        ---        ---   1190.163 
  Tau 3                               2.285      0.095      2.104      2.476        ---        ---    910.749 
  Tau 4                               3.233      0.112      3.016      3.456        ---        ---    944.132 

Standard Deviations:            
  Residual SD                         1.000      0.000      1.000      1.000        ---        ---        --- 

Standardized Coefficients:      
  attention                           0.583      0.046      0.493      0.674    158.628      0.000  11739.040 
  age                                 0.134      0.023      0.088      0.180     32.558      0.000  23257.626 
  study                               0.108      0.036      0.039      0.180      9.167      0.002   2977.574 
  study*attention                     0.270      0.055      0.161      0.374     24.247      0.000   9376.038 

Proportion Variance Explained   
  by Coefficients                     0.684      0.021      0.641      0.723        ---        ---   1809.071 
  by Residual Variation               0.316      0.021      0.277      0.359        ---        ---   1809.071 

                                ------------------------------------------------------------------------------



Outcome Variable:  attent4    

Parameters                         Estimate     StdDev       2.5%      97.5%      ChiSq     PValue      N_Eff 
                                ------------------------------------------------------------------------------
Variances:                      
  Residual Var.                       1.000      0.000      1.000      1.000        ---        ---        --- 

Coefficients:                   
  Intercept                           3.069      0.197      2.699      3.475    242.763      0.000    590.246 
  attention                           1.208      0.116      1.006      1.458    109.713      0.000    317.248 

Thresholds:                     
  Tau 1                               0.000      0.000      0.000      0.000        ---        ---        --- 
  Tau 2                               1.527      0.088      1.361      1.708        ---        ---   1245.700 
  Tau 3                               2.826      0.124      2.589      3.077        ---        ---    880.854 
  Tau 4                               3.792      0.151      3.506      4.105        ---        ---    857.157 

Standard Deviations:            
  Residual SD                         1.000      0.000      1.000      1.000        ---        ---        --- 

Standardized Coefficients:      
  attention                           0.891      0.008      0.873      0.907  11059.464      0.000   1148.275 

Proportion Variance Explained   
  by Coefficients                     0.794      0.015      0.763      0.822        ---        ---   1147.070 
  by Residual Variation               0.206      0.015      0.178      0.237        ---        ---   1147.070 

                                ------------------------------------------------------------------------------



Outcome Variable:  attent5    

Parameters                         Estimate     StdDev       2.5%      97.5%      ChiSq     PValue      N_Eff 
                                ------------------------------------------------------------------------------
Variances:                      
  Residual Var.                       1.000      0.000      1.000      1.000        ---        ---        --- 

Coefficients:                   
  Intercept                           3.087      0.201      2.716      3.507    236.984      0.000    532.591 
  attention                           1.195      0.118      0.998      1.453    104.399      0.000    303.996 

Thresholds:                     
  Tau 1                               0.000      0.000      0.000      0.000        ---        ---        --- 
  Tau 2                               1.500      0.088      1.335      1.682        ---        ---   1143.979 
  Tau 3                               2.793      0.125      2.556      3.047        ---        ---    844.384 
  Tau 4                               3.849      0.156      3.557      4.167        ---        ---    800.663 

Standard Deviations:            
  Residual SD                         1.000      0.000      1.000      1.000        ---        ---        --- 

Standardized Coefficients:      
  attention                           0.889      0.009      0.871      0.905  10105.484      0.000   1025.803 

Proportion Variance Explained   
  by Coefficients                     0.791      0.016      0.758      0.820        ---        ---   1025.230 
  by Residual Variation               0.209      0.016      0.180      0.242        ---        ---   1025.230 

                                ------------------------------------------------------------------------------



Outcome Variable:  attent6    

Parameters                         Estimate     StdDev       2.5%      97.5%      ChiSq     PValue      N_Eff 
                                ------------------------------------------------------------------------------
Variances:                      
  Residual Var.                       1.000      0.000      1.000      1.000        ---        ---        --- 

Coefficients:                   
  Intercept                           2.940      0.158      2.637      3.254    347.406      0.000    757.155 
  attention                           0.932      0.091      0.776      1.133    106.510      0.000    312.973 

Thresholds:                     
  Tau 1                               0.000      0.000      0.000      0.000        ---        ---        --- 
  Tau 2                               1.333      0.076      1.186      1.484        ---        ---   1329.608 
  Tau 3                               2.321      0.097      2.134      2.511        ---        ---   1057.682 
  Tau 4                               3.231      0.116      3.006      3.457        ---        ---   1027.933 

Standard Deviations:            
  Residual SD                         1.000      0.000      1.000      1.000        ---        ---        --- 

Standardized Coefficients:      
  attention                           0.835      0.012      0.810      0.856   5016.195      0.000   1789.249 

Proportion Variance Explained   
  by Coefficients                     0.697      0.020      0.656      0.733        ---        ---   1786.860 
  by Residual Variation               0.303      0.020      0.267      0.344        ---        ---   1786.860 

                                ------------------------------------------------------------------------------



Outcome Variable:  attent7    

Grand Mean Centered: age


Parameters                         Estimate     StdDev       2.5%      97.5%      ChiSq     PValue      N_Eff 
                                ------------------------------------------------------------------------------
Variances:                      
  Residual Var.                       1.000      0.000      1.000      1.000        ---        ---        --- 

Coefficients:                   
  Intercept                           2.742      0.177      2.408      3.101    240.979      0.000   1444.854 
  attention                           0.789      0.098      0.615      1.000     65.093      0.000    582.303 
  study                               0.565      0.139      0.299      0.846     16.553      0.000   3963.265 
  age                                 0.055      0.024      0.009      0.103      5.430      0.020   4668.909 
  male                                0.258      0.134      0.002      0.527      3.742      0.053   5964.709 
  study*attention                     0.146      0.079     -0.002      0.308      3.547      0.060   2349.063 
  age*attention                       0.037      0.013      0.012      0.064      7.699      0.006   2710.958 
  male*attention                      0.209      0.077      0.065      0.368      7.525      0.006   2373.926 

Thresholds:                     
  Tau 1                               0.000      0.000      0.000      0.000        ---        ---        --- 
  Tau 2                               1.331      0.077      1.184      1.483        ---        ---   1487.199 
  Tau 3                               2.367      0.097      2.182      2.563        ---        ---   1118.625 
  Tau 4                               3.373      0.117      3.151      3.609        ---        ---   1061.527 

Standard Deviations:            
  Residual SD                         1.000      0.000      1.000      1.000        ---        ---        --- 

Standardized Coefficients:      
  attention                           0.650      0.060      0.534      0.769    118.105      0.000   8418.704 
  study                               0.142      0.034      0.077      0.209     17.843      0.000   4257.207 
  age                                 0.082      0.035      0.014      0.150      5.591      0.018   4896.347 
  male                                0.062      0.032      0.000      0.127      3.764      0.052   5961.647 
  study*attention                     0.113      0.057     -0.001      0.222      3.905      0.048   5973.592 
  age*attention                       0.110      0.037      0.036      0.182      8.623      0.003   5272.282 
  male*attention                      0.143      0.049      0.045      0.238      8.405      0.004   6798.599 

Proportion Variance Explained   
  by Coefficients                     0.744      0.018      0.706      0.777        ---        ---   1494.886 
  by Residual Variation               0.256      0.018      0.223      0.294        ---        ---   1494.886 

                                ------------------------------------------------------------------------------



Outcome Variable:  attent8    

Grand Mean Centered: age


Parameters                         Estimate     StdDev       2.5%      97.5%      ChiSq     PValue      N_Eff 
                                ------------------------------------------------------------------------------
Variances:                      
  Residual Var.                       1.000      0.000      1.000      1.000        ---        ---        --- 

Coefficients:                   
  Intercept                           2.549      0.154      2.261      2.864    276.135      0.000    922.223 
  attention                           0.778      0.089      0.624      0.969     78.211      0.000    441.714 
  age                                 0.065      0.015      0.036      0.093     19.766      0.000  19795.921 
  study                              -0.289      0.126     -0.529     -0.036      5.191      0.023   3840.224 
  study*attention                     0.206      0.075      0.068      0.362      7.807      0.005   2196.312 

Thresholds:                     
  Tau 1                               0.000      0.000      0.000      0.000        ---        ---        --- 
  Tau 2                               1.208      0.071      1.072      1.353        ---        ---   1829.160 
  Tau 3                               2.176      0.091      2.001      2.360        ---        ---   1335.255 
  Tau 4                               3.309      0.117      3.084      3.542        ---        ---   1182.016 

Standard Deviations:            
  Residual SD                         1.000      0.000      1.000      1.000        ---        ---        --- 

Standardized Coefficients:      
  attention                           0.685      0.048      0.592      0.779    205.193      0.000   9608.535 
  age                                 0.102      0.023      0.058      0.147     20.171      0.000  22035.786 
  study                              -0.078      0.034     -0.142     -0.010      5.190      0.023   3953.312 
  study*attention                     0.170      0.056      0.058      0.279      9.114      0.003   9778.813 

Proportion Variance Explained   
  by Coefficients                     0.707      0.018      0.669      0.742        ---        ---   2001.995 
  by Residual Variation               0.293      0.018      0.258      0.331        ---        ---   2001.995 

                                ------------------------------------------------------------------------------



Outcome Variable:  attent9    

Parameters                         Estimate     StdDev       2.5%      97.5%      ChiSq     PValue      N_Eff 
                                ------------------------------------------------------------------------------
Variances:                      
  Residual Var.                       1.000      0.000      1.000      1.000        ---        ---        --- 

Coefficients:                   
  Intercept                           2.992      0.168      2.680      3.340    317.767      0.000    823.315 
  attention                           0.883      0.098      0.711      1.095     82.858      0.000    383.325 
  study                               0.304      0.136      0.046      0.580      5.061      0.024   4515.026 
  study*attention                     0.188      0.078      0.042      0.350      5.914      0.015   2351.250 

Thresholds:                     
  Tau 1                               0.000      0.000      0.000      0.000        ---        ---        --- 
  Tau 2                               1.144      0.076      0.999      1.297        ---        ---   1516.436 
  Tau 3                               2.391      0.101      2.202      2.598        ---        ---   1013.922 
  Tau 4                               3.425      0.121      3.198      3.671        ---        ---    957.460 

Standard Deviations:            
  Residual SD                         1.000      0.000      1.000      1.000        ---        ---        --- 

Standardized Coefficients:      
  attention                           0.735      0.046      0.645      0.827    250.225      0.000   8815.467 
  study                               0.078      0.034      0.012      0.145      5.219      0.022   4695.154 
  study*attention                     0.147      0.056      0.034      0.255      6.788      0.009   7858.342 

Proportion Variance Explained   
  by Coefficients                     0.738      0.018      0.701      0.773        ---        ---   1213.751 
  by Residual Variation               0.262      0.018      0.227      0.299        ---        ---   1213.751 

                                ------------------------------------------------------------------------------



Outcome Variable:  study      

Parameters                         Estimate     StdDev       2.5%      97.5%      ChiSq     PValue      N_Eff 
                                ------------------------------------------------------------------------------
Variances:                      
  Residual Var.                       1.000      0.000      1.000      1.000        ---        ---        --- 

Coefficients:                   
  Intercept                           0.135      0.041      0.055      0.215     10.846      0.001  47110.267 

Thresholds:                     
  Tau 1                               0.000      0.000      0.000      0.000        ---        ---        --- 

Standard Deviations:            
  Residual SD                         1.000      0.000      1.000      1.000        ---        ---        --- 

Proportion Variance Explained   
  by Coefficients                     0.000      0.000      0.000      0.000        ---        ---        --- 
  by Residual Variation               1.000      0.000      1.000      1.000        ---        ---        --- 

                                ------------------------------------------------------------------------------



Covariance Matrix: attent2 attent8

Parameters                         Estimate     StdDev       2.5%      97.5%      ChiSq     PValue      N_Eff 
                                ------------------------------------------------------------------------------
Covariances:                    
  Cov(attent2,attent8)                0.232      0.044      0.143      0.315     27.670      0.000  13562.317 

Correlations:                   
  Cor(attent2,attent8)                0.232      0.044      0.143      0.315     27.670      0.000  13562.317 

                                ------------------------------------------------------------------------------



Covariance Matrix: attent7 attent9

Parameters                         Estimate     StdDev       2.5%      97.5%      ChiSq     PValue      N_Eff 
                                ------------------------------------------------------------------------------
Covariances:                    
  Cov(attent7,attent9)                0.286      0.044      0.197      0.367     42.441      0.000  13001.849 

Correlations:                   
  Cor(attent7,attent9)                0.286      0.044      0.197      0.367     42.441      0.000  13001.849 

                                ------------------------------------------------------------------------------




PREDICTOR MODEL ESTIMATES:

  Summaries based on 100000 iterations using 4 chains.
  NOTE: Estimate column based on posterior median.



Missing predictor:  alphaeeg   

Parameters                         Estimate     StdDev       2.5%      97.5%      ChiSq     PValue      N_Eff 
                                ------------------------------------------------------------------------------

Grand Mean                           -0.978      0.083     -1.140     -0.814    138.070      0.000   8985.428 

Level 1:                                                                                                      
  male                                0.327      0.104      0.120      0.529      9.765      0.002  15011.629 
  Residual Var.                       3.970      0.236      3.541      4.466        ---        ---  20947.911 
                                                                                                              
                                ------------------------------------------------------------------------------



Missing predictor:  male       

Parameters                         Estimate     StdDev       2.5%      97.5%      ChiSq     PValue      N_Eff 
                                ------------------------------------------------------------------------------

Grand Mean                            0.377      0.044      0.291      0.464     73.713      0.000  30377.909 

Level 1:                                                                                                      
  alphaeeg                            0.082      0.027      0.029      0.135      9.252      0.002  13719.515 
  Residual Var.                       1.000      0.000      1.000      1.000        ---        ---        --- 
Thresholds:                                                                                                   
  Tau 1                               0.000      0.000      0.000      0.000        ---        ---        --- 
                                                                                                              
                                ------------------------------------------------------------------------------



Means Model:        age        

    NOTE: This model is used to estimate the grand mean and latent group means needed 
          to center outcome variables that appear as predictors in other models.

Parameters                         Estimate     StdDev       2.5%      97.5%      ChiSq     PValue      N_Eff 
                                ------------------------------------------------------------------------------

Grand Mean                           10.135      0.099      9.944     10.329  10509.749      0.000  16719.388 

Level 1:                                                                                                      
  Residual Var.                       8.593      0.412      7.832      9.453        ---        ---  73962.891 
                                                                                                              
                                ------------------------------------------------------------------------------



ITERATION HISTORY:

  Chain 3 burn-in started on Aug 15 19:08:20 2026
  Chain 2 burn-in started on Aug 15 19:08:20 2026
  Chain 1 burn-in started on Aug 15 19:08:20 2026
  Chain 4 burn-in started on Aug 15 19:08:20 2026
  Chain 2 burn-in iteration 25000 completed on Aug 15 19:09:34 2026
  Chain 4 burn-in iteration 25000 completed on Aug 15 19:09:34 2026
  Chain 3 burn-in iteration 25000 completed on Aug 15 19:09:34 2026
  Chain 1 burn-in iteration 25000 completed on Aug 15 19:09:34 2026
  Chain 4 burn-in iteration 50000 completed on Aug 15 19:10:48 2026
  Chain 2 burn-in iteration 50000 completed on Aug 15 19:10:48 2026
  Chain 3 burn-in iteration 50000 completed on Aug 15 19:10:48 2026
  Chain 1 burn-in iteration 50000 completed on Aug 15 19:10:48 2026
  Chain 2 burn-in iteration 75000 completed on Aug 15 19:12:01 2026
  Chain 4 burn-in iteration 75000 completed on Aug 15 19:12:01 2026
  Chain 3 burn-in iteration 75000 completed on Aug 15 19:12:01 2026
  Chain 1 burn-in iteration 75000 completed on Aug 15 19:12:02 2026
  Chain 2 burn-in iteration 100000 completed on Aug 15 19:13:15 2026
  Chain 2 completed burn-in on Aug 15 19:13:15 2026
  Chain 3 burn-in iteration 100000 completed on Aug 15 19:13:15 2026
  Chain 3 completed burn-in on Aug 15 19:13:15 2026
  Chain 4 burn-in iteration 100000 completed on Aug 15 19:13:15 2026
  Chain 4 completed burn-in on Aug 15 19:13:15 2026
  Chain 1 burn-in iteration 100000 completed on Aug 15 19:13:16 2026
  Chain 1 completed burn-in on Aug 15 19:13:16 2026
  Chain 4 saved imputation 4 on Aug 15 19:13:44 2026
  Chain 2 saved imputation 2 on Aug 15 19:13:44 2026
  Chain 3 saved imputation 3 on Aug 15 19:13:44 2026
  Chain 1 saved imputation 1 on Aug 15 19:13:45 2026
  Chain 4 completed iteration 6250 on Aug 15 19:13:51 2026
  Chain 2 completed iteration 6250 on Aug 15 19:13:51 2026
  Chain 3 completed iteration 6250 on Aug 15 19:13:51 2026
  Chain 1 completed iteration 6250 on Aug 15 19:13:52 2026
  Chain 4 saved imputation 8 on Aug 15 19:14:12 2026
  Chain 2 saved imputation 6 on Aug 15 19:14:12 2026
  Chain 3 saved imputation 7 on Aug 15 19:14:13 2026
  Chain 1 saved imputation 5 on Aug 15 19:14:14 2026
  Chain 4 completed iteration 12500 on Aug 15 19:14:27 2026
  Chain 2 completed iteration 12500 on Aug 15 19:14:27 2026
  Chain 3 completed iteration 12500 on Aug 15 19:14:27 2026
  Chain 1 completed iteration 12500 on Aug 15 19:14:29 2026
  Chain 4 saved imputation 12 on Aug 15 19:14:41 2026
  Chain 2 saved imputation 10 on Aug 15 19:14:42 2026
  Chain 3 saved imputation 11 on Aug 15 19:14:42 2026
  Chain 1 saved imputation 9 on Aug 15 19:14:43 2026
  Chain 4 completed iteration 18750 on Aug 15 19:15:02 2026
  Chain 2 completed iteration 18750 on Aug 15 19:15:03 2026
  Chain 3 completed iteration 18750 on Aug 15 19:15:03 2026
  Chain 1 completed iteration 18750 on Aug 15 19:15:05 2026
  Chain 4 saved imputation 16 on Aug 15 19:15:10 2026
  Chain 2 saved imputation 14 on Aug 15 19:15:10 2026
  Chain 3 saved imputation 15 on Aug 15 19:15:11 2026
  Chain 1 saved imputation 13 on Aug 15 19:15:13 2026
  Chain 4 completed iteration 25000 on Aug 15 19:15:38 2026
  Chain 4 saved imputation 20 on Aug 15 19:15:38 2026
  Chain 4 finished on Aug 15 19:15:38 2026
  Chain 2 completed iteration 25000 on Aug 15 19:15:39 2026
  Chain 2 saved imputation 18 on Aug 15 19:15:39 2026
  Chain 2 finished on Aug 15 19:15:39 2026
  Chain 3 completed iteration 25000 on Aug 15 19:15:40 2026
  Chain 3 saved imputation 19 on Aug 15 19:15:40 2026
  Chain 3 finished on Aug 15 19:15:40 2026
  Chain 1 completed iteration 25000 on Aug 15 19:15:41 2026
  Chain 1 saved imputation 17 on Aug 15 19:15:41 2026
  Chain 1 finished on Aug 15 19:15:41 2026


---------------------------------------------------------------------------

                                   Blimp
                                 4.1.0.b11

             Blimp was developed with funding from Institute of
           Education Sciences awards R305D150056 and R305D190002.

            Craig K. Enders, P.I. Email: cenders@psych.ucla.edu
           Brian T. Keller, Co-P.I. Email: btkeller@missouri.edu
                 Han Du, Co-P.I. Email: hdu@psych.ucla.edu
                 Roy Levy, Co-P.I. Email: roy.levy@asu.edu

              Programming and Blimp Studio by Brian T. Keller

                   There is no expressed license given.

---------------------------------------------------------------------------


ALGORITHMIC OPTIONS SPECIFIED:

  Imputation method:                 Fully Bayesian model-based
  MCMC algorithm:                    Full conditional Metropolis sampler with
                                       Auto-Derived Conditional Distributions
  Default Priors:
    Multilevel covariance matrices:  Not applicable, single-level imputation
    Outcome covariance matrices:     Zero matrix, df = -(p + 1) (PRIOR2)
    Predictor model variances:       Unit sum of squares, df = 2 (XPRIOR1)
  Chain Starting Values:             Random starting values


  NOTE: The default prior for regression coefficients 
        in categorical models is 'normal( 0.0, 5.0)'

  NOTE: For complete list of priors include 'pinfo' in the options.


BURN-IN POTENTIAL SCALE REDUCTION (PSR) OUTPUT:

  NOTE: Rank-normalized Rhat (Vehtari et al., 2021) is being used.
        This applies rank normalization and chain folding for robust
        convergence detection across all chains.

  Comparing iterations across 4 chains     Highest Rhat   Parameter #  
                         2501 to 5000            1.189           115  
                         5001 to 10000           1.151             3  
                         7501 to 15000           1.042             9  
                        10001 to 20000           1.071             9  
                        12501 to 25000           1.024            93  
                        15001 to 30000           1.031             9  
                        17501 to 35000           1.027            93  
                        20001 to 40000           1.043            93  
                        22501 to 45000           1.042            93  
                        25001 to 50000           1.035            93  
                        27501 to 55000           1.027            93  
                        30001 to 60000           1.029            93  
                        32501 to 65000           1.019            93  
                        35001 to 70000           1.031             9  
                        37501 to 75000           1.037             9  
                        40001 to 80000           1.024             9  
                        42501 to 85000           1.011             9  
                        45001 to 90000           1.007             9  
                        47501 to 95000           1.016             9  
                        50001 to 100000          1.014             9  


METROPOLIS-HASTINGS ACCEPTANCE RATES:

  Chain 1:

    Variable                            Type    Probability   Target Value 
    var(attention)                 parameter          0.519          0.500 
    var(attention)                 parameter          0.507          0.500 
    var(attention)                 parameter          0.497          0.500 
    var(attention)                 parameter          0.498          0.500 
    var(attention)                 parameter          0.532          0.500 
    adhd                          imputation          0.508          0.500 
    age                           imputation          0.505          0.500 
    attent1                        threshold          0.383          0.350 
    attent2                        threshold          0.390          0.350 
    attent3                        threshold          0.380          0.350 
    attent4                        threshold          0.349          0.350 
    attent5                        threshold          0.359          0.350 
    attent6                        threshold          0.390          0.350 
    attent7                        threshold          0.360          0.350 
    attent8                        threshold          0.341          0.350 
    attent9                        threshold          0.356          0.350 
    alphaeeg                      imputation          0.500          0.500 
    alphaeeg                       parameter          0.470          0.500 
    male                          imputation          0.499          0.500 
    age                            parameter          0.443          0.500 

  NOTE: Suppressing printing of 3 chains.
        Use keyword 'tuneinfo' in options to override.


DATA INFORMATION:

  Sample Size:              939
  Missing Data Info:

                      Pattern #:       1     2     3     4     5     6     7     8     9    10
                          miss % --------------------------------------------------------------
                    study =  0.0       -     -     -     -     -     -     -     -     -     -  
                      age =  6.4       -     -     M     M     -     -     -     -     -     -  
                     adhd =  6.6       -     -     M     M     -     -     -     -     -     -  
                  attent1 =  0.6       -     -     -     -     -     -     -     -     -     -  
                  attent2 =  1.0       -     -     -     -     -     -     -     -     -     M  
                  attent3 =  0.3       -     -     -     -     -     -     -     -     -     -  
                  attent4 =  0.5       -     -     -     -     -     -     -     -     -     -  
                  attent5 =  0.5       -     -     -     -     -     -     -     -     -     -  
                  attent6 =  1.6       -     -     -     -     -     M     -     -     -     -  
                  attent7 =  1.2       -     -     -     -     -     -     -     M     -     -  
                  attent8 =  2.1       -     -     -     -     M     -     M     -     -     -  
                  attent9 =  1.2       -     -     -     -     -     -     -     -     M     -  
                 alphaeeg = 38.1       -     M     M     -     -     -     M     -     -     M  
                     male =  6.5       -     -     M     M     -     -     -     -     -     -  
                                 --------------------------------------------------------------
                                 %  55.1  32.7   3.4   2.4   1.1   0.6   0.4   0.3   0.3   0.2

  NOTE: Suppressing printing of 27 missing data patterns.
        These patterns consist of 3.4% of the data.
        Use keyword 'allpatterns' in options to print all patterns.


MODEL INFORMATION:

  NUMBER OF PARAMETERS
    Outcome Models:         82
    Predictor Models:       7

  PREDICTORS
    Incomplete continuous:  alphaeeg
    Incomplete ordinal:     male

  FACTORS
    Level-1:                attention

  CENTERED PREDICTORS
    Grand Mean Centered:    alphaeeg age

  MODELS

   structural:
    [1]  attention ~ alphaeeg age study male adhd alphaeeg^2 age^2
    [2]  var(attention) ~ alphaeeg age study male adhd

   measurement:
    [3]  adhd ~ Intercept
    [4]  age ~ Intercept
    [5]  attent1 ~ Intercept attention@load1 study adhd
    [6]  attent2 ~ Intercept attention age study study*attention
    [7]  attent3 ~ Intercept attention age study study*attention
    [8]  attent4 ~ Intercept attention
    [9]  attent5 ~ Intercept attention
   [10]  attent6 ~ Intercept attention
   [11]  attent7 ~ Intercept attention study age male study*attention age*attention 
                 male*attention
   [12]  attent8 ~ Intercept attention age study study*attention
   [13]  attent9 ~ Intercept attention study study*attention
   [14]  study ~ Intercept
   [15]  attent2 <-> attent8
   [16]  attent7 <-> attent9


 WARNING MESSAGES:

  No warning messages.


MODEL FIT:


  INFORMATION CRITERIA

    Conditional Likelihood
      DIC2                  39430.253
      WAIC                  41967.420


IMPUTED DATA SUMMARIES:

  NOTE: Imputed data summaries are averaged across 100000 data sets.


Variables                              Mean     StdDev        25%        50%        75%        Min        Max 
                                ------------------------------------------------------------------------------

  attention                          -1.178      1.630     -2.320     -1.339     -0.147     -6.160      5.089 
  adhd                                0.771      0.421      1.000      1.000      1.000      0.000      1.000 
  age                                10.135      2.933      7.978      9.788     12.072      2.936     18.601 
  attent1                             2.724      1.233      2.000      3.000      4.000      1.000      5.000 
  attent2                             2.859      1.302      2.000      3.000      4.000      1.000      5.000 
  attent3                             3.168      1.320      2.000      3.000      4.000      1.000      5.000 
  attent4                             2.710      1.371      2.000      2.235      4.000      1.000      5.000 
  attent5                             2.732      1.360      2.000      3.000      4.000      1.000      5.000 
  attent6                             3.039      1.374      2.000      3.000      4.000      1.000      5.000 
  attent7                             3.110      1.380      2.000      3.000      4.000      1.000      5.000 
  attent8                             2.744      1.366      2.000      3.000      4.000      1.000      5.000 
  attent9                             3.130      1.344      2.000      3.000      4.000      1.000      5.000 
  study                               0.554      0.497      0.000      1.000      1.000      0.000      1.000 
  alphaeeg                           -0.978      2.022     -2.179     -0.788      0.358     -8.452      6.946 
  male                                0.645      0.479      0.000      1.000      1.000      0.000      1.000 

                                ------------------------------------------------------------------------------



CORRELATIONS AMONG RESIDUALS:

  Summaries based on 100000 iterations using 4 chains.
  NOTE: Estimate column based on posterior median.


Correlations                       Estimate     StdDev       2.5%      97.5%      ChiSq     PValue      N_Eff 
                                ------------------------------------------------------------------------------

  attention, adhd                    -0.038      0.045     -0.126      0.049      0.739      0.390   7345.038 
  attention, age                      0.032      0.046     -0.058      0.122      0.483      0.487  75900.283 
  attention, attent1                 -0.001      0.046     -0.091      0.090      0.000      0.986  98789.715 
  attention, attent2                 -0.009      0.045     -0.097      0.079      0.039      0.842  86377.395 
  attention, attent3                  0.010      0.045     -0.078      0.099      0.052      0.820  90937.694 
  attention, attent4                 -0.022      0.045     -0.110      0.067      0.228      0.633  90099.326 
  attention, attent5                  0.005      0.045     -0.084      0.093      0.013      0.910  91180.928 
  attention, attent6                  0.017      0.045     -0.071      0.104      0.138      0.710  84974.935 
  attention, attent7                  0.007      0.045     -0.081      0.096      0.028      0.868  82354.648 
  attention, attent8                 -0.017      0.045     -0.105      0.071      0.147      0.701  90167.330 
  attention, attent9                  0.016      0.045     -0.072      0.104      0.131      0.718  79896.249 
  attention, study                    0.008      0.046     -0.082      0.099      0.034      0.853  24968.370 
  adhd, age                          -0.040      0.041     -0.120      0.040      0.962      0.327  90935.069 
  adhd, attent1                      -0.001      0.046     -0.092      0.090      0.000      0.986  97094.036 
  adhd, attent2                      -0.017      0.044     -0.103      0.070      0.141      0.707  71242.579 
  adhd, attent3                       0.005      0.044     -0.081      0.091      0.011      0.915  73989.529 
  adhd, attent4                      -0.040      0.044     -0.126      0.047      0.804      0.370  61630.613 
  adhd, attent5                       0.007      0.044     -0.079      0.094      0.025      0.874  69384.963 
  adhd, attent6                       0.024      0.044     -0.062      0.110      0.304      0.582  74240.043 
  adhd, attent7                       0.013      0.044     -0.074      0.100      0.089      0.765  74189.713 
  adhd, attent8                      -0.024      0.044     -0.110      0.062      0.299      0.584  71733.895 
  adhd, attent9                       0.025      0.044     -0.061      0.111      0.325      0.569  75356.107 
  adhd, study                         0.031      0.043     -0.052      0.115      0.540      0.463  92601.285 
  age, attent1                        0.010      0.038     -0.065      0.085      0.071      0.790  57813.937 
  age, attent2                       -0.000      0.046     -0.090      0.090      0.000      0.998  95263.693 
  age, attent3                       -0.000      0.046     -0.091      0.090      0.000      0.996  1.003e+05 
  age, attent4                        0.026      0.041     -0.053      0.105      0.414      0.520  57634.011 
  age, attent5                       -0.013      0.040     -0.092      0.066      0.108      0.743  54768.377 
  age, attent6                       -0.013      0.039     -0.089      0.064      0.105      0.746  55524.391 
  age, attent7                       -0.005      0.046     -0.094      0.084      0.013      0.911  99066.247 
  age, attent8                       -0.000      0.046     -0.091      0.090      0.000      0.997  95517.364 
  age, attent9                       -0.018      0.040     -0.096      0.060      0.210      0.647  53576.849 
  age, study                          0.012      0.039     -0.065      0.089      0.096      0.757  89987.173 
  attent1, attent2                    0.089      0.040      0.010      0.166      4.889      0.027  32431.449 
  attent1, attent3                   -0.013      0.041     -0.092      0.067      0.102      0.749  41733.907 
  attent1, attent4                   -0.007      0.042     -0.088      0.074      0.028      0.867  35105.340 
  attent1, attent5                    0.014      0.041     -0.067      0.096      0.121      0.728  28808.117 
  attent1, attent6                    0.032      0.041     -0.049      0.111      0.599      0.439  40757.058 
  attent1, attent7                   -0.052      0.041     -0.132      0.028      1.605      0.205  41724.031 
  attent1, attent8                   -0.027      0.041     -0.106      0.053      0.430      0.512  43141.334 
  attent1, attent9                   -0.021      0.041     -0.101      0.059      0.269      0.604  41053.268 
  attent1, study                     -0.001      0.046     -0.092      0.091      0.000      0.988  99953.664 
  attent2, attent3                    0.091      0.041      0.010      0.170      4.947      0.026  29357.228 
  attent2, attent4                   -0.035      0.042     -0.116      0.047      0.689      0.406  30564.400 
  attent2, attent5                   -0.062      0.042     -0.143      0.020      2.167      0.141  26747.820 
  attent2, attent6                    0.024      0.041     -0.057      0.105      0.345      0.557  32803.395 
  attent2, attent7                   -0.089      0.041     -0.169     -0.007      4.640      0.031  35600.266 
  attent2, attent9                   -0.016      0.041     -0.096      0.065      0.147      0.702  29041.714 
  attent2, study                     -0.001      0.046     -0.091      0.090      0.000      0.984  98154.363 
  attent3, attent4                    0.007      0.042     -0.075      0.089      0.029      0.864  34818.273 
  attent3, attent5                   -0.074      0.041     -0.154      0.008      3.165      0.075  32019.327 
  attent3, attent6                   -0.032      0.041     -0.111      0.049      0.589      0.443  36910.599 
  attent3, attent7                   -0.058      0.041     -0.138      0.023      1.949      0.163  39466.931 
  attent3, attent8                    0.042      0.041     -0.038      0.121      1.049      0.306  34935.000 
  attent3, attent9                    0.044      0.041     -0.036      0.123      1.155      0.282  41093.790 
  attent3, study                     -0.000      0.047     -0.091      0.091      0.000      0.993  99085.141 
  attent4, attent5                    0.034      0.043     -0.050      0.118      0.631      0.427  16709.637 
  attent4, attent6                    0.001      0.042     -0.082      0.083      0.000      0.990  29887.836 
  attent4, attent7                    0.038      0.042     -0.046      0.119      0.786      0.375  23313.148 
  attent4, attent8                   -0.049      0.042     -0.130      0.032      1.402      0.236  29989.936 
  attent4, attent9                    0.001      0.042     -0.082      0.082      0.000      0.995  22791.197 
  attent4, study                     -0.019      0.043     -0.104      0.065      0.199      0.656  59321.601 
  attent5, attent6                    0.005      0.042     -0.077      0.087      0.015      0.903  28622.046 
  attent5, attent7                    0.098      0.042      0.015      0.179      5.477      0.019  21174.990 
  attent5, attent8                   -0.058      0.042     -0.139      0.024      1.928      0.165  33522.459 
  attent5, attent9                    0.015      0.042     -0.067      0.098      0.135      0.713  19257.363 
  attent5, study                     -0.007      0.043     -0.092      0.077      0.029      0.866  57804.680 
  attent6, attent7                   -0.010      0.041     -0.091      0.072      0.054      0.816  34382.236 
  attent6, attent8                    0.069      0.041     -0.011      0.149      2.848      0.091  37406.392 
  attent6, attent9                   -0.067      0.041     -0.146      0.014      2.614      0.106  36370.169 
  attent6, study                      0.028      0.042     -0.055      0.111      0.457      0.499  60148.956 
  attent7, attent8                   -0.032      0.042     -0.113      0.049      0.606      0.436  40030.554 
  attent7, study                     -0.001      0.046     -0.091      0.089      0.000      0.989  94798.689 
  attent8, attent9                    0.017      0.041     -0.063      0.097      0.178      0.673  33047.653 
  attent8, study                     -0.001      0.046     -0.092      0.090      0.001      0.981  97078.818 
  attent9, study                     -0.001      0.046     -0.091      0.090      0.000      0.988  95353.907 

                                ------------------------------------------------------------------------------



OUTCOME MODEL ESTIMATES:

  Summaries based on 100000 iterations using 4 chains.
  NOTE: Estimate column based on posterior median.

  structural block:

Latent Variable:   attention  

Grand Mean Centered: age alphaeeg


Parameters                         Estimate     StdDev       2.5%      97.5%      ChiSq     PValue      N_Eff 
                                ------------------------------------------------------------------------------
Variances:                      
  Q25% Residual Var.                  0.850      0.147      0.605      1.176        ---        ---    348.243 
  Q50% Residual Var.                  2.191      0.493      1.377      3.297        ---        ---    333.422 
  Mean Residual Var.                  1.977      0.351      1.400      2.791        ---        ---    299.389 
  Q75% Residual Var.                  2.750      0.596      1.762      4.132        ---        ---    309.084 

Coefficients:                   
  alphaeeg                            0.002      0.027     -0.051      0.056      0.008      0.931  18962.400 
  age                                -0.035      0.019     -0.073      0.001      3.472      0.062  14351.520 
  study                               0.171      0.110     -0.033      0.397      2.510      0.113   3186.054 
  male                               -0.161      0.101     -0.364      0.033      2.602      0.107   1191.375 
  adhd                               -1.723      0.176     -2.089     -1.396     96.364      0.000    282.516 
  alphaeeg^2                          0.017      0.007      0.003      0.032      5.451      0.020   5242.227 
  age^2                               0.009      0.006     -0.002      0.020      2.551      0.110   7217.335 

Standardized Coefficients:      
  alphaeeg                            0.003      0.034     -0.063      0.069      0.007      0.931  19059.113 
  age                                -0.064      0.034     -0.132      0.003      3.573      0.059  21697.721 
  study                               0.053      0.033     -0.010      0.117      2.666      0.103   6922.881 
  male                               -0.048      0.030     -0.109      0.010      2.612      0.106   1744.896 
  adhd                               -0.452      0.026     -0.501     -0.401    313.673      0.000   1269.910 
  alphaeeg^2                          0.072      0.030      0.012      0.130      5.622      0.018   4808.290 
  age^2                               0.062      0.039     -0.014      0.138      2.586      0.108   5785.137 

Proportion Variance Explained   
  by Coefficients                     0.231      0.024      0.185      0.279        ---        ---   1653.395 
  by Residual Variation               0.769      0.024      0.721      0.815        ---        ---   1653.395 

                                ------------------------------------------------------------------------------



Outcome Variable:  var(attention)

Grand Mean Centered: age alphaeeg


Parameters                         Estimate     StdDev       2.5%      97.5%      ChiSq     PValue      N_Eff 
                                ------------------------------------------------------------------------------

Coefficients:                   
  alphaeeg                            0.011      0.045     -0.075      0.099      0.061      0.805   2521.543 
  age                                 0.005      0.022     -0.038      0.048      0.049      0.825   4616.636 
  study                               1.132      0.132      0.871      1.387     73.372      0.000    879.251 
  male                               -0.340      0.134     -0.603     -0.079      6.450      0.011    740.909 
  adhd                                0.121      0.146     -0.163      0.406      0.694      0.405    533.266 

Exponentiated Coefficients:     
  alphaeeg                            1.011      0.045      0.927      1.104        ---        ---   2497.306 
  age                                 1.005      0.022      0.963      1.050        ---        ---   4609.755 
  study                               3.101      0.414      2.390      4.001        ---        ---    891.155 
  male                                0.711      0.097      0.547      0.924        ---        ---    746.500 
  adhd                                1.129      0.167      0.850      1.501        ---        ---    534.957 

                                ------------------------------------------------------------------------------


  measurement block:

Outcome Variable:  adhd       

Parameters                         Estimate     StdDev       2.5%      97.5%      ChiSq     PValue      N_Eff 
                                ------------------------------------------------------------------------------
Variances:                      
  Residual Var.                       1.000      0.000      1.000      1.000        ---        ---        --- 

Coefficients:                   
  Intercept                           0.740      0.047      0.649      0.832    252.671      0.000  28133.650 

Thresholds:                     
  Tau 1                               0.000      0.000      0.000      0.000        ---        ---        --- 

Standard Deviations:            
  Residual SD                         1.000      0.000      1.000      1.000        ---        ---        --- 

Proportion Variance Explained   
  by Coefficients                     0.000      0.000      0.000      0.000        ---        ---        --- 
  by Residual Variation               1.000      0.000      1.000      1.000        ---        ---        --- 

                                ------------------------------------------------------------------------------



Outcome Variable:  age        

Parameters                         Estimate     StdDev       2.5%      97.5%      ChiSq     PValue      N_Eff 
                                ------------------------------------------------------------------------------
Variances:                      
  Residual Var.                       8.627      0.418      7.862      9.498        ---        ---  67391.310 

Coefficients:                   
  Intercept                          10.135      0.100      9.939     10.329  10372.701      0.000  66246.583 

Standard Deviations:            
  Residual SD                         2.937      0.071      2.804      3.082        ---        ---  67467.898 

Proportion Variance Explained   
  by Coefficients                     0.000      0.000      0.000      0.000        ---        ---        --- 
  by Residual Variation               1.000      0.000      1.000      1.000        ---        ---        --- 

                                ------------------------------------------------------------------------------



Outcome Variable:  attent1    

Parameters                         Estimate     StdDev       2.5%      97.5%      ChiSq     PValue      N_Eff 
                                ------------------------------------------------------------------------------
Variances:                      
  Residual Var.                       1.000      0.000      1.000      1.000        ---        ---        --- 

Coefficients:                   
  Intercept                           2.941      0.156      2.644      3.255    354.072      0.000   1079.082 
  attention                           0.773      0.079      0.635      0.948     97.051      0.000    328.262 
  study                              -0.407      0.081     -0.566     -0.250     25.335      0.000  15796.201 
  adhd                               -0.327      0.112     -0.546     -0.106      8.488      0.004  22019.194 

Thresholds:                     
  Tau 1                               0.000      0.000      0.000      0.000        ---        ---        --- 
  Tau 2                               1.391      0.075      1.250      1.542        ---        ---   1785.152 
  Tau 3                               2.599      0.099      2.408      2.801        ---        ---   1274.109 
  Tau 4                               3.625      0.123      3.388      3.874        ---        ---   1217.257 

Standard Deviations:            
  Residual SD                         1.000      0.000      1.000      1.000        ---        ---        --- 

Standardized Coefficients:      
  attention                           0.753      0.021      0.709      0.793   1236.011      0.000   4435.612 
  study                              -0.121      0.024     -0.168     -0.075     26.282      0.000  21456.325 
  adhd                               -0.082      0.028     -0.138     -0.027      8.460      0.004  21279.184 

Proportion Variance Explained   
  by Coefficients                     0.641      0.020      0.599      0.679        ---        ---   2090.331 
  by Residual Variation               0.359      0.020      0.321      0.401        ---        ---   2090.331 

                                ------------------------------------------------------------------------------



Outcome Variable:  attent2    

Grand Mean Centered: age


Parameters                         Estimate     StdDev       2.5%      97.5%      ChiSq     PValue      N_Eff 
                                ------------------------------------------------------------------------------
Variances:                      
  Residual Var.                       1.000      0.000      1.000      1.000        ---        ---        --- 

Coefficients:                   
  Intercept                           3.175      0.173      2.856      3.529    339.541      0.000    703.142 
  attention                           0.858      0.095      0.695      1.064     83.477      0.000    397.532 
  age                                 0.068      0.015      0.039      0.097     21.256      0.000  18346.639 
  study                              -0.494      0.126     -0.738     -0.242     15.210      0.000   3698.550 
  study*attention                     0.171      0.073      0.034      0.321      5.617      0.018   2714.608 

Thresholds:                     
  Tau 1                               0.000      0.000      0.000      0.000        ---        ---        --- 
  Tau 2                               1.395      0.079      1.246      1.557        ---        ---   1142.133 
  Tau 3                               2.673      0.107      2.472      2.889        ---        ---    867.054 
  Tau 4                               3.817      0.132      3.571      4.087        ---        ---    793.749 

Standard Deviations:            
  Residual SD                         1.000      0.000      1.000      1.000        ---        ---        --- 

Standardized Coefficients:      
  attention                           0.724      0.046      0.636      0.815    252.242      0.000   7981.058 
  age                                 0.103      0.022      0.060      0.146     21.858      0.000  22252.680 
  study                              -0.127      0.032     -0.190     -0.062     15.299      0.000   4065.384 
  study*attention                     0.136      0.054      0.028      0.239      6.241      0.012   9071.563 

Proportion Variance Explained   
  by Coefficients                     0.731      0.017      0.697      0.763        ---        ---   1155.822 
  by Residual Variation               0.269      0.017      0.237      0.303        ---        ---   1155.822 

                                ------------------------------------------------------------------------------



Outcome Variable:  attent3    

Grand Mean Centered: age


Parameters                         Estimate     StdDev       2.5%      97.5%      ChiSq     PValue      N_Eff 
                                ------------------------------------------------------------------------------
Variances:                      
  Residual Var.                       1.000      0.000      1.000      1.000        ---        ---        --- 

Coefficients:                   
  Intercept                           2.731      0.147      2.453      3.027    346.525      0.000    772.294 
  attention                           0.637      0.076      0.503      0.803     70.336      0.000    481.502 
  age                                 0.081      0.015      0.053      0.110     31.036      0.000  14793.946 
  study                               0.386      0.131      0.137      0.653      8.777      0.003   3025.509 
  study*attention                     0.314      0.076      0.177      0.473     17.578      0.000   1227.154 

Thresholds:                     
  Tau 1                               0.000      0.000      0.000      0.000        ---        ---        --- 
  Tau 2                               1.257      0.077      1.111      1.412        ---        ---   1190.163 
  Tau 3                               2.285      0.095      2.104      2.476        ---        ---    910.749 
  Tau 4                               3.233      0.112      3.016      3.456        ---        ---    944.132 

Standard Deviations:            
  Residual SD                         1.000      0.000      1.000      1.000        ---        ---        --- 

Standardized Coefficients:      
  attention                           0.583      0.046      0.493      0.674    158.628      0.000  11739.040 
  age                                 0.134      0.023      0.088      0.180     32.558      0.000  23257.626 
  study                               0.108      0.036      0.039      0.180      9.167      0.002   2977.574 
  study*attention                     0.270      0.055      0.161      0.374     24.247      0.000   9376.038 

Proportion Variance Explained   
  by Coefficients                     0.684      0.021      0.641      0.723        ---        ---   1809.071 
  by Residual Variation               0.316      0.021      0.277      0.359        ---        ---   1809.071 

                                ------------------------------------------------------------------------------



Outcome Variable:  attent4    

Parameters                         Estimate     StdDev       2.5%      97.5%      ChiSq     PValue      N_Eff 
                                ------------------------------------------------------------------------------
Variances:                      
  Residual Var.                       1.000      0.000      1.000      1.000        ---        ---        --- 

Coefficients:                   
  Intercept                           3.069      0.197      2.699      3.475    242.763      0.000    590.246 
  attention                           1.208      0.116      1.006      1.458    109.713      0.000    317.248 

Thresholds:                     
  Tau 1                               0.000      0.000      0.000      0.000        ---        ---        --- 
  Tau 2                               1.527      0.088      1.361      1.708        ---        ---   1245.700 
  Tau 3                               2.826      0.124      2.589      3.077        ---        ---    880.854 
  Tau 4                               3.792      0.151      3.506      4.105        ---        ---    857.157 

Standard Deviations:            
  Residual SD                         1.000      0.000      1.000      1.000        ---        ---        --- 

Standardized Coefficients:      
  attention                           0.891      0.008      0.873      0.907  11059.464      0.000   1148.275 

Proportion Variance Explained   
  by Coefficients                     0.794      0.015      0.763      0.822        ---        ---   1147.070 
  by Residual Variation               0.206      0.015      0.178      0.237        ---        ---   1147.070 

                                ------------------------------------------------------------------------------



Outcome Variable:  attent5    

Parameters                         Estimate     StdDev       2.5%      97.5%      ChiSq     PValue      N_Eff 
                                ------------------------------------------------------------------------------
Variances:                      
  Residual Var.                       1.000      0.000      1.000      1.000        ---        ---        --- 

Coefficients:                   
  Intercept                           3.087      0.201      2.716      3.507    236.984      0.000    532.591 
  attention                           1.195      0.118      0.998      1.453    104.399      0.000    303.996 

Thresholds:                     
  Tau 1                               0.000      0.000      0.000      0.000        ---        ---        --- 
  Tau 2                               1.500      0.088      1.335      1.682        ---        ---   1143.979 
  Tau 3                               2.793      0.125      2.556      3.047        ---        ---    844.384 
  Tau 4                               3.849      0.156      3.557      4.167        ---        ---    800.663 

Standard Deviations:            
  Residual SD                         1.000      0.000      1.000      1.000        ---        ---        --- 

Standardized Coefficients:      
  attention                           0.889      0.009      0.871      0.905  10105.484      0.000   1025.803 

Proportion Variance Explained   
  by Coefficients                     0.791      0.016      0.758      0.820        ---        ---   1025.230 
  by Residual Variation               0.209      0.016      0.180      0.242        ---        ---   1025.230 

                                ------------------------------------------------------------------------------



Outcome Variable:  attent6    

Parameters                         Estimate     StdDev       2.5%      97.5%      ChiSq     PValue      N_Eff 
                                ------------------------------------------------------------------------------
Variances:                      
  Residual Var.                       1.000      0.000      1.000      1.000        ---        ---        --- 

Coefficients:                   
  Intercept                           2.940      0.158      2.637      3.254    347.406      0.000    757.155 
  attention                           0.932      0.091      0.776      1.133    106.510      0.000    312.973 

Thresholds:                     
  Tau 1                               0.000      0.000      0.000      0.000        ---        ---        --- 
  Tau 2                               1.333      0.076      1.186      1.484        ---        ---   1329.608 
  Tau 3                               2.321      0.097      2.134      2.511        ---        ---   1057.682 
  Tau 4                               3.231      0.116      3.006      3.457        ---        ---   1027.933 

Standard Deviations:            
  Residual SD                         1.000      0.000      1.000      1.000        ---        ---        --- 

Standardized Coefficients:      
  attention                           0.835      0.012      0.810      0.856   5016.195      0.000   1789.249 

Proportion Variance Explained   
  by Coefficients                     0.697      0.020      0.656      0.733        ---        ---   1786.860 
  by Residual Variation               0.303      0.020      0.267      0.344        ---        ---   1786.860 

                                ------------------------------------------------------------------------------



Outcome Variable:  attent7    

Grand Mean Centered: age


Parameters                         Estimate     StdDev       2.5%      97.5%      ChiSq     PValue      N_Eff 
                                ------------------------------------------------------------------------------
Variances:                      
  Residual Var.                       1.000      0.000      1.000      1.000        ---        ---        --- 

Coefficients:                   
  Intercept                           2.742      0.177      2.408      3.101    240.979      0.000   1444.854 
  attention                           0.789      0.098      0.615      1.000     65.093      0.000    582.303 
  study                               0.565      0.139      0.299      0.846     16.553      0.000   3963.265 
  age                                 0.055      0.024      0.009      0.103      5.430      0.020   4668.909 
  male                                0.258      0.134      0.002      0.527      3.742      0.053   5964.709 
  study*attention                     0.146      0.079     -0.002      0.308      3.547      0.060   2349.063 
  age*attention                       0.037      0.013      0.012      0.064      7.699      0.006   2710.958 
  male*attention                      0.209      0.077      0.065      0.368      7.525      0.006   2373.926 

Thresholds:                     
  Tau 1                               0.000      0.000      0.000      0.000        ---        ---        --- 
  Tau 2                               1.331      0.077      1.184      1.483        ---        ---   1487.199 
  Tau 3                               2.367      0.097      2.182      2.563        ---        ---   1118.625 
  Tau 4                               3.373      0.117      3.151      3.609        ---        ---   1061.527 

Standard Deviations:            
  Residual SD                         1.000      0.000      1.000      1.000        ---        ---        --- 

Standardized Coefficients:      
  attention                           0.650      0.060      0.534      0.769    118.105      0.000   8418.704 
  study                               0.142      0.034      0.077      0.209     17.843      0.000   4257.207 
  age                                 0.082      0.035      0.014      0.150      5.591      0.018   4896.347 
  male                                0.062      0.032      0.000      0.127      3.764      0.052   5961.647 
  study*attention                     0.113      0.057     -0.001      0.222      3.905      0.048   5973.592 
  age*attention                       0.110      0.037      0.036      0.182      8.623      0.003   5272.282 
  male*attention                      0.143      0.049      0.045      0.238      8.405      0.004   6798.599 

Proportion Variance Explained   
  by Coefficients                     0.744      0.018      0.706      0.777        ---        ---   1494.886 
  by Residual Variation               0.256      0.018      0.223      0.294        ---        ---   1494.886 

                                ------------------------------------------------------------------------------



Outcome Variable:  attent8    

Grand Mean Centered: age


Parameters                         Estimate     StdDev       2.5%      97.5%      ChiSq     PValue      N_Eff 
                                ------------------------------------------------------------------------------
Variances:                      
  Residual Var.                       1.000      0.000      1.000      1.000        ---        ---        --- 

Coefficients:                   
  Intercept                           2.549      0.154      2.261      2.864    276.135      0.000    922.223 
  attention                           0.778      0.089      0.624      0.969     78.211      0.000    441.714 
  age                                 0.065      0.015      0.036      0.093     19.766      0.000  19795.921 
  study                              -0.289      0.126     -0.529     -0.036      5.191      0.023   3840.224 
  study*attention                     0.206      0.075      0.068      0.362      7.807      0.005   2196.312 

Thresholds:                     
  Tau 1                               0.000      0.000      0.000      0.000        ---        ---        --- 
  Tau 2                               1.208      0.071      1.072      1.353        ---        ---   1829.160 
  Tau 3                               2.176      0.091      2.001      2.360        ---        ---   1335.255 
  Tau 4                               3.309      0.117      3.084      3.542        ---        ---   1182.016 

Standard Deviations:            
  Residual SD                         1.000      0.000      1.000      1.000        ---        ---        --- 

Standardized Coefficients:      
  attention                           0.685      0.048      0.592      0.779    205.193      0.000   9608.535 
  age                                 0.102      0.023      0.058      0.147     20.171      0.000  22035.786 
  study                              -0.078      0.034     -0.142     -0.010      5.190      0.023   3953.312 
  study*attention                     0.170      0.056      0.058      0.279      9.114      0.003   9778.813 

Proportion Variance Explained   
  by Coefficients                     0.707      0.018      0.669      0.742        ---        ---   2001.995 
  by Residual Variation               0.293      0.018      0.258      0.331        ---        ---   2001.995 

                                ------------------------------------------------------------------------------



Outcome Variable:  attent9    

Parameters                         Estimate     StdDev       2.5%      97.5%      ChiSq     PValue      N_Eff 
                                ------------------------------------------------------------------------------
Variances:                      
  Residual Var.                       1.000      0.000      1.000      1.000        ---        ---        --- 

Coefficients:                   
  Intercept                           2.992      0.168      2.680      3.340    317.767      0.000    823.315 
  attention                           0.883      0.098      0.711      1.095     82.858      0.000    383.325 
  study                               0.304      0.136      0.046      0.580      5.061      0.024   4515.026 
  study*attention                     0.188      0.078      0.042      0.350      5.914      0.015   2351.250 

Thresholds:                     
  Tau 1                               0.000      0.000      0.000      0.000        ---        ---        --- 
  Tau 2                               1.144      0.076      0.999      1.297        ---        ---   1516.436 
  Tau 3                               2.391      0.101      2.202      2.598        ---        ---   1013.922 
  Tau 4                               3.425      0.121      3.198      3.671        ---        ---    957.460 

Standard Deviations:            
  Residual SD                         1.000      0.000      1.000      1.000        ---        ---        --- 

Standardized Coefficients:      
  attention                           0.735      0.046      0.645      0.827    250.225      0.000   8815.467 
  study                               0.078      0.034      0.012      0.145      5.219      0.022   4695.154 
  study*attention                     0.147      0.056      0.034      0.255      6.788      0.009   7858.342 

Proportion Variance Explained   
  by Coefficients                     0.738      0.018      0.701      0.773        ---        ---   1213.751 
  by Residual Variation               0.262      0.018      0.227      0.299        ---        ---   1213.751 

                                ------------------------------------------------------------------------------



Outcome Variable:  study      

Parameters                         Estimate     StdDev       2.5%      97.5%      ChiSq     PValue      N_Eff 
                                ------------------------------------------------------------------------------
Variances:                      
  Residual Var.                       1.000      0.000      1.000      1.000        ---        ---        --- 

Coefficients:                   
  Intercept                           0.135      0.041      0.055      0.215     10.846      0.001  47110.267 

Thresholds:                     
  Tau 1                               0.000      0.000      0.000      0.000        ---        ---        --- 

Standard Deviations:            
  Residual SD                         1.000      0.000      1.000      1.000        ---        ---        --- 

Proportion Variance Explained   
  by Coefficients                     0.000      0.000      0.000      0.000        ---        ---        --- 
  by Residual Variation               1.000      0.000      1.000      1.000        ---        ---        --- 

                                ------------------------------------------------------------------------------



Covariance Matrix: attent2 attent8

Parameters                         Estimate     StdDev       2.5%      97.5%      ChiSq     PValue      N_Eff 
                                ------------------------------------------------------------------------------
Covariances:                    
  Cov(attent2,attent8)                0.232      0.044      0.143      0.315     27.670      0.000  13562.317 

Correlations:                   
  Cor(attent2,attent8)                0.232      0.044      0.143      0.315     27.670      0.000  13562.317 

                                ------------------------------------------------------------------------------



Covariance Matrix: attent7 attent9

Parameters                         Estimate     StdDev       2.5%      97.5%      ChiSq     PValue      N_Eff 
                                ------------------------------------------------------------------------------
Covariances:                    
  Cov(attent7,attent9)                0.286      0.044      0.197      0.367     42.441      0.000  13001.849 

Correlations:                   
  Cor(attent7,attent9)                0.286      0.044      0.197      0.367     42.441      0.000  13001.849 

                                ------------------------------------------------------------------------------




PREDICTOR MODEL ESTIMATES:

  Summaries based on 100000 iterations using 4 chains.
  NOTE: Estimate column based on posterior median.



Missing predictor:  alphaeeg   

Parameters                         Estimate     StdDev       2.5%      97.5%      ChiSq     PValue      N_Eff 
                                ------------------------------------------------------------------------------

Grand Mean                           -0.978      0.083     -1.140     -0.814    138.070      0.000   8985.428 

Level 1:                                                                                                      
  male                                0.327      0.104      0.120      0.529      9.765      0.002  15011.629 
  Residual Var.                       3.970      0.236      3.541      4.466        ---        ---  20947.911 
                                                                                                              
                                ------------------------------------------------------------------------------



Missing predictor:  male       

Parameters                         Estimate     StdDev       2.5%      97.5%      ChiSq     PValue      N_Eff 
                                ------------------------------------------------------------------------------

Grand Mean                            0.377      0.044      0.291      0.464     73.713      0.000  30377.909 

Level 1:                                                                                                      
  alphaeeg                            0.082      0.027      0.029      0.135      9.252      0.002  13719.515 
  Residual Var.                       1.000      0.000      1.000      1.000        ---        ---        --- 
Thresholds:                                                                                                   
  Tau 1                               0.000      0.000      0.000      0.000        ---        ---        --- 
                                                                                                              
                                ------------------------------------------------------------------------------



Means Model:        age        

    NOTE: This model is used to estimate the grand mean and latent group means needed 
          to center outcome variables that appear as predictors in other models.

Parameters                         Estimate     StdDev       2.5%      97.5%      ChiSq     PValue      N_Eff 
                                ------------------------------------------------------------------------------

Grand Mean                           10.135      0.099      9.944     10.329  10509.749      0.000  16719.388 

Level 1:                                                                                                      
  Residual Var.                       8.593      0.412      7.832      9.453        ---        ---  73962.891 
                                                                                                              
                                ------------------------------------------------------------------------------


pdf 
  2 
pdf 
  2 
